Stn Id,Stn Name,CIMIS Region,Date,Jul,ETo (in),qc,Precip (in),qc,Sol Rad (Ly/day),qc,Avg Vap Pres (mBars),qc,Max Air Temp (F),qc,Min Air Temp (F),qc,Avg Air Temp (F),qc,Max Rel Hum (%),qc,Min Rel Hum (%),qc,Avg Rel Hum (%),qc,Dew Point (F),qc,Avg Wind Speed (mph),qc,Wind Run (miles),qc,Avg Soil Temp (F),qc
6,Davis,Sacramento Valley,10/1/2014,274,0.28, ,0.00, ,483,R,7.8, ,84.2, ,55.0, ,71.3, ,46, ,19, ,30, ,38.1, ,12.2,Y,293.0,Y,67.7, 
6,Davis,Sacramento Valley,10/2/2014,275,0.18, ,0.00, ,469, ,8.3, ,87.9, ,50.5, ,69.0, ,55, ,19, ,34, ,39.6, ,3.7, ,88.7, ,67.0, 
6,Davis,Sacramento Valley,10/3/2014,276,0.18, ,0.00, ,463, ,8.2, ,93.8, ,52.1, ,71.8, ,52, ,12, ,31, ,39.4, ,3.3, ,78.8, ,67.0, 
6,Davis,Sacramento Valley,10/4/2014,277,0.17, ,0.00, ,457, ,9.7, ,96.0, ,55.6, ,73.0, ,55, ,15, ,35, ,43.6, ,2.9, ,69.7, ,67.1, 
6,Davis,Sacramento Valley,10/5/2014,278,0.17, ,0.00, ,443, ,11.0, ,96.9, ,55.4, ,74.2, ,63, ,18, ,38, ,47.1, ,2.9, ,68.6, ,67.5, 
6,Davis,Sacramento Valley,10/6/2014,279,0.16, ,0.00, ,437, ,11.7, ,96.4, ,50.9, ,73.0, ,74, ,19, ,42, ,48.7, ,2.7, ,65.4, ,67.7, 
6,Davis,Sacramento Valley,10/7/2014,280,0.17, ,0.00, ,441, ,11.4, ,95.5, ,54.4, ,72.6, ,75, ,19, ,42, ,48.0, ,3.0, ,72.3, ,67.8, 
6,Davis,Sacramento Valley,10/8/2014,281,0.18, ,0.00, ,426, ,9.7, ,94.7, ,53.2, ,73.8, ,66, ,14, ,34, ,43.8, ,4.0, ,95.2, ,67.6, 
6,Davis,Sacramento Valley,10/9/2014,282,0.16, ,0.00, ,420, ,11.4, ,87.1, ,51.1, ,69.6, ,77, ,23, ,46, ,48.0, ,3.7, ,89.9, ,67.5, 
6,Davis,Sacramento Valley,10/10/2014,283,0.14, ,0.00, ,384, ,13.0, ,85.1, ,57.7, ,73.9, ,81, ,30, ,46, ,51.6, ,3.9, ,94.2, ,68.2, 
6,Davis,Sacramento Valley,10/11/2014,284,0.14, ,0.00, ,400, ,11.7, ,89.9, ,50.2, ,68.3, ,85, ,23, ,50, ,48.8, ,2.6, ,63.4, ,67.7, 
6,Davis,Sacramento Valley,10/12/2014,285,0.32, ,0.00, ,428, ,5.7, ,89.4, ,59.5, ,75.7,Y,40, ,9, ,19,Y,30.1,Y,13.1,Y,313.9,Y,67.4, 
6,Davis,Sacramento Valley,10/13/2014,286,0.18, ,0.00, ,406, ,7.5, ,89.2, ,49.3, ,70.3, ,51, ,16, ,30, ,37.2, ,4.9, ,117.7, ,66.7, 
6,Davis,Sacramento Valley,10/14/2014,287,0.13, ,0.00, ,298, ,13.3, ,73.7, ,56.6, ,65.2, ,78, ,47, ,62, ,52.1, ,9.3, ,223.4, ,66.6, 
6,Davis,Sacramento Valley,10/15/2014,288,0.06, ,0.08, ,204, ,15.0, ,71.1, ,56.1, ,63.4, ,91, ,52, ,75, ,55.5, ,4.4, ,106.8, ,66.3, 
6,Davis,Sacramento Valley,10/16/2014,289,0.11, ,0.00, ,322, ,11.5, ,75.2, ,48.4, ,61.6, ,95, ,34, ,62, ,48.3, ,3.7, ,89.9, ,65.9, 
6,Davis,Sacramento Valley,10/17/2014,290,0.11, ,0.00, ,305, ,11.7, ,75.2, ,50.4, ,62.2, ,84, ,43, ,61, ,48.8, ,4.1, ,97.4, ,65.3, 
6,Davis,Sacramento Valley,10/18/2014,291,0.13, ,0.00, ,376, ,13.1, ,80.9, ,50.6, ,65.4, ,85, ,37, ,61, ,51.7, ,4.3, ,103.3, ,65.3, 
6,Davis,Sacramento Valley,10/19/2014,292,0.12, ,0.00, ,365, ,15.0, ,80.9, ,53.9, ,66.3, ,94, ,39, ,68, ,55.5, ,4.6, ,110.3, ,66.1, 
6,Davis,Sacramento Valley,10/20/2014,293,0.09, ,0.00, ,244, ,13.1, ,73.1, ,53.6, ,63.3, ,87, ,41, ,66, ,51.7, ,7.1, ,169.4, ,66.0, 
6,Davis,Sacramento Valley,10/21/2014,294,0.12, ,0.00, ,359, ,9.1, ,71.5, ,43.9, ,58.1, ,88, ,35, ,55, ,42.2, ,5.0, ,119.0, ,64.5, 
6,Davis,Sacramento Valley,10/22/2014,295,0.11, ,0.00, ,330, ,10.2, ,76.1, ,44.1, ,61.5, ,74, ,34, ,55, ,45.1, ,3.3, ,78.8, ,63.8, 
6,Davis,Sacramento Valley,10/23/2014,296,0.08, ,0.00, ,255, ,13.8, ,76.3, ,55.8, ,64.1, ,85, ,45, ,67, ,53.2, ,4.6, ,110.2, ,64.7, 
6,Davis,Sacramento Valley,10/24/2014,297,0.11, ,0.00, ,352, ,13.3, ,77.8, ,51.1, ,62.8, ,89, ,40, ,68, ,52.2, ,5.7, ,135.7, ,64.9, 
6,Davis,Sacramento Valley,10/25/2014,298,0.11, ,0.18, ,284, ,14.8, ,72.2, ,55.3, ,62.7, ,91, ,56, ,76, ,55.1, ,8.7, ,208.7, ,64.9, 
6,Davis,Sacramento Valley,10/26/2014,299,0.13, ,0.00, ,357, ,9.9, ,69.2, ,46.4, ,57.7, ,97, ,33, ,61, ,44.3, ,6.5, ,155.6, ,63.6, 
6,Davis,Sacramento Valley,10/27/2014,300,0.11, ,0.00, ,344, ,7.8, ,71.6, ,40.0, ,57.1, ,83, ,28, ,49, ,38.1, ,4.5, ,108.3, ,62.0, 
6,Davis,Sacramento Valley,10/28/2014,301,0.10, ,0.00, ,343, ,8.9, ,77.4, ,41.5, ,58.8, ,78, ,30, ,53, ,41.5, ,2.6, ,63.2, ,61.5, 
6,Davis,Sacramento Valley,10/29/2014,302,0.10, ,0.00, ,325, ,11.0, ,81.8, ,46.5, ,63.0, ,79, ,35, ,56, ,47.1, ,3.2, ,76.1, ,62.1, 
6,Davis,Sacramento Valley,10/30/2014,303,0.08, ,0.00, ,210, ,11.9, ,76.5, ,50.3, ,62.9, ,82, ,35, ,61, ,49.2, ,4.4, ,105.7, ,62.5, 
6,Davis,Sacramento Valley,10/31/2014,304,0.01, ,0.57, ,45, ,15.1, ,63.4, ,54.7, ,58.4, ,97, ,76, ,91, ,55.6, ,4.9, ,118.3, ,62.7, 
6,Davis,Sacramento Valley,11/1/2014,305,0.08, ,0.00, ,315, ,11.6, ,67.2, ,48.0, ,56.2, ,98, ,46, ,75, ,48.4, ,3.2, ,77.7, ,62.1, 
6,Davis,Sacramento Valley,11/2/2014,306,0.12, ,0.00, ,0,R,8.0, ,57.8, ,49.0, ,52.7, ,94, ,34, ,59, ,38.9, ,3.5, ,82.9, ,60.9, 
6,Davis,Sacramento Valley,11/3/2014,307,0.09, ,0.00, ,309, ,8.7, ,67.1, ,41.9, ,54.5, ,86, ,35, ,60, ,41.0, ,3.3, ,79.6, ,60.0, 
6,Davis,Sacramento Valley,11/4/2014,308,0.08, ,0.00, ,303, ,9.8, ,69.6, ,40.2, ,54.3, ,95, ,39, ,68, ,43.9, ,2.6, ,63.5, ,59.5, 
6,Davis,Sacramento Valley,11/5/2014,309,0.09, ,0.00, ,304, ,11.0, ,72.9, ,44.1, ,58.1, ,91, ,43, ,66, ,46.9, ,2.2, ,52.2, ,59.8, 
6,Davis,Sacramento Valley,11/6/2014,310,0.08, ,0.00, ,292, ,12.1, ,75.7, ,47.1, ,59.9, ,92, ,43, ,69, ,49.7, ,2.1, ,51.4, ,60.4, 
6,Davis,Sacramento Valley,11/7/2014,311,0.10, ,0.00, ,298, ,12.1, ,75.6, ,47.7, ,60.5, ,90, ,44, ,67, ,49.7, ,3.3, ,78.8, ,60.7, 
6,Davis,Sacramento Valley,11/8/2014,312,0.09, ,0.00, ,291, ,12.4, ,75.4, ,44.7, ,60.0, ,97, ,45, ,70, ,50.3, ,2.5, ,60.7, ,60.6, 
6,Davis,Sacramento Valley,11/9/2014,313,0.08, ,0.00, ,294, ,12.0, ,79.4, ,44.3, ,59.6, ,94, ,41, ,69, ,49.3, ,2.0, ,46.8, ,60.5, 
6,Davis,Sacramento Valley,11/10/2014,314,0.09, ,0.00, ,301, ,10.9, ,74.6, ,46.3, ,58.9, ,89, ,38, ,64, ,46.7, ,3.2, ,77.6, ,60.3, 
6,Davis,Sacramento Valley,11/11/2014,315,0.07, ,0.00, ,229, ,11.1, ,67.2, ,44.7, ,55.6, ,97, ,55, ,73, ,47.2, ,4.7, ,113.9, ,59.4, 
6,Davis,Sacramento Valley,11/12/2014,316,0.06, ,0.00, ,228, ,10.6, ,65.2, ,43.2, ,56.4, ,90, ,51, ,68, ,46.0, ,3.1, ,75.4, ,59.2, 
6,Davis,Sacramento Valley,11/13/2014,317,0.01, ,0.21, ,64, ,15.0, ,62.2, ,51.9, ,57.1, ,99, ,78, ,94, ,55.5, ,4.4, ,105.7, ,59.8, 
6,Davis,Sacramento Valley,11/14/2014,318,0.03, ,0.01, ,170, ,13.5, ,64.6, ,47.6, ,54.6, ,100, ,68, ,93, ,52.5, ,2.3, ,56.2, ,59.9, 
6,Davis,Sacramento Valley,11/15/2014,319,0.04, ,0.00, ,187, ,12.6, ,65.9, ,47.2, ,53.2, ,100, ,67, ,91, ,50.7, ,3.2, ,77.3, ,59.6, 
6,Davis,Sacramento Valley,11/16/2014,320,0.11, ,0.00, ,215, ,6.2, ,62.3, ,42.6, ,52.4, ,85, ,27, ,46, ,32.2, ,8.0, ,191.0, ,58.3, 
6,Davis,Sacramento Valley,11/17/2014,321,0.11, ,0.00, ,302,R,5.2, ,65.2, ,40.1, ,53.5, ,66, ,22, ,37, ,28.1, ,4.6, ,109.2, ,56.4, 
6,Davis,Sacramento Valley,11/18/2014,322,0.06, ,0.00, ,176, ,6.7, ,61.0, ,35.3, ,49.1, ,70, ,43, ,56, ,34.1, ,4.0, ,95.6, ,55.3, 
6,Davis,Sacramento Valley,11/19/2014,323,0.01, ,0.11, ,78, ,10.5, ,51.8, ,46.0, ,49.7, ,99, ,67, ,86, ,45.7, ,4.8, ,114.3, ,55.6, 
6,Davis,Sacramento Valley,11/20/2014,324,0.00, ,0.12, ,53, ,12.7, ,55.1, ,50.4, ,52.7, ,99, ,85, ,94, ,50.9, ,3.8, ,90.6, ,56.2, 
6,Davis,Sacramento Valley,11/21/2014,325,0.03, ,0.00, ,144, ,12.6, ,57.1, ,46.7, ,53.0, ,100, ,80, ,92, ,50.8, ,4.8, ,116.1, ,56.8, 
6,Davis,Sacramento Valley,11/22/2014,326,0.02, ,0.06, ,125, ,14.1, ,64.0, ,48.3, ,55.2, ,100, ,88, ,95, ,53.8, ,8.1, ,194.1, ,57.3, 
6,Davis,Sacramento Valley,11/23/2014,327,0.08, ,0.00, ,208, ,9.2, ,63.4, ,41.5, ,52.0, ,100, ,40, ,70, ,42.5, ,7.3, ,176.3, ,56.8, 
6,Davis,Sacramento Valley,11/24/2014,328,0.08, ,0.00, ,261, ,7.9, ,66.2, ,36.1, ,49.8, ,92, ,31, ,65, ,38.5, ,4.0, ,96.1, ,55.3, 
6,Davis,Sacramento Valley,11/25/2014,329,0.06, ,0.00, ,252, ,9.1, ,64.7, ,37.1, ,49.3, ,98, ,48, ,76, ,42.1, ,3.1, ,73.4, ,54.7, 
6,Davis,Sacramento Valley,11/26/2014,330,0.06, ,0.00, ,250, ,9.7, ,66.7, ,37.2, ,50.4, ,97, ,50, ,78, ,43.6, ,2.2, ,53.3, ,54.4, 
6,Davis,Sacramento Valley,11/27/2014,331,0.06, ,0.00, ,252, ,10.5, ,68.6, ,40.2, ,52.1, ,97, ,50, ,79, ,45.8, ,2.2, ,53.9, ,54.8, 
6,Davis,Sacramento Valley,11/28/2014,332,0.05, ,0.14, ,213, ,11.3, ,68.0, ,37.6, ,51.5, ,100, ,57, ,87, ,47.9, ,3.9, ,93.6, ,54.6, 
6,Davis,Sacramento Valley,11/29/2014,333,0.01, ,0.32, ,66, ,13.8, ,59.6, ,53.1,Y,55.2, ,99, ,79, ,93, ,53.2, ,4.4, ,106.2, ,55.9, 
6,Davis,Sacramento Valley,11/30/2014,334,0.00, ,0.32, ,47, ,13.5, ,55.8, ,51.5, ,53.7, ,100, ,88, ,96, ,52.5, ,4.2, ,100.9, ,56.2, 
6,Davis,Sacramento Valley,12/1/2014,335,0.04, ,0.02, ,189, ,13.8, ,63.0, ,52.1, ,55.6, ,100, ,75, ,91, ,53.1, ,6.2, ,148.9, ,56.7, 
6,Davis,Sacramento Valley,12/2/2014,336,0.00, ,0.85, ,49, ,14.1, ,56.6, ,52.6, ,54.8, ,99, ,90, ,96, ,53.8, ,5.7, ,136.5, ,56.8, 
6,Davis,Sacramento Valley,12/3/2014,337,0.02, ,2.17, ,85, ,16.3,Y,64.0, ,55.9,Y,58.9,Y,100, ,84, ,96,Y,57.7,Y,8.2, ,196.4, ,57.3, 
6,Davis,Sacramento Valley,12/4/2014,338,0.05, ,0.01, ,209, ,15.9,Y,68.2, ,53.9, ,59.8,Y,100, ,70, ,90,Y,57.0,Y,4.2, ,99.8, ,58.3, 
6,Davis,Sacramento Valley,12/5/2014,339,0.01, ,0.16, ,87, ,16.0,Y,65.1, ,54.1, ,58.8,Y,100, ,82, ,94,Y,57.2,Y,5.0, ,121.2, ,58.5, 
6,Davis,Sacramento Valley,12/6/2014,340,0.05, ,0.09, ,195, ,15.9,Y,68.1, ,53.4, ,59.9,Y,100, ,69, ,91,Y,57.1,Y,3.6, ,85.9, ,59.2,Y
6,Davis,Sacramento Valley,12/7/2014,341,0.03, ,0.00, ,133, ,14.1, ,61.0, ,51.6, ,55.7, ,100, ,83, ,93, ,53.8, ,3.7, ,88.6, ,58.9,Y
6,Davis,Sacramento Valley,12/8/2014,342,0.01, ,0.00, ,87, ,14.8, ,58.7, ,51.8, ,55.3, ,100, ,95, ,99, ,55.1, ,3.1, ,73.2, ,58.7,Y
6,Davis,Sacramento Valley,12/9/2014,343,0.01, ,0.00, ,75, ,14.8,Y,59.0, ,52.1, ,55.2, ,100, ,94, ,99,Y,55.0,Y,2.2, ,53.3, ,58.6,Y
6,Davis,Sacramento Valley,12/10/2014,344,0.00, ,0.00, ,32, ,13.7, ,55.9, ,51.7, ,53.6, ,100, ,94, ,98, ,53.0, ,6.1, ,146.5, ,58.2, 
6,Davis,Sacramento Valley,12/11/2014,345,0.01, ,2.50, ,14, ,13.5, ,61.0, ,48.9, ,54.2, ,100, ,79, ,94, ,52.5, ,9.1, ,218.7, ,57.2, 
6,Davis,Sacramento Valley,12/12/2014,346,0.01, ,0.35, ,95, ,11.5, ,52.1, ,45.3, ,49.4, ,100, ,84, ,96, ,48.2, ,4.0, ,95.2, ,55.9, 
6,Davis,Sacramento Valley,12/13/2014,347,0.03, ,0.00, ,129, ,11.0, ,56.5, ,44.1, ,48.9, ,100, ,75, ,94, ,47.1, ,3.5, ,83.8, ,55.3, 
6,Davis,Sacramento Valley,12/14/2014,348,0.01, ,0.00, ,65, ,10.7, ,51.4, ,43.8, ,47.6, ,100, ,82, ,96, ,46.4, ,3.0, ,72.1, ,54.8, 
6,Davis,Sacramento Valley,12/15/2014,349,0.00, ,0.86, ,29, ,11.2, ,51.2, ,47.3, ,49.2, ,100, ,84, ,94, ,47.6, ,5.1, ,121.8, ,54.4, 
6,Davis,Sacramento Valley,12/16/2014,350,0.04, ,0.33, ,168, ,12.0, ,59.8, ,48.1, ,52.3, ,98, ,73, ,90, ,49.4, ,6.7, ,159.7, ,54.3, 
6,Davis,Sacramento Valley,12/17/2014,351,0.02, ,0.20, ,107, ,11.9, ,58.6, ,46.9, ,51.5, ,100, ,75, ,92, ,49.1, ,6.4, ,154.5, ,54.5, 
6,Davis,Sacramento Valley,12/18/2014,352,0.03, ,0.00, ,136, ,12.3, ,57.5, ,49.4, ,52.1, ,99, ,81, ,92, ,49.9, ,3.0, ,71.9, ,54.8, 
6,Davis,Sacramento Valley,12/19/2014,353,0.00, ,0.73, ,25, ,12.7, ,52.4, ,50.5, ,51.6, ,100, ,91, ,98, ,50.9, ,5.4, ,129.7, ,54.8, 
6,Davis,Sacramento Valley,12/20/2014,354,0.00, ,0.00, ,50, ,14.1,Y,56.2, ,52.1,Y,54.2, ,100, ,95, ,98,Y,53.7,Y,5.4, ,130.4, ,54.9, 
6,Davis,Sacramento Valley,12/21/2014,355,0.05, ,0.00, ,198, ,16.3,R,66.9, ,54.9,Y,59.6,Y,100, ,78, ,,R,,I,4.7, ,112.5, ,56.1,Y
6,Davis,Sacramento Valley,12/22/2014,356,0.03, ,0.00, ,157, ,14.7,Y,64.6, ,50.4,Y,56.9,Y,100, ,77, ,93,Y,54.9,Y,4.7, ,114.0, ,57.1,Y
6,Davis,Sacramento Valley,12/23/2014,357,0.04, ,0.01, ,193, ,12.4, ,65.6, ,44.1, ,52.0, ,100, ,64, ,94, ,50.2, ,2.6, ,62.7, ,56.6,Y
6,Davis,Sacramento Valley,12/24/2014,358,0.03, ,0.01, ,86, ,11.0, ,60.8, ,47.4, ,52.0, ,100, ,59, ,83, ,47.2, ,7.2, ,172.3, ,56.1,Y
6,Davis,Sacramento Valley,12/25/2014,359,0.09, ,0.00, ,238, ,6.6, ,56.1, ,40.7, ,48.1, ,77, ,41, ,58, ,33.8, ,10.2, ,243.8, ,54.4, 
6,Davis,Sacramento Valley,12/26/2014,360,0.10, ,0.00, ,242, ,6.3, ,55.6, ,41.4, ,47.6, ,68, ,42, ,56, ,32.9, ,12.2, ,293.4, ,52.7, 
6,Davis,Sacramento Valley,12/27/2014,361,0.04, ,0.00, ,224, ,7.3, ,53.2, ,32.9, ,42.3, ,95, ,60, ,80, ,36.5, ,2.6, ,61.9, ,51.6, 
6,Davis,Sacramento Valley,12/28/2014,362,0.05, ,0.00, ,232, ,7.7, ,57.6, ,33.9, ,43.9, ,96, ,55, ,78, ,37.6, ,2.1, ,50.6, ,51.0, 
6,Davis,Sacramento Valley,12/29/2014,363,0.01, ,0.00, ,94, ,8.7, ,48.9, ,36.1, ,43.0, ,99, ,79, ,93, ,41.0, ,3.0, ,71.7, ,50.8, 
6,Davis,Sacramento Valley,12/30/2014,364,0.13, ,0.00, ,241, ,4.6, ,53.6, ,38.7, ,44.0, ,96, ,23, ,47, ,25.2, ,16.5,R,396.8,R,50.0, 
6,Davis,Sacramento Valley,12/31/2014,365,0.15, ,0.00, ,245, ,3.3, ,54.3, ,37.2, ,44.9, ,46, ,23, ,33, ,17.4, ,15.4,R,370.2,R,48.5, 
6,Davis,Sacramento Valley,1/1/2015,001,0.04, ,0.00, ,237, ,5.9, ,51.7, ,29.8, ,39.1, ,93, ,46, ,72, ,31.0, ,2.8, ,68.0, ,48.1, 
6,Davis,Sacramento Valley,1/2/2015,002,0.05, ,0.00, ,236, ,6.0, ,52.4, ,27.8, ,38.2, ,91, ,49, ,77, ,31.7, ,2.9, ,68.4, ,47.3, 
6,Davis,Sacramento Valley,1/3/2015,003,0.04, ,0.00, ,231, ,6.4, ,54.2, ,27.8, ,39.3, ,97, ,51, ,79, ,33.2, ,2.3, ,55.4, ,47.0, 
6,Davis,Sacramento Valley,1/4/2015,004,0.04, ,0.00, ,188, ,7.4, ,55.1, ,32.7, ,42.2, ,94, ,58, ,81, ,36.8, ,3.2, ,77.8, ,47.0, 
6,Davis,Sacramento Valley,1/5/2015,005,0.04, ,0.00, ,281,R,8.5, ,59.4, ,37.6, ,48.5, ,97, ,56, ,73, ,40.3, ,2.5, ,60.1, ,47.3, 
6,Davis,Sacramento Valley,1/6/2015,006,0.06, ,0.00, ,243, ,8.8, ,62.8, ,35.2, ,46.5, ,98, ,50, ,82, ,41.3, ,3.6, ,85.7, ,47.6, 
6,Davis,Sacramento Valley,1/7/2015,007,0.06, ,0.00, ,248, ,9.2, ,66.1, ,35.1, ,48.1, ,97, ,51, ,80, ,42.4, ,2.7, ,64.2, ,48.0, 
6,Davis,Sacramento Valley,1/8/2015,008,0.04, ,0.00, ,189, ,9.7, ,61.7, ,35.5, ,47.1, ,100, ,65, ,88, ,43.8, ,2.8, ,67.6, ,48.3, 
6,Davis,Sacramento Valley,1/9/2015,009,0.02, ,0.00, ,99, ,10.4, ,57.1, ,40.2, ,49.0, ,98, ,74, ,88, ,45.6, ,2.2, ,52.7, ,48.9, 
6,Davis,Sacramento Valley,1/10/2015,010,0.04, ,0.00, ,196, ,11.3, ,62.1, ,42.6, ,51.0, ,100, ,68, ,89, ,47.8, ,2.2, ,52.1, ,49.8, 
6,Davis,Sacramento Valley,1/11/2015,011,0.05, ,0.00, ,226, ,10.9, ,64.2, ,40.2, ,51.2, ,100, ,58, ,85, ,46.8, ,2.0, ,48.3, ,50.3, 
6,Davis,Sacramento Valley,1/12/2015,012,0.06, ,0.00, ,234, ,10.3, ,63.7, ,39.4, ,49.9, ,100, ,59, ,84, ,45.2, ,3.7, ,88.9, ,50.3, 
6,Davis,Sacramento Valley,1/13/2015,013,0.07, ,0.00, ,258, ,9.9, ,63.0, ,39.9, ,51.9, ,99, ,54, ,75, ,44.2, ,5.8, ,138.1, ,50.6, 
6,Davis,Sacramento Valley,1/14/2015,014,0.04, ,0.01, ,187, ,10.0, ,56.2, ,37.5, ,45.8, ,100, ,79, ,95, ,44.5, ,3.5, ,85.2, ,50.5, 
6,Davis,Sacramento Valley,1/15/2015,015,0.03, ,0.00, ,164, ,9.6, ,56.6, ,36.6, ,46.2, ,100, ,66, ,90, ,43.4, ,2.7, ,64.6, ,49.9, 
6,Davis,Sacramento Valley,1/16/2015,016,0.01, ,0.01, ,75, ,11.0, ,50.8, ,43.3, ,47.2, ,100, ,97, ,100, ,47.1, ,6.2, ,149.7, ,50.3, 
6,Davis,Sacramento Valley,1/17/2015,017,0.01, ,0.00, ,100, ,11.5, ,54.0, ,41.2, ,48.7, ,100, ,90, ,98, ,48.2, ,3.3, ,79.1, ,50.5, 
6,Davis,Sacramento Valley,1/18/2015,018,0.00, ,0.00, ,65, ,12.2, ,51.7, ,47.9, ,49.9, ,100, ,99, ,100, ,49.9, ,4.9, ,116.7, ,51.2, 
6,Davis,Sacramento Valley,1/19/2015,019,0.05, ,0.00, ,204, ,12.2, ,61.6, ,44.1, ,52.2, ,100, ,60, ,91, ,49.7, ,3.9, ,92.5, ,52.1, 
6,Davis,Sacramento Valley,1/20/2015,020,0.05, ,0.00, ,255, ,10.1, ,56.6, ,39.0, ,47.0, ,100, ,66, ,92, ,44.8, ,3.2, ,76.3, ,52.0, 
6,Davis,Sacramento Valley,1/21/2015,021,0.04, ,0.01, ,225, ,9.4, ,56.4, ,37.2, ,44.7, ,100, ,70, ,93, ,42.9, ,3.1, ,75.6, ,51.2, 
6,Davis,Sacramento Valley,1/22/2015,022,0.04, ,0.00, ,188, ,9.6, ,54.0, ,37.3, ,45.0, ,100, ,78, ,95, ,43.5, ,3.2, ,76.3, ,50.7, 
6,Davis,Sacramento Valley,1/23/2015,023,0.05, ,0.01, ,238, ,9.3, ,59.3, ,35.2, ,44.6, ,100, ,66, ,93, ,42.7, ,3.3, ,79.8, ,50.2, 
6,Davis,Sacramento Valley,1/24/2015,024,0.05, ,0.00, ,227, ,10.1, ,54.6, ,42.9, ,46.4, ,100, ,76, ,94, ,44.9, ,4.1, ,98.8, ,50.8, 
6,Davis,Sacramento Valley,1/25/2015,025,0.04, ,0.00, ,205, ,9.9, ,59.7, ,41.2, ,46.2, ,100, ,70, ,93, ,44.3, ,3.5, ,83.6, ,51.1, 
6,Davis,Sacramento Valley,1/26/2015,026,0.06, ,0.00, ,229, ,10.2, ,70.6,Y,36.8, ,49.5, ,100, ,51, ,85, ,45.1, ,4.5, ,107.5, ,51.0, 
6,Davis,Sacramento Valley,1/27/2015,027,0.03, ,0.00, ,113, ,12.2, ,61.0, ,46.2, ,52.9, ,100, ,75, ,89, ,49.8, ,4.2, ,99.8, ,51.6, 
6,Davis,Sacramento Valley,1/28/2015,028,0.08, ,0.00, ,378,R,11.5, ,69.3, ,49.4, ,59.6,Y,99, ,47, ,66,Y,48.3,Y,5.1, ,123.4, ,52.4, 
6,Davis,Sacramento Valley,1/29/2015,029,0.07, ,0.00, ,294, ,10.7, ,69.4, ,40.7, ,52.7, ,100, ,48, ,78, ,46.2, ,2.8, ,66.4, ,52.4, 
6,Davis,Sacramento Valley,1/30/2015,030,0.11, ,0.00, ,303, ,9.4, ,70.8,Y,40.6, ,55.4, ,100, ,41, ,63, ,43.0, ,6.3, ,150.3, ,52.2, 
6,Davis,Sacramento Valley,1/31/2015,031,0.16, ,0.00, ,325, ,6.7, ,72.3,Y,46.8, ,58.6,Y,89, ,24, ,40,Y,34.3,Y,9.2, ,221.7, ,52.4, 
6,Davis,Sacramento Valley,2/1/2015,032,0.06, ,0.00, ,273, ,10.2, ,65.4, ,36.7, ,49.6, ,100, ,58, ,84, ,45.0, ,2.7, ,65.0, ,52.0, 
6,Davis,Sacramento Valley,2/2/2015,033,0.06, ,0.00, ,237, ,10.6, ,64.9, ,40.9, ,52.5, ,97, ,55, ,79, ,46.1, ,3.1, ,75.3, ,52.0, 
6,Davis,Sacramento Valley,2/3/2015,034,0.06, ,0.00, ,260, ,11.8, ,67.7, ,44.1, ,54.6, ,100, ,52, ,81, ,48.9, ,2.6, ,61.6, ,52.6, 
6,Davis,Sacramento Valley,2/4/2015,035,0.05, ,0.00, ,228, ,12.1, ,65.6, ,42.7, ,53.2, ,100, ,65, ,87, ,49.6, ,2.7, ,65.3, ,52.8, 
6,Davis,Sacramento Valley,2/5/2015,036,0.02, ,0.00, ,105, ,12.2, ,58.5, ,46.8, ,53.3, ,97, ,77, ,88, ,49.8, ,5.2, ,124.0, ,53.0, 
6,Davis,Sacramento Valley,2/6/2015,037,0.01, ,1.60, ,28, ,13.7, ,60.9, ,52.4, ,56.9, ,98, ,67, ,87, ,53.0, ,9.8, ,234.8, ,53.4, 
6,Davis,Sacramento Valley,2/7/2015,038,0.04, ,0.08, ,190, ,16.4,Y,65.4, ,55.7,Y,59.5,Y,100, ,85, ,95,Y,58.0,Y,6.5, ,157.0, ,55.0, 
6,Davis,Sacramento Valley,2/8/2015,039,0.02, ,0.94, ,67, ,15.9,Y,62.8, ,53.6, ,59.3, ,100, ,78, ,92,Y,57.1,Y,8.6, ,205.7, ,56.0, 
6,Davis,Sacramento Valley,2/9/2015,040,0.09, ,0.00, ,322, ,13.2, ,66.0, ,48.5, ,58.1, ,94, ,62, ,80, ,51.8, ,7.9, ,190.6, ,56.4, 
6,Davis,Sacramento Valley,2/10/2015,041,0.09, ,0.00, ,312, ,9.8, ,62.3, ,44.2, ,52.1, ,95, ,56, ,74, ,44.1, ,5.8, ,140.2, ,55.4, 
6,Davis,Sacramento Valley,2/11/2015,042,0.07, ,0.00, ,299, ,10.6, ,64.7, ,39.5, ,51.6, ,100, ,56, ,81, ,46.0, ,2.5, ,60.6, ,54.3, 
6,Davis,Sacramento Valley,2/12/2015,043,0.10, ,0.00, ,349, ,11.7, ,71.1, ,41.9, ,55.5, ,96, ,49, ,77, ,48.6, ,3.7, ,88.2, ,54.3, 
6,Davis,Sacramento Valley,2/13/2015,044,0.09, ,0.00, ,353, ,12.7, ,71.5, ,42.9, ,56.6, ,100, ,58, ,81, ,50.9, ,2.6, ,62.8, ,54.6, 
6,Davis,Sacramento Valley,2/14/2015,045,0.10, ,0.00, ,370, ,12.1, ,71.6, ,44.4, ,57.3, ,99, ,49, ,75, ,49.5, ,3.4, ,82.2, ,55.1, 
6,Davis,Sacramento Valley,2/15/2015,046,0.09, ,0.00, ,350, ,11.7, ,71.5, ,40.8, ,55.5, ,96, ,50, ,78, ,48.6, ,3.1, ,75.3, ,54.8, 
6,Davis,Sacramento Valley,2/16/2015,047,0.10, ,0.00, ,364, ,12.0, ,72.0, ,43.0, ,56.4, ,100, ,48, ,78, ,49.5, ,3.9, ,92.8, ,54.8, 
6,Davis,Sacramento Valley,2/17/2015,048,0.09, ,0.00, ,371, ,12.0, ,67.4, ,41.4, ,53.5, ,100, ,64, ,86, ,49.3, ,2.9, ,70.1, ,54.8, 
6,Davis,Sacramento Valley,2/18/2015,049,0.05, ,0.01, ,254, ,12.4, ,63.4, ,43.3, ,51.1, ,100, ,77, ,97, ,50.2, ,2.5, ,59.4, ,54.8, 
6,Davis,Sacramento Valley,2/19/2015,050,0.02, ,0.01, ,143, ,13.3, ,59.2, ,48.3, ,52.4, ,100, ,89, ,99, ,52.1, ,3.3, ,79.9, ,54.9, 
6,Davis,Sacramento Valley,2/20/2015,051,0.10, ,0.00, ,371, ,12.8, ,69.9, ,48.7, ,56.4, ,100, ,46, ,83, ,51.2, ,5.5, ,132.8, ,55.5, 
6,Davis,Sacramento Valley,2/21/2015,052,0.09, ,0.00,H,359,H,11.9,H,63.5, ,46.6, ,53.5,H,100,H,58,H,85, ,49.2, ,4.0,H,95.6,H,55.9,H
6,Davis,Sacramento Valley,2/22/2015,053,0.21, ,0.00, ,400, ,6.2, ,63.3, ,45.5, ,54.8, ,99, ,29, ,42, ,32.3, ,15.2,R,364.9,R,55.0, 
6,Davis,Sacramento Valley,2/23/2015,054,0.20, ,0.00, ,408, ,4.2,Y,61.4, ,39.8, ,51.6, ,53, ,20, ,32,Y,22.7,Y,13.1,Y,314.4,Y,53.4, 
6,Davis,Sacramento Valley,2/24/2015,055,0.13, ,0.00, ,424,R,5.3, ,68.7, ,35.6, ,51.8, ,65, ,18, ,40, ,28.3, ,4.9, ,118.3, ,52.5, 
6,Davis,Sacramento Valley,2/25/2015,056,0.10, ,0.00, ,562,R,9.2, ,67.7, ,47.5, ,57.9, ,89, ,37, ,56, ,42.5, ,3.3, ,79.6, ,52.8, 
6,Davis,Sacramento Valley,2/26/2015,057,0.14, ,0.00, ,384, ,9.2, ,72.0, ,39.7, ,55.3, ,94, ,36, ,61, ,42.3, ,6.0, ,143.4, ,53.1, 
6,Davis,Sacramento Valley,2/27/2015,058,0.12, ,0.00, ,399, ,9.4, ,68.6, ,41.4, ,54.7, ,93, ,42, ,64, ,42.9, ,4.1, ,99.2, ,53.5, 
6,Davis,Sacramento Valley,2/28/2015,059,0.07, ,0.00, ,278, ,9.7, ,59.9, ,42.9, ,50.3, ,93, ,60, ,78, ,43.7, ,3.9, ,93.9, ,53.8, 
6,Davis,Sacramento Valley,3/1/2015,060,0.13, ,0.00, ,431, ,7.4, ,65.3, ,38.4, ,51.7, ,86, ,36, ,57, ,36.9, ,5.7, ,136.0, ,53.1, 
6,Davis,Sacramento Valley,3/2/2015,061,0.09, ,0.00, ,328, ,9.9, ,63.8, ,43.7, ,52.4, ,90, ,48, ,74, ,44.3, ,5.6, ,135.3, ,53.0, 
6,Davis,Sacramento Valley,3/3/2015,062,0.12, ,0.00, ,421, ,8.6, ,65.4, ,37.1, ,50.6, ,95, ,40, ,69, ,40.6, ,4.5, ,108.8, ,53.0, 
6,Davis,Sacramento Valley,3/4/2015,063,0.12, ,0.00, ,453,R,7.3, ,68.0, ,39.0, ,51.6, ,82, ,31, ,56, ,36.6, ,3.4, ,80.6, ,52.6, 
6,Davis,Sacramento Valley,3/5/2015,064,0.12, ,0.00, ,457,R,7.7, ,70.3, ,37.1, ,52.5, ,83, ,30, ,57, ,37.8, ,3.3, ,79.5, ,52.4, 
6,Davis,Sacramento Valley,3/6/2015,065,0.14, ,0.00, ,468,R,8.5, ,74.4, ,38.9, ,55.7, ,87, ,27, ,56, ,40.2, ,3.9, ,93.2, ,52.5, 
6,Davis,Sacramento Valley,3/7/2015,066,0.12, ,0.00, ,461, ,9.6, ,75.9, ,39.3, ,56.1, ,94, ,30, ,63, ,43.6, ,2.1, ,51.4, ,53.1, 
6,Davis,Sacramento Valley,3/8/2015,067,0.13, ,0.00, ,455, ,10.5, ,76.8, ,40.9, ,57.6, ,94, ,31, ,65, ,45.9, ,2.8, ,68.3, ,53.5, 
6,Davis,Sacramento Valley,3/9/2015,068,0.13, ,0.00, ,470, ,11.8, ,77.1, ,42.4, ,58.7, ,98, ,37, ,70, ,49.0, ,3.5, ,84.2, ,54.3, 
6,Davis,Sacramento Valley,3/10/2015,069,0.09, ,0.00, ,304, ,12.8, ,71.0, ,43.5, ,58.8, ,100, ,50, ,76, ,51.2, ,3.1, ,73.6, ,55.1, 
6,Davis,Sacramento Valley,3/11/2015,070,0.08, ,0.24, ,278, ,13.5, ,68.0, ,48.1, ,58.4, ,97, ,57, ,81, ,52.5, ,3.8, ,92.1, ,56.0, 
6,Davis,Sacramento Valley,3/12/2015,071,0.16, ,0.00, ,454, ,12.2, ,74.5, ,48.0, ,60.6, ,98, ,40, ,68, ,49.9, ,7.2, ,172.2, ,55.9, 
6,Davis,Sacramento Valley,3/13/2015,072,0.13, ,0.00, ,449, ,13.4, ,77.3, ,47.9, ,62.5, ,96, ,47, ,69, ,52.3, ,2.6, ,61.2, ,56.3, 
6,Davis,Sacramento Valley,3/14/2015,073,0.12, ,0.00, ,375, ,15.5,Y,80.8, ,53.5, ,66.6,Y,95, ,44, ,70,Y,56.4,Y,2.4, ,56.8, ,57.7, 
6,Davis,Sacramento Valley,3/15/2015,074,0.16, ,0.00, ,364, ,10.3, ,74.4, ,55.6,Y,64.5, ,86, ,26, ,50, ,45.3, ,7.1, ,169.8, ,58.4, 
6,Davis,Sacramento Valley,3/16/2015,075,0.07, ,0.00, ,226, ,13.2, ,66.5, ,54.4, ,60.1, ,90, ,63, ,74, ,51.8, ,5.1, ,121.4, ,57.9, 
6,Davis,Sacramento Valley,3/17/2015,076,0.14, ,0.00, ,490, ,12.7, ,74.4, ,49.4, ,61.1, ,97, ,44, ,69, ,50.9, ,2.8, ,66.4, ,58.1, 
6,Davis,Sacramento Valley,3/18/2015,077,0.18, ,0.00, ,503, ,9.6, ,75.3, ,46.1, ,60.5, ,91, ,30, ,53, ,43.4, ,5.4, ,129.9, ,57.6, 
6,Davis,Sacramento Valley,3/19/2015,078,0.16, ,0.00, ,511, ,10.3, ,83.1, ,45.7, ,61.9, ,82, ,27, ,54, ,45.2, ,3.8, ,91.0, ,57.1, 
6,Davis,Sacramento Valley,3/20/2015,079,0.11, ,0.00, ,331, ,10.7, ,71.9, ,46.5, ,58.4, ,93, ,37, ,64, ,46.4, ,3.7, ,89.8, ,57.5, 
6,Davis,Sacramento Valley,3/21/2015,080,0.15, ,0.00, ,462, ,11.1, ,73.6, ,48.1, ,61.6, ,83, ,39, ,59, ,47.3, ,4.3, ,102.6, ,57.6, 
6,Davis,Sacramento Valley,3/22/2015,081,0.17, ,0.01, ,458, ,12.1, ,70.0, ,53.8, ,61.0, ,89, ,47, ,66, ,49.6, ,8.3, ,198.6, ,58.1, 
6,Davis,Sacramento Valley,3/23/2015,082,0.14, ,0.00, ,426, ,10.2, ,67.5, ,49.3, ,58.3, ,91, ,32, ,61, ,45.0, ,5.3, ,127.8, ,58.0, 
6,Davis,Sacramento Valley,3/24/2015,083,0.14, ,0.00, ,433, ,11.3, ,70.6, ,49.6, ,59.9, ,84, ,47, ,64, ,47.7, ,4.7, ,112.2, ,58.1, 
6,Davis,Sacramento Valley,3/25/2015,084,0.19, ,0.00, ,534, ,10.7, ,77.9, ,52.2, ,63.2, ,78, ,32, ,54, ,46.3, ,6.7, ,160.7, ,58.3, 
6,Davis,Sacramento Valley,3/26/2015,085,0.16, ,0.00, ,533, ,12.3, ,81.7, ,46.5, ,63.8, ,92, ,36, ,61, ,50.0, ,2.2, ,53.9, ,58.4, 
6,Davis,Sacramento Valley,3/27/2015,086,0.18, ,0.00, ,394, ,13.0, ,81.9, ,53.1, ,68.3,Y,90, ,37, ,55,Y,51.6,Y,7.1, ,169.3, ,59.6, 
6,Davis,Sacramento Valley,3/28/2015,087,0.22, ,0.00, ,563,R,9.1, ,81.9, ,48.1, ,63.6, ,95, ,21, ,45, ,42.0, ,6.6, ,157.9, ,59.2, 
6,Davis,Sacramento Valley,3/29/2015,088,0.21, ,0.00, ,571,R,9.2, ,84.7, ,44.9, ,64.5, ,80, ,22, ,44, ,42.3, ,4.6, ,111.0, ,58.4, 
6,Davis,Sacramento Valley,3/30/2015,089,0.18, ,0.00, ,512, ,11.5, ,82.2, ,45.8, ,62.7, ,88, ,35, ,59, ,48.3, ,4.6, ,109.9, ,58.8, 
6,Davis,Sacramento Valley,3/31/2015,090,0.19, ,0.00, ,537, ,8.3, ,73.8, ,47.8, ,61.0, ,72, ,24, ,45, ,39.6, ,5.5, ,131.4, ,58.9, 
6,Davis,Sacramento Valley,4/1/2015,091,0.20, ,0.00, ,548, ,5.9, ,69.7, ,39.2, ,56.8, ,62, ,21, ,37, ,31.1, ,6.9, ,165.2, ,58.0, 
6,Davis,Sacramento Valley,4/2/2015,092,0.26, ,0.00, ,579,R,5.2, ,70.5, ,47.9, ,59.3, ,42, ,17, ,30, ,28.1, ,11.5, ,275.5, ,57.5, 
6,Davis,Sacramento Valley,4/3/2015,093,0.19, ,0.00, ,576, ,6.1, ,75.8, ,38.4, ,58.1, ,68, ,21, ,37, ,32.1, ,4.5, ,109.1, ,56.8, 
6,Davis,Sacramento Valley,4/4/2015,094,0.18, ,0.00, ,523, ,7.6, ,73.0, ,38.9, ,56.2, ,85, ,26, ,49, ,37.4, ,5.4, ,128.7, ,56.9, 
6,Davis,Sacramento Valley,4/5/2015,095,0.13, ,0.03, ,402, ,8.0, ,62.7, ,41.9, ,51.9, ,80, ,38, ,61, ,38.7, ,7.0, ,168.0, ,56.6, 
6,Davis,Sacramento Valley,4/6/2015,096,0.15, ,0.00, ,490, ,7.8, ,63.3, ,35.0, ,51.4, ,87, ,39, ,60, ,38.0, ,5.8, ,138.6, ,55.6, 
6,Davis,Sacramento Valley,4/7/2015,097,0.08, ,0.72, ,306, ,9.7, ,60.0, ,42.5, ,49.7, ,94, ,66, ,80, ,43.8, ,6.9, ,164.6, ,54.7, 
6,Davis,Sacramento Valley,4/8/2015,098,0.12, ,0.00, ,472, ,9.0, ,60.8, ,36.7, ,49.7, ,98, ,50, ,74, ,41.9, ,4.1, ,98.0, ,54.4, 
6,Davis,Sacramento Valley,4/9/2015,099,0.16, ,0.00, ,566, ,9.1, ,68.8, ,37.5, ,53.9, ,98, ,36, ,64, ,42.0, ,2.9, ,69.5, ,54.5, 
6,Davis,Sacramento Valley,4/10/2015,100,0.18, ,0.00, ,590, ,9.6, ,73.7, ,41.4, ,58.1, ,95, ,33, ,58, ,43.5, ,3.5, ,84.1, ,55.3, 
6,Davis,Sacramento Valley,4/11/2015,101,0.17, ,0.00, ,549, ,10.2, ,76.0, ,45.2, ,59.9, ,80, ,36, ,58, ,45.1, ,3.6, ,85.3, ,56.4, 
6,Davis,Sacramento Valley,4/12/2015,102,0.21, ,0.00, ,620,R,9.4, ,81.1, ,47.7, ,64.3, ,76, ,19, ,46, ,42.8, ,5.7, ,137.9, ,57.1, 
6,Davis,Sacramento Valley,4/13/2015,103,0.23, ,0.00, ,601, ,9.8, ,76.7, ,50.1, ,61.5, ,80, ,27, ,52, ,43.9, ,8.0, ,192.6, ,57.8, 
6,Davis,Sacramento Valley,4/14/2015,104,0.24, ,0.00, ,632,R,5.1, ,66.8, ,41.5, ,55.8, ,63, ,15, ,34, ,27.7, ,8.4, ,200.5, ,57.2, 
6,Davis,Sacramento Valley,4/15/2015,105,0.32, ,0.00, ,626, ,5.3, ,74.4, ,51.9, ,62.5, ,38, ,18, ,27, ,28.3, ,14.2,Y,340.9,Y,56.4, 
6,Davis,Sacramento Valley,4/16/2015,106,0.27, ,0.00, ,642,R,6.0, ,81.1, ,53.4, ,66.0, ,53, ,16, ,27, ,31.6, ,7.7, ,184.0, ,57.0, 
6,Davis,Sacramento Valley,4/17/2015,107,0.21, ,0.00, ,638,R,8.5, ,87.1, ,43.3, ,63.5, ,75, ,15, ,43, ,40.4, ,3.4, ,82.3, ,57.5, 
6,Davis,Sacramento Valley,4/18/2015,108,0.20, ,0.00, ,626, ,11.0, ,86.1, ,45.5, ,64.3, ,90, ,21, ,53, ,47.0, ,3.6, ,85.3, ,58.6, 
6,Davis,Sacramento Valley,4/19/2015,109,0.21, ,0.00, ,625, ,12.6, ,85.0, ,50.1, ,65.9, ,89, ,30, ,58, ,50.7, ,4.5, ,108.8, ,59.9, 
6,Davis,Sacramento Valley,4/20/2015,110,0.21, ,0.00, ,615, ,12.8, ,81.3, ,48.0, ,62.6, ,90, ,39, ,66, ,51.1, ,5.2, ,124.7, ,60.7, 
6,Davis,Sacramento Valley,4/21/2015,111,0.20, ,0.00, ,596, ,12.3, ,69.9, ,49.3, ,58.7, ,92, ,55, ,73, ,50.0, ,8.8, ,211.4, ,60.9, 
6,Davis,Sacramento Valley,4/22/2015,112,0.19, ,0.00, ,552, ,12.9, ,77.2, ,49.7, ,61.3, ,93, ,45, ,70, ,51.3, ,5.8, ,138.8, ,60.7, 
6,Davis,Sacramento Valley,4/23/2015,113,0.21, ,0.00, ,585, ,12.4, ,79.3, ,48.7, ,62.7, ,91, ,43, ,64, ,50.3, ,5.6, ,134.7, ,61.3, 
6,Davis,Sacramento Valley,4/24/2015,114,0.21, ,0.09, ,548, ,9.2, ,73.8, ,52.8, ,61.0, ,93, ,21, ,50, ,42.5, ,7.2, ,171.7, ,61.2, 
6,Davis,Sacramento Valley,4/25/2015,115,0.18, ,0.06, ,587, ,12.2, ,72.0, ,50.3, ,60.0, ,97, ,43, ,69, ,49.7, ,5.8, ,139.6, ,60.9, 
6,Davis,Sacramento Valley,4/26/2015,116,0.24, ,0.00, ,637, ,9.6, ,78.1, ,45.0, ,62.2, ,93, ,26, ,50, ,43.4, ,5.6, ,135.3, ,60.7, 
6,Davis,Sacramento Valley,4/27/2015,117,0.27, ,0.00, ,655, ,10.7, ,88.0, ,57.7, ,73.0, ,71, ,20, ,38, ,46.2, ,7.2, ,173.4, ,61.3, 
6,Davis,Sacramento Valley,4/28/2015,118,0.23, ,0.00, ,631, ,13.1, ,83.0, ,52.8, ,66.3, ,88, ,38, ,60, ,51.8, ,6.6, ,159.3, ,62.4, 
6,Davis,Sacramento Valley,4/29/2015,119,0.22, ,0.00, ,664, ,12.6, ,85.3, ,48.3, ,66.2, ,90, ,24, ,57, ,50.8, ,3.7, ,89.3, ,62.8, 
6,Davis,Sacramento Valley,4/30/2015,120,0.31, ,0.00, ,840,R,8.5, ,89.0, ,60.6,Y,79.0,Y,74, ,16, ,25,Y,40.4,Y,5.5, ,132.2, ,63.2, 
6,Davis,Sacramento Valley,5/1/2015,121,0.28, ,0.00, ,660, ,9.6, ,92.4, ,52.4, ,73.2, ,68, ,14, ,34, ,43.5, ,5.0, ,119.8, ,63.2, 
6,Davis,Sacramento Valley,5/2/2015,122,0.25, ,0.00, ,646, ,11.7, ,86.1, ,52.3, ,66.5, ,84, ,26, ,53, ,48.7, ,6.9, ,165.1, ,63.6, 
6,Davis,Sacramento Valley,5/3/2015,123,0.23, ,0.00, ,667, ,11.6, ,76.9, ,50.7, ,62.5, ,83, ,40, ,60, ,48.5, ,6.5, ,155.9, ,63.6, 
6,Davis,Sacramento Valley,5/4/2015,124,0.22, ,0.00, ,671, ,11.8, ,76.5, ,47.2, ,60.6, ,90, ,45, ,65, ,48.9, ,6.1, ,146.6, ,63.3, 
6,Davis,Sacramento Valley,5/5/2015,125,0.21, ,0.00, ,621, ,11.9, ,77.1, ,48.4, ,62.0, ,89, ,43, ,62, ,49.0, ,5.9, ,142.5, ,63.2, 
6,Davis,Sacramento Valley,5/6/2015,126,0.21, ,0.00, ,592, ,10.0, ,79.8, ,48.3, ,62.6, ,89, ,17, ,51, ,44.5, ,5.2, ,124.1, ,63.2, 
6,Davis,Sacramento Valley,5/7/2015,127,0.20, ,0.01, ,448, ,8.3, ,70.2, ,49.0, ,61.1, ,76, ,28, ,45, ,39.7, ,9.0, ,216.9, ,62.9, 
6,Davis,Sacramento Valley,5/8/2015,128,0.22, ,0.00, ,654, ,10.5, ,75.1, ,43.4, ,59.4, ,89, ,36, ,61, ,45.9, ,5.7, ,137.6, ,61.9, 
6,Davis,Sacramento Valley,5/9/2015,129,0.22, ,0.00, ,674, ,11.6, ,78.6, ,47.6, ,62.5, ,89, ,37, ,60, ,48.5, ,6.2, ,147.6, ,62.1, 
6,Davis,Sacramento Valley,5/10/2015,130,0.23, ,0.00, ,668, ,11.6, ,78.2, ,49.3, ,61.6, ,88, ,30, ,62, ,48.5, ,6.5, ,156.1, ,62.7, 
6,Davis,Sacramento Valley,5/11/2015,131,0.25, ,0.00, ,670, ,11.1, ,75.1, ,51.4, ,61.3, ,83, ,41, ,60, ,47.2, ,9.0, ,215.7, ,62.7, 
6,Davis,Sacramento Valley,5/12/2015,132,0.21, ,0.00, ,635, ,8.4, ,71.3, ,47.8, ,59.4, ,73, ,31, ,49, ,40.1, ,5.6, ,134.7, ,62.4, 
6,Davis,Sacramento Valley,5/13/2015,133,0.24, ,0.00, ,682, ,9.2, ,70.7, ,48.1, ,58.9, ,77, ,34, ,54, ,42.3, ,7.8, ,188.1, ,62.2, 
6,Davis,Sacramento Valley,5/14/2015,134,0.18, ,0.00, ,538, ,10.4, ,70.2, ,48.6, ,59.1, ,86, ,41, ,61, ,45.5, ,5.1, ,122.2, ,62.2, 
6,Davis,Sacramento Valley,5/15/2015,135,0.23, ,0.00, ,680, ,11.0, ,73.4, ,47.5, ,60.1, ,86, ,42, ,62, ,47.0, ,6.8, ,163.9, ,62.3, 
6,Davis,Sacramento Valley,5/16/2015,136,0.23, ,0.00, ,684, ,11.6, ,74.3, ,49.2, ,61.0, ,89, ,38, ,63, ,48.5, ,7.0, ,168.7, ,62.1, 
6,Davis,Sacramento Valley,5/17/2015,137,0.15, ,0.00, ,432, ,11.6, ,71.3, ,52.7, ,59.8, ,82, ,47, ,66, ,48.4, ,6.7, ,160.0, ,62.2, 
6,Davis,Sacramento Valley,5/18/2015,138,0.21, ,0.00, ,593, ,11.8, ,73.4, ,50.5, ,60.5, ,87, ,43, ,65, ,48.8, ,7.0, ,167.0, ,62.1, 
6,Davis,Sacramento Valley,5/19/2015,139,0.23, ,0.00, ,698, ,11.9, ,75.8, ,51.2, ,61.9, ,87, ,36, ,63, ,49.1, ,6.9, ,166.0, ,62.6, 
6,Davis,Sacramento Valley,5/20/2015,140,0.24, ,0.00, ,697, ,12.2, ,75.4, ,50.7, ,61.4, ,89, ,44, ,66, ,49.7, ,7.7, ,185.0, ,63.2, 
6,Davis,Sacramento Valley,5/21/2015,141,0.22, ,0.00, ,823,R,12.3, ,74.5, ,55.0, ,65.8, ,88, ,45, ,57, ,50.0, ,8.5, ,204.7, ,63.6, 
6,Davis,Sacramento Valley,5/22/2015,142,0.21, ,0.00, ,565, ,12.7, ,76.1, ,52.3, ,62.2, ,88, ,48, ,66, ,50.9, ,7.0, ,169.0, ,63.7, 
6,Davis,Sacramento Valley,5/23/2015,143,0.21, ,0.00, ,657, ,13.4, ,76.7, ,54.0, ,63.7, ,87, ,49, ,66, ,52.3, ,6.6, ,158.0, ,63.9, 
6,Davis,Sacramento Valley,5/24/2015,144,0.26, ,0.00, ,701, ,13.0, ,81.4, ,51.1, ,65.0, ,88, ,38, ,62, ,51.5, ,6.9, ,165.8, ,64.7, 
6,Davis,Sacramento Valley,5/25/2015,145,0.24, ,0.00, ,713, ,12.8, ,78.1, ,51.8, ,62.7, ,88, ,45, ,66, ,51.1, ,7.9, ,188.8, ,64.7, 
6,Davis,Sacramento Valley,5/26/2015,146,0.24, ,0.00, ,721, ,12.6, ,77.6, ,49.0, ,62.8, ,89, ,44, ,65, ,50.8, ,6.7, ,161.1, ,64.8, 
6,Davis,Sacramento Valley,5/27/2015,147,0.24, ,0.00, ,719, ,13.4, ,80.9, ,51.1, ,64.2, ,90, ,44, ,65, ,52.4, ,5.7, ,136.7, ,65.1, 
6,Davis,Sacramento Valley,5/28/2015,148,0.22, ,0.00, ,637, ,13.4, ,84.6, ,49.5, ,66.0, ,91, ,36, ,61, ,52.4, ,4.0, ,95.2, ,65.5, 
6,Davis,Sacramento Valley,5/29/2015,149,0.25, ,0.00, ,693, ,12.9, ,86.8, ,51.2, ,67.3, ,89, ,26, ,56, ,51.2, ,4.4, ,105.9, ,66.0, 
6,Davis,Sacramento Valley,5/30/2015,150,0.26, ,0.00, ,714, ,13.5, ,88.0, ,51.0, ,68.0, ,89, ,27, ,58, ,52.5, ,4.8, ,114.9, ,66.4, 
6,Davis,Sacramento Valley,5/31/2015,151,0.25, ,0.00, ,622, ,11.6, ,81.1, ,51.6, ,64.4, ,88, ,33, ,56, ,48.5, ,8.5, ,202.9, ,66.3, 
6,Davis,Sacramento Valley,6/1/2015,152,0.25, ,0.00, ,700, ,13.3, ,79.8, ,54.7, ,65.8, ,83, ,42, ,62, ,52.2, ,7.7, ,185.6, ,65.8, 
6,Davis,Sacramento Valley,6/2/2015,153,0.25, ,0.00, ,713, ,13.9, ,83.1, ,54.0, ,67.8, ,90, ,38, ,60, ,53.3, ,5.2, ,125.4, ,66.1, 
6,Davis,Sacramento Valley,6/3/2015,154,0.24, ,0.00, ,636, ,13.2, ,81.0, ,53.6, ,66.8, ,82, ,37, ,59, ,51.9, ,6.5, ,156.0, ,66.8, 
6,Davis,Sacramento Valley,6/4/2015,155,0.25, ,0.00, ,707, ,12.9, ,85.1, ,49.7, ,68.3, ,92, ,20, ,54, ,51.2, ,4.0, ,96.6, ,66.7, 
6,Davis,Sacramento Valley,6/5/2015,156,0.27, ,0.00, ,698, ,14.3, ,91.4, ,56.8, ,73.7, ,81, ,28, ,50, ,54.1, ,4.4, ,106.2, ,67.7, 
6,Davis,Sacramento Valley,6/6/2015,157,0.27, ,0.00, ,685, ,15.1, ,89.6, ,56.8, ,71.5, ,82, ,36, ,57, ,55.7, ,5.5, ,131.8, ,68.5, 
6,Davis,Sacramento Valley,6/7/2015,158,0.28, ,0.00, ,706, ,15.8, ,95.5, ,55.7, ,76.2, ,87, ,30, ,51, ,56.9, ,4.5, ,108.6, ,69.0, 
6,Davis,Sacramento Valley,6/8/2015,159,0.28, ,0.00, ,700, ,15.7, ,102.4,Y,61.7, ,82.4,Y,75, ,18, ,41,Y,56.6,Y,3.3, ,79.4, ,70.1, 
6,Davis,Sacramento Valley,6/9/2015,160,0.27, ,0.00, ,542, ,15.5, ,91.3, ,64.2, ,76.2, ,75, ,30, ,50, ,56.3, ,7.8, ,186.4, ,70.7, 
6,Davis,Sacramento Valley,6/10/2015,161,0.06, ,0.00, ,180, ,18.7,Y,74.8, ,63.2, ,69.1, ,89, ,64, ,77,Y,61.6,Y,5.3, ,126.7, ,69.6, 
6,Davis,Sacramento Valley,6/11/2015,162,0.28, ,0.00, ,719, ,18.0,Y,94.8, ,60.0, ,77.1, ,95, ,33, ,57,Y,60.5,Y,4.7, ,111.6, ,69.7, 
6,Davis,Sacramento Valley,6/12/2015,163,0.30, ,0.00, ,728, ,15.9, ,103.5,Y,57.4, ,79.1, ,87, ,22, ,47, ,57.0, ,4.9, ,116.4, ,70.6, 
6,Davis,Sacramento Valley,6/13/2015,164,0.28, ,0.00, ,736, ,15.2, ,92.3, ,60.3, ,73.8, ,80, ,29, ,54, ,55.9, ,5.8, ,138.8, ,71.1, 
6,Davis,Sacramento Valley,6/14/2015,165,0.27, ,0.00, ,742, ,14.0, ,86.8, ,53.9, ,68.5, ,87, ,37, ,59, ,53.6, ,6.6, ,158.0, ,70.6, 
6,Davis,Sacramento Valley,6/15/2015,166,0.27, ,0.00, ,741, ,13.6, ,86.3, ,51.0, ,67.1, ,89, ,37, ,60, ,52.7, ,5.9, ,140.9, ,69.9, 
6,Davis,Sacramento Valley,6/16/2015,167,0.28, ,0.00, ,744, ,13.9, ,92.5, ,52.3, ,71.3, ,92, ,29, ,53, ,53.4, ,4.7, ,112.2, ,69.8, 
6,Davis,Sacramento Valley,6/17/2015,168,0.26, ,0.00, ,673, ,13.1, ,95.4, ,53.3, ,72.6, ,85, ,22, ,48, ,51.7, ,4.1, ,98.3, ,70.1, 
6,Davis,Sacramento Valley,6/18/2015,169,0.30, ,0.00, ,755,R,12.2, ,94.0, ,54.2, ,72.0, ,84, ,22, ,46, ,49.9, ,5.8, ,139.5, ,70.2, 
6,Davis,Sacramento Valley,6/19/2015,170,0.28, ,0.00, ,744, ,11.8, ,92.1, ,50.1, ,71.2, ,87, ,23, ,45, ,48.9, ,4.5, ,107.5, ,69.6, 
6,Davis,Sacramento Valley,6/20/2015,171,0.29, ,0.00, ,724, ,12.6, ,94.6, ,54.7, ,73.3, ,86, ,15, ,45, ,50.8, ,4.8, ,114.5, ,69.7, 
6,Davis,Sacramento Valley,6/21/2015,172,0.31, ,0.00, ,763,R,11.3, ,89.2, ,55.9, ,69.8, ,73, ,21, ,45, ,47.8, ,8.3, ,198.8, ,69.4, 
6,Davis,Sacramento Valley,6/22/2015,173,0.27, ,0.00, ,737, ,12.8, ,88.5, ,53.7, ,69.4, ,82, ,24, ,52, ,51.1, ,4.6, ,109.4, ,69.5, 
6,Davis,Sacramento Valley,6/23/2015,174,0.29, ,0.00, ,741, ,13.0, ,92.8, ,53.0, ,73.0, ,89, ,24, ,47, ,51.5, ,4.7, ,113.9, ,70.1, 
6,Davis,Sacramento Valley,6/24/2015,175,0.30,H,0.00,H,912,R,14.4,H,96.2, ,66.9,Y,84.6,H,78,H,22,H,35, ,54.3, ,6.2,H,149.2,H,71.0,H
6,Davis,Sacramento Valley,6/25/2015,176,0.31, ,0.00, ,713, ,14.7, ,100.0, ,58.8, ,79.4, ,84, ,23, ,43, ,54.9, ,4.8, ,114.6, ,71.4, 
6,Davis,Sacramento Valley,6/26/2015,177,0.30, ,0.00, ,728, ,14.4, ,99.7, ,60.0, ,79.6, ,75, ,24, ,42, ,54.4, ,4.7, ,113.0, ,72.2, 
6,Davis,Sacramento Valley,6/27/2015,178,0.27, ,0.00, ,614, ,14.1, ,90.1, ,60.7, ,74.2, ,70, ,29, ,49, ,53.7, ,6.5, ,155.8, ,72.1, 
6,Davis,Sacramento Valley,6/28/2015,179,0.30, ,0.00, ,692, ,15.4, ,92.8, ,62.5, ,76.1, ,72, ,27, ,50, ,56.2, ,6.2, ,148.9, ,72.2, 
6,Davis,Sacramento Valley,6/29/2015,180,0.28, ,0.00, ,743, ,14.8, ,95.8, ,57.0, ,75.3, ,85, ,26, ,49, ,55.1, ,4.1, ,99.3, ,72.3, 
6,Davis,Sacramento Valley,6/30/2015,181,0.29, ,0.00, ,680, ,15.6, ,103.2, ,61.1, ,83.4, ,81, ,19, ,40, ,56.5, ,3.9, ,93.0, ,72.9, 
6,Davis,Sacramento Valley,7/1/2015,182,0.28, ,0.00, ,556, ,14.2, ,99.3, ,65.0, ,82.2, ,71, ,18, ,38, ,53.9, ,5.6, ,134.1, ,73.3, 
6,Davis,Sacramento Valley,7/2/2015,183,0.28, ,0.00, ,575, ,15.2, ,95.3, ,69.0,Y,79.0, ,62, ,31, ,45, ,55.7, ,7.2, ,172.0, ,73.2, 
6,Davis,Sacramento Valley,7/3/2015,184,0.25, ,0.00, ,622, ,16.4, ,94.7, ,62.9, ,77.4, ,74, ,31, ,51, ,57.8, ,4.8, ,116.1, ,73.4, 
6,Davis,Sacramento Valley,7/4/2015,185,0.30, ,0.00, ,717, ,16.9, ,98.9, ,62.2, ,77.8, ,79, ,31, ,52, ,58.7, ,5.8, ,139.7, ,74.0, 
6,Davis,Sacramento Valley,7/5/2015,186,0.29, ,0.00, ,696, ,16.2, ,93.1, ,62.2, ,75.1, ,74, ,37, ,54, ,57.6, ,7.3, ,175.9, ,74.1, 
6,Davis,Sacramento Valley,7/6/2015,187,0.28, ,0.00, ,706, ,15.3, ,92.9, ,59.9, ,73.7, ,83, ,24, ,54, ,56.0, ,6.5, ,156.1, ,73.9, 
6,Davis,Sacramento Valley,7/7/2015,188,0.27, ,0.00, ,653, ,15.1, ,89.4, ,60.7, ,73.2, ,81, ,33, ,54, ,55.5, ,6.6, ,157.2, ,73.5, 
6,Davis,Sacramento Valley,7/8/2015,189,0.27, ,0.00, ,688, ,15.2, ,83.2, ,58.9, ,69.4, ,83, ,43, ,62, ,55.8, ,7.5, ,179.2, ,72.9, 
6,Davis,Sacramento Valley,7/9/2015,190,0.19, ,0.00, ,507, ,15.6, ,74.6,Y,57.9, ,66.2, ,88, ,57, ,71, ,56.5, ,7.6, ,182.8, ,71.9, 
6,Davis,Sacramento Valley,7/10/2015,191,0.19, ,0.00, ,489, ,16.0, ,79.6, ,61.0, ,68.4, ,84, ,50, ,67, ,57.2, ,5.9, ,141.4, ,71.2, 
6,Davis,Sacramento Valley,7/11/2015,192,0.27, ,0.00, ,679, ,14.7, ,86.4, ,58.1, ,70.7, ,89, ,34, ,57, ,54.9, ,6.4, ,153.0, ,71.2, 
6,Davis,Sacramento Valley,7/12/2015,193,0.28, ,0.00, ,643, ,14.5, ,86.8, ,62.0, ,72.2, ,78, ,33, ,54, ,54.5, ,7.7, ,184.0, ,71.6, 
6,Davis,Sacramento Valley,7/13/2015,194,0.26, ,0.00, ,680, ,15.4, ,89.7, ,56.5, ,73.3, ,90, ,30, ,55, ,56.1, ,4.9, ,117.7, ,72.1, 
6,Davis,Sacramento Valley,7/14/2015,195,0.27, ,0.00, ,709, ,16.1, ,87.7, ,59.5, ,72.0, ,85, ,38, ,60, ,57.4, ,6.2, ,149.0, ,72.7, 
6,Davis,Sacramento Valley,7/15/2015,196,0.27, ,0.00, ,714, ,15.3, ,93.6, ,54.6, ,73.5, ,93, ,27, ,54, ,56.0, ,4.5, ,109.1, ,72.8, 
6,Davis,Sacramento Valley,7/16/2015,197,0.28, ,0.00, ,687, ,16.0, ,94.7, ,57.6, ,74.9, ,90, ,26, ,54, ,57.2, ,4.8, ,114.3, ,73.5, 
6,Davis,Sacramento Valley,7/17/2015,198,0.26, ,0.00, ,683, ,15.5, ,96.0, ,57.7, ,75.6, ,91, ,27, ,51, ,56.3, ,5.1, ,121.6, ,74.2, 
6,Davis,Sacramento Valley,7/18/2015,199,0.30, ,0.00, ,696, ,12.5, ,93.0, ,61.7, ,75.4, ,61, ,20, ,42, ,50.4, ,7.1, ,170.1, ,,S
6,Davis,Sacramento Valley,7/19/2015,200,0.27, ,0.00, ,624, ,15.4, ,94.0, ,64.0, ,78.8, ,68, ,30, ,46, ,56.2, ,4.6, ,109.5, ,,S
6,Davis,Sacramento Valley,7/20/2015,201,0.29, ,0.00, ,667, ,18.2, ,97.9, ,68.4,Y,81.1, ,71, ,32, ,50, ,60.8, ,5.5, ,132.4, ,78.4, 
6,Davis,Sacramento Valley,7/21/2015,202,0.26, ,0.00, ,608, ,16.2, ,92.5, ,61.3, ,74.3, ,81, ,37, ,56, ,57.6, ,7.2, ,172.5, ,75.1, 
6,Davis,Sacramento Valley,7/22/2015,203,0.29, ,0.00, ,655, ,13.8, ,87.1, ,60.5, ,70.8, ,79, ,33, ,54, ,53.2, ,9.3,Y,223.6,Y,74.4, 
6,Davis,Sacramento Valley,7/23/2015,204,0.24, ,0.00, ,648, ,13.7, ,84.0, ,57.1, ,68.2, ,81, ,34, ,58, ,52.9, ,7.5, ,180.1, ,73.4, 
6,Davis,Sacramento Valley,7/24/2015,205,0.26, ,0.00, ,704, ,13.0, ,88.2, ,52.9, ,70.0, ,92, ,18, ,52, ,51.5, ,5.2, ,124.7, ,72.9, 
6,Davis,Sacramento Valley,7/25/2015,206,0.26, ,0.00, ,713, ,13.2, ,88.3, ,52.9, ,69.7, ,89, ,27, ,53, ,51.9, ,5.0, ,121.0, ,72.7, 
6,Davis,Sacramento Valley,7/26/2015,207,0.26, ,0.00, ,694, ,14.9, ,89.8, ,53.9, ,71.3, ,92, ,33, ,57, ,55.2, ,5.0, ,120.6, ,72.7, 
6,Davis,Sacramento Valley,7/27/2015,208,0.30, ,0.00, ,708, ,12.5, ,94.5, ,60.1, ,76.3, ,82, ,15, ,40, ,50.5, ,6.3, ,150.9, ,72.7, 
6,Davis,Sacramento Valley,7/28/2015,209,0.33, ,0.00, ,703, ,10.9,Y,101.4, ,61.3, ,82.0, ,68, ,12, ,29,Y,46.8,Y,6.1, ,145.7, ,72.8, 
6,Davis,Sacramento Valley,7/29/2015,210,0.29, ,0.00, ,691, ,12.9, ,103.9, ,59.9, ,81.9, ,75, ,13, ,35, ,51.2, ,3.9, ,93.3, ,73.9, 
6,Davis,Sacramento Valley,7/30/2015,211,0.28, ,0.00, ,784,R,16.1, ,101.6, ,68.1,Y,87.6,Y,77, ,24, ,36,Y,57.4,Y,6.7, ,159.7, ,75.5, 
6,Davis,Sacramento Valley,7/31/2015,212,0.23, ,0.00, ,563, ,16.7, ,92.6, ,61.1, ,73.9, ,90, ,35, ,58, ,58.4, ,5.8, ,138.7, ,75.0, 
6,Davis,Sacramento Valley,8/1/2015,213,0.25, ,0.00, ,627, ,16.0, ,92.5, ,62.3, ,74.6, ,80, ,32, ,55, ,57.2, ,5.5, ,131.7, ,75.0, 
6,Davis,Sacramento Valley,8/2/2015,214,0.25, ,0.00, ,623, ,16.3, ,90.9, ,60.3, ,73.4, ,85, ,35, ,58, ,57.7, ,5.6, ,134.8, ,75.2, 
6,Davis,Sacramento Valley,8/3/2015,215,0.27, ,0.00, ,666, ,14.7, ,89.5, ,58.6, ,72.2, ,84, ,27, ,54, ,54.9, ,6.7, ,160.6, ,75.0, 
6,Davis,Sacramento Valley,8/4/2015,216,0.16, ,0.00, ,449, ,14.4, ,80.4, ,54.4, ,67.1, ,89, ,45, ,64, ,54.3, ,6.3, ,150.2, ,73.9, 
6,Davis,Sacramento Valley,8/5/2015,217,0.23, ,0.00, ,672, ,14.5, ,90.4, ,51.1, ,71.4, ,93, ,22, ,55, ,54.5, ,3.2, ,77.5, ,73.3, 
6,Davis,Sacramento Valley,8/6/2015,218,0.16, ,0.00, ,410, ,15.6, ,87.0, ,57.7, ,73.6, ,88, ,31, ,55, ,56.5, ,3.7, ,87.7, ,74.2, 
6,Davis,Sacramento Valley,8/7/2015,219,0.25, ,0.00, ,551, ,14.7, ,90.9, ,61.5, ,73.9, ,73, ,32, ,51, ,54.9, ,6.9, ,166.7, ,73.9, 
6,Davis,Sacramento Valley,8/8/2015,220,0.24, ,0.00, ,615, ,15.0, ,85.9, ,59.4, ,70.8, ,80, ,37, ,58, ,55.5, ,6.5, ,155.4, ,73.6, 
6,Davis,Sacramento Valley,8/9/2015,221,0.25, ,0.00, ,661, ,15.3, ,94.4, ,54.7, ,73.4, ,90, ,27, ,54, ,55.9, ,4.2, ,101.0, ,73.6, 
6,Davis,Sacramento Valley,8/10/2015,222,0.26, ,0.00, ,624, ,15.3, ,91.1, ,60.0, ,73.2, ,84, ,31, ,55, ,56.1, ,6.5, ,156.9, ,73.9, 
6,Davis,Sacramento Valley,8/11/2015,223,0.26, ,0.00, ,660, ,13.9, ,89.5, ,57.2, ,72.1, ,88, ,25, ,52, ,53.3, ,5.7, ,137.7, ,74.0, 
6,Davis,Sacramento Valley,8/12/2015,224,0.26, ,0.00, ,657, ,12.3, ,90.4, ,57.4, ,72.9, ,83, ,17, ,44, ,50.0, ,5.3, ,128.2, ,73.5, 
6,Davis,Sacramento Valley,8/13/2015,225,0.27, ,0.00, ,662, ,13.3, ,90.3, ,58.1, ,73.6, ,87, ,18, ,47, ,52.2, ,5.7, ,137.0, ,73.4, 
6,Davis,Sacramento Valley,8/14/2015,226,0.23, ,0.00, ,865,R,12.6, ,91.4, ,62.9, ,80.3, ,87, ,20, ,36, ,50.8, ,3.1, ,75.3, ,73.8, 
6,Davis,Sacramento Valley,8/15/2015,227,0.28, ,0.00, ,633, ,11.3, ,98.0, ,56.9, ,78.2, ,74, ,11, ,34, ,47.8, ,4.7, ,112.0, ,73.2, 
6,Davis,Sacramento Valley,8/16/2015,228,0.28, ,0.00, ,648, ,10.2,Y,103.6, ,62.6, ,82.3,Y,61, ,8, ,27,Y,45.1,Y,3.9, ,92.8, ,73.4, 
6,Davis,Sacramento Valley,8/17/2015,229,0.26, ,0.00, ,631, ,12.2, ,102.6, ,57.6, ,79.3, ,73, ,10, ,36, ,49.7, ,4.1, ,97.9, ,74.1, 
6,Davis,Sacramento Valley,8/18/2015,230,0.25, ,0.00, ,628, ,14.6, ,94.1, ,56.8, ,73.8, ,83, ,26, ,51, ,54.8, ,5.0, ,119.2, ,,S
6,Davis,Sacramento Valley,8/19/2015,231,0.24, ,0.00, ,625, ,14.2, ,89.5, ,55.3, ,71.0, ,82, ,33, ,55, ,53.9, ,5.6, ,133.9, ,80.5, 
6,Davis,Sacramento Valley,8/20/2015,232,0.21, ,0.00, ,575, ,15.2, ,85.6, ,55.5, ,69.4, ,86, ,39, ,62, ,55.7, ,5.3, ,126.4, ,76.0, 
6,Davis,Sacramento Valley,8/21/2015,233,0.23, ,0.00, ,606, ,15.5, ,87.2, ,55.9, ,69.5, ,89, ,38, ,63, ,56.3, ,5.8, ,140.3, ,73.7, 
6,Davis,Sacramento Valley,8/22/2015,234,0.23, ,0.00, ,605, ,14.6, ,88.8, ,54.8, ,69.9, ,88, ,26, ,58, ,54.6, ,5.9, ,141.0, ,73.5, 
6,Davis,Sacramento Valley,8/23/2015,235,0.22, ,0.00, ,563, ,14.4, ,89.7, ,55.3, ,70.3, ,88, ,23, ,57, ,54.2, ,5.5, ,132.9, ,73.5, 
6,Davis,Sacramento Valley,8/24/2015,236,0.24, ,0.00, ,606, ,13.2, ,92.9, ,55.6, ,72.8, ,82, ,21, ,48, ,52.0, ,4.7, ,112.3, ,73.0, 
6,Davis,Sacramento Valley,8/25/2015,237,0.25, ,0.00, ,603, ,13.1, ,96.0, ,55.5, ,74.1, ,83, ,16, ,46, ,51.7, ,5.2, ,125.5, ,69.2, 
6,Davis,Sacramento Valley,8/26/2015,238,0.24, ,0.00, ,571, ,12.3, ,97.4, ,57.9, ,76.4, ,83, ,16, ,39, ,50.0, ,4.7, ,111.7, ,69.5, 
6,Davis,Sacramento Valley,8/27/2015,239,0.25, ,0.00, ,571, ,12.2, ,100.5, ,61.8, ,80.7, ,70, ,16, ,34, ,49.8, ,3.6, ,85.3, ,70.8, 
6,Davis,Sacramento Valley,8/28/2015,240,0.25, ,0.01, ,524, ,14.0, ,101.3, ,61.8, ,80.1, ,74, ,14, ,40, ,53.5, ,5.6, ,133.6, ,73.8, 
6,Davis,Sacramento Valley,8/29/2015,241,0.22, ,0.00, ,483, ,15.6, ,86.4, ,60.5, ,72.8, ,78, ,26, ,57, ,56.6, ,8.7, ,208.0, ,73.0, 
6,Davis,Sacramento Valley,8/30/2015,242,0.21, ,0.00, ,574, ,13.0, ,87.2, ,52.1, ,70.7, ,85, ,26, ,51, ,51.5, ,3.8, ,90.6, ,70.2, 
6,Davis,Sacramento Valley,8/31/2015,243,0.24, ,0.00, ,573, ,12.9, ,91.9, ,55.2, ,73.6, ,83, ,24, ,46, ,51.3, ,4.7, ,112.8, ,70.4, 
6,Davis,Sacramento Valley,9/1/2015,244,0.23, ,0.00, ,579, ,13.8, ,91.2, ,55.7, ,71.2, ,87, ,19, ,53, ,53.1, ,6.1, ,146.4, ,70.9, 
6,Davis,Sacramento Valley,9/2/2015,245,0.24, ,0.00, ,575, ,14.5, ,84.0, ,60.0, ,69.9, ,81, ,37, ,58, ,54.5, ,9.7,Y,232.6,Y,71.2, 
6,Davis,Sacramento Valley,9/3/2015,246,0.21, ,0.00, ,573, ,12.2, ,81.3, ,57.3, ,68.3, ,78, ,30, ,52, ,49.9, ,5.5, ,132.8, ,71.1, 
6,Davis,Sacramento Valley,9/4/2015,247,0.22, ,0.00, ,581, ,11.7, ,82.1, ,53.4, ,66.7, ,85, ,27, ,52, ,48.6, ,6.1, ,147.4, ,70.5, 
6,Davis,Sacramento Valley,9/5/2015,248,0.26, ,0.00, ,579, ,7.4,Y,83.9, ,51.2, ,66.8, ,80, ,10, ,33,Y,36.6,Y,7.9, ,188.7, ,68.8, 
6,Davis,Sacramento Valley,9/6/2015,249,0.22, ,0.00, ,574, ,6.4,Y,90.4, ,47.9, ,69.8, ,55, ,11, ,26,Y,33.1,Y,3.6, ,85.6, ,67.8, 
6,Davis,Sacramento Valley,9/7/2015,250,0.23, ,0.00, ,573, ,7.5,Y,94.3, ,51.7, ,73.7, ,56, ,10, ,27,Y,37.2,Y,3.9, ,94.5, ,68.5, 
6,Davis,Sacramento Valley,9/8/2015,251,0.22, ,0.00, ,568, ,8.1, ,98.7, ,52.9, ,74.7, ,55, ,9, ,27, ,39.0, ,2.8, ,66.9, ,69.6, 
6,Davis,Sacramento Valley,9/9/2015,252,0.24, ,0.00, ,549, ,8.9, ,105.9,Y,58.9, ,80.4, ,48, ,10, ,25, ,41.4, ,3.3, ,79.9, ,70.8, 
6,Davis,Sacramento Valley,9/10/2015,253,0.25, ,0.00, ,519, ,9.3, ,105.4,Y,64.4,Y,83.9,Y,44, ,12, ,23,Y,42.5,Y,4.2, ,99.9, ,71.7, 
6,Davis,Sacramento Valley,9/11/2015,254,0.21, ,0.00, ,481, ,10.9, ,102.0, ,59.0, ,79.0, ,62, ,12, ,32, ,46.9, ,3.6, ,85.5, ,72.3, 
6,Davis,Sacramento Valley,9/12/2015,255,0.14, ,0.00, ,323, ,13.6, ,87.3, ,65.7,Y,74.1, ,60, ,30, ,47, ,52.7, ,3.9, ,92.6, ,71.9, 
6,Davis,Sacramento Valley,9/13/2015,256,0.18, ,0.00, ,378, ,14.1, ,95.3, ,66.3,Y,77.8, ,67, ,19, ,43, ,53.7, ,5.9, ,142.0, ,72.1, 
6,Davis,Sacramento Valley,9/14/2015,257,0.14, ,0.00, ,289, ,14.9, ,75.2, ,61.8, ,66.6, ,76, ,56, ,67, ,55.2, ,10.7,Y,257.0,Y,71.3, 
6,Davis,Sacramento Valley,9/15/2015,258,0.18, ,0.00, ,429, ,11.5, ,78.0, ,57.5, ,66.0, ,86, ,30, ,53, ,48.3, ,7.9, ,189.2, ,69.9, 
6,Davis,Sacramento Valley,9/16/2015,259,0.07, ,0.03, ,195, ,13.2, ,69.8,Y,53.7, ,62.3, ,88, ,51, ,69, ,51.9, ,7.1, ,170.6, ,68.7, 
6,Davis,Sacramento Valley,9/17/2015,260,0.18, ,0.00, ,503, ,13.2, ,78.6, ,54.1, ,65.3, ,97, ,34, ,62, ,52.0, ,5.6, ,133.8, ,68.4, 
6,Davis,Sacramento Valley,9/18/2015,261,0.19, ,0.00, ,518, ,11.0, ,88.0, ,48.5, ,68.5, ,84, ,22, ,46, ,47.0, ,3.6, ,87.5, ,68.3, 
6,Davis,Sacramento Valley,9/19/2015,262,0.20, ,0.00, ,514, ,10.3, ,93.5, ,52.7, ,72.2, ,74, ,15, ,38, ,45.4, ,3.3, ,79.1, ,68.5, 
6,Davis,Sacramento Valley,9/20/2015,263,0.19, ,0.00, ,515, ,9.5, ,98.2, ,53.0, ,74.6, ,70, ,10, ,33, ,43.3, ,2.7, ,63.9, ,68.9, 
6,Davis,Sacramento Valley,9/21/2015,264,0.21, ,0.01, ,502, ,9.9, ,99.8, ,57.8, ,77.0, ,67, ,13, ,31, ,44.3, ,3.5, ,83.8, ,69.4, 
6,Davis,Sacramento Valley,9/22/2015,265,0.21, ,0.00, ,507, ,13.4, ,83.2, ,57.9, ,68.6, ,77, ,37, ,56, ,52.3, ,9.3, ,222.5, ,69.0, 
6,Davis,Sacramento Valley,9/23/2015,266,0.17, ,0.00, ,489, ,12.4, ,89.9, ,49.4, ,67.8, ,88, ,27, ,53, ,50.2, ,3.8, ,91.3, ,68.6, 
6,Davis,Sacramento Valley,9/24/2015,267,0.18, ,0.01, ,448, ,11.3, ,93.8, ,56.8, ,73.7, ,70, ,18, ,40, ,47.8, ,3.2, ,76.5, ,69.0, 
6,Davis,Sacramento Valley,9/25/2015,268,0.20, ,0.00, ,476, ,10.6, ,95.8, ,56.2, ,74.5, ,63, ,17, ,36, ,46.2, ,3.5, ,82.8, ,69.4, 
6,Davis,Sacramento Valley,9/26/2015,269,0.18, ,0.00, ,465, ,12.4, ,94.4, ,56.1, ,74.2, ,71, ,20, ,43, ,50.3, ,3.2, ,77.1, ,70.0, 
6,Davis,Sacramento Valley,9/27/2015,270,0.15, ,0.00, ,380, ,12.2, ,89.1, ,55.8, ,71.3, ,75, ,24, ,46, ,49.8, ,3.5, ,84.0, ,69.9, 
6,Davis,Sacramento Valley,9/28/2015,271,0.18, ,0.00, ,428, ,11.4, ,88.3, ,52.4, ,69.1, ,79, ,15, ,47, ,48.0, ,4.8, ,115.9, ,69.6, 
6,Davis,Sacramento Valley,9/29/2015,272,0.16, ,0.00, ,402, ,11.0, ,79.7, ,55.4, ,65.5, ,69, ,29, ,51, ,46.9, ,6.0, ,144.5, ,69.0, 
6,Davis,Sacramento Valley,9/30/2015,273,0.03, ,0.02, ,150, ,14.5, ,68.3, ,56.3, ,62.8, ,87, ,62, ,74, ,54.5, ,3.2, ,77.6, ,67.2, 
6,Davis,Sacramento Valley,10/1/2015,274,0.10, ,0.01, ,308, ,15.3, ,77.7, ,58.8, ,66.2, ,94, ,46, ,70, ,56.0, ,3.1, ,73.6, ,67.8, 
6,Davis,Sacramento Valley,10/2/2015,275,0.21, ,0.00, ,435, ,11.1, ,89.2, ,55.6, ,70.6, ,78, ,19, ,44, ,47.4, ,6.3, ,151.1, ,67.9, 
6,Davis,Sacramento Valley,10/3/2015,276,0.19, ,0.05, ,442, ,10.7, ,84.5, ,50.6, ,65.3, ,87, ,23, ,50, ,46.3, ,6.3, ,150.9, ,67.3, 
6,Davis,Sacramento Valley,10/4/2015,277,0.16, ,0.10,H,429, ,12.4, ,78.4, ,53.3, ,66.2, ,84, ,40, ,56, ,50.2, ,6.4, ,154.2, ,67.5, 
6,Davis,Sacramento Valley,10/5/2015,278,0.14, ,0.02, ,420, ,13.4, ,80.3, ,51.3, ,66.4, ,87, ,36, ,60, ,52.3, ,4.1, ,98.7, ,68.3, 
6,Davis,Sacramento Valley,10/6/2015,279,0.14, ,0.00, ,410, ,14.6, ,81.6, ,54.8, ,67.3, ,89, ,38, ,64, ,54.7, ,4.5, ,108.4, ,68.7, 
6,Davis,Sacramento Valley,10/7/2015,280,0.12, ,0.01, ,374, ,14.4, ,83.9, ,53.2, ,68.1, ,88, ,37, ,61, ,54.3, ,3.0, ,71.3, ,68.6, 
6,Davis,Sacramento Valley,10/8/2015,281,0.12, ,0.00, ,337, ,14.7, ,88.1, ,57.8, ,72.3, ,82, ,33, ,54, ,54.9, ,2.5, ,59.5, ,69.5, 
6,Davis,Sacramento Valley,10/9/2015,282,0.15, ,0.00, ,413, ,12.7, ,91.1, ,53.8, ,71.3, ,80, ,21, ,48, ,50.9, ,2.8, ,67.4, ,69.8, 
6,Davis,Sacramento Valley,10/10/2015,283,0.16, ,0.00, ,402, ,15.7, ,89.2, ,53.4, ,69.3, ,98, ,35, ,64, ,56.6, ,5.0, ,120.4, ,69.7, 
6,Davis,Sacramento Valley,10/11/2015,284,0.14, ,0.00, ,400, ,13.1, ,90.5, ,54.0, ,70.4, ,89, ,24, ,52, ,51.8, ,3.2, ,77.0, ,69.7, 
6,Davis,Sacramento Valley,10/12/2015,285,0.15, ,0.00, ,395, ,11.9, ,92.4, ,54.0, ,71.2, ,84, ,23, ,45, ,49.1, ,3.1, ,74.5, ,68.2, 
6,Davis,Sacramento Valley,10/13/2015,286,0.16, ,0.00, ,381, ,10.8, ,97.8,Y,57.9, ,75.4,Y,61, ,17, ,36,Y,46.5,Y,3.2, ,77.6, ,68.5, 
6,Davis,Sacramento Valley,10/14/2015,287,0.15, ,0.00, ,354, ,11.1, ,92.9, ,58.2, ,74.8,Y,63, ,21, ,38,Y,47.3,Y,3.6, ,87.1, ,69.4, 
6,Davis,Sacramento Valley,10/15/2015,288,0.13, ,0.00, ,298, ,12.1, ,87.4, ,62.0,Y,72.2, ,67, ,24, ,45, ,49.6, ,3.8, ,91.9, ,69.8, 
6,Davis,Sacramento Valley,10/16/2015,289,0.13, ,0.00, ,344, ,13.5, ,88.3, ,61.4,Y,72.0, ,74, ,27, ,50, ,52.6, ,4.7, ,113.6, ,69.8, 
6,Davis,Sacramento Valley,10/17/2015,290,0.09, ,0.00, ,221, ,13.7, ,78.1, ,55.9, ,66.5, ,86, ,49, ,62, ,52.9, ,5.6, ,134.0, ,69.7, 
6,Davis,Sacramento Valley,10/18/2015,291,0.08, ,0.00, ,281, ,14.0, ,74.6, ,48.2, ,60.7, ,93, ,52, ,77, ,53.5, ,3.5, ,84.7, ,68.6, 
6,Davis,Sacramento Valley,10/19/2015,292,0.11, ,0.00, ,339, ,13.6, ,76.4, ,51.7, ,63.8, ,93, ,43, ,67, ,52.8, ,4.0, ,96.4, ,67.5, 
6,Davis,Sacramento Valley,10/20/2015,293,0.23, ,0.00, ,370, ,9.5, ,83.5, ,59.3, ,70.5, ,68, ,22, ,37, ,43.2, ,11.1, ,265.5, ,66.9, 
6,Davis,Sacramento Valley,10/21/2015,294,0.17, ,0.00, ,370, ,8.7, ,84.2, ,57.5, ,69.6, ,65, ,18, ,35, ,40.9, ,6.3, ,150.2, ,66.5, 
6,Davis,Sacramento Valley,10/22/2015,295,0.13, ,0.00, ,349, ,10.3, ,82.0, ,49.3, ,65.6, ,77, ,26, ,48, ,45.2, ,4.0, ,96.5, ,66.4, 
6,Davis,Sacramento Valley,10/23/2015,296,0.10, ,0.00, ,288, ,9.6, ,81.0, ,49.4, ,65.1, ,66, ,27, ,45, ,43.5, ,2.1, ,49.4, ,66.1, 
6,Davis,Sacramento Valley,10/24/2015,297,0.09, ,0.00, ,281, ,10.6, ,81.8, ,49.4, ,63.8, ,75, ,30, ,52, ,46.1, ,2.4, ,58.3, ,65.9, 
6,Davis,Sacramento Valley,10/25/2015,298,0.12, ,0.00, ,311, ,11.4, ,81.8, ,55.3, ,65.5, ,83, ,31, ,53, ,48.1, ,4.3, ,103.1, ,66.0, 
6,Davis,Sacramento Valley,10/26/2015,299,0.09, ,0.00, ,315, ,11.9, ,79.6, ,46.0, ,60.7, ,98, ,33, ,66, ,49.2, ,2.5, ,59.3, ,65.4, 
6,Davis,Sacramento Valley,10/27/2015,300,0.06, ,0.00, ,116, ,10.4, ,71.7, ,55.1, ,63.8, ,66, ,39, ,52, ,45.7, ,4.1, ,98.9, ,64.8, 
6,Davis,Sacramento Valley,10/28/2015,301,0.09, ,0.00,R,297, ,12.3, ,73.8, ,55.9, ,66.4, ,76, ,46, ,55, ,50.0, ,4.4, ,105.9, ,65.2, 
6,Davis,Sacramento Valley,10/29/2015,302,0.21, ,0.00, ,348, ,8.9, ,78.3, ,53.7, ,66.5, ,79, ,22, ,40, ,41.6, ,11.6, ,278.4, ,64.4, 
6,Davis,Sacramento Valley,10/30/2015,303,0.17, ,0.00, ,337, ,7.8, ,85.2, ,56.0, ,69.2,Y,50, ,15, ,32,Y,38.2,Y,7.0, ,167.0, ,64.0, 
6,Davis,Sacramento Valley,10/31/2015,304,0.14, ,0.00, ,324, ,11.4, ,84.8, ,50.7, ,66.4, ,77, ,30, ,51, ,48.0, ,6.5, ,156.6, ,,S
6,Davis,Sacramento Valley,11/1/2015,305,0.03, ,0.31, ,101, ,16.1,Y,68.1, ,57.4,Y,62.8, ,96, ,68, ,82,Y,57.3,Y,4.9, ,117.5, ,,S
6,Davis,Sacramento Valley,11/2/2015,306,0.02, ,0.54, ,107, ,13.4, ,62.8, ,50.4, ,55.7, ,97, ,76, ,88, ,52.3, ,4.1, ,98.0, ,,S
6,Davis,Sacramento Valley,11/3/2015,307,0.11, ,0.00, ,328, ,8.4, ,64.6, ,44.1, ,54.3, ,81, ,36, ,58, ,40.0, ,6.3, ,150.5, ,,S
6,Davis,Sacramento Valley,11/4/2015,308,0.15, ,0.00, ,329, ,6.2, ,62.9, ,44.3, ,53.9, ,54, ,29, ,44, ,32.3, ,10.3, ,246.3, ,,S
6,Davis,Sacramento Valley,11/5/2015,309,0.07, ,0.00, ,289, ,7.4, ,65.7, ,37.3, ,49.9, ,84, ,35, ,61, ,36.9, ,2.2, ,53.3, ,,S
6,Davis,Sacramento Valley,11/6/2015,310,0.09, ,0.00, ,315, ,7.7, ,67.9, ,37.8, ,53.3, ,83, ,32, ,55, ,37.7, ,3.4, ,82.2, ,,S
6,Davis,Sacramento Valley,11/7/2015,311,0.08, ,0.00, ,298, ,8.8, ,68.0, ,38.1, ,52.2, ,94, ,39, ,66, ,41.2, ,2.8, ,66.7, ,,S
6,Davis,Sacramento Valley,11/8/2015,312,0.02, ,0.10, ,122, ,11.8, ,58.4, ,44.6, ,51.6, ,97, ,80, ,91, ,49.0, ,5.5, ,131.2, ,,S
6,Davis,Sacramento Valley,11/9/2015,313,0.02, ,0.35, ,85, ,10.6, ,53.4, ,46.6, ,49.6, ,96, ,80, ,88, ,46.1, ,6.2, ,149.4, ,,S
6,Davis,Sacramento Valley,11/10/2015,314,0.07, ,0.00, ,291, ,9.5, ,58.5, ,40.6, ,49.2, ,94, ,57, ,80, ,43.3, ,5.5, ,131.0, ,,S
6,Davis,Sacramento Valley,11/11/2015,315,0.07, ,0.00, ,292, ,8.7, ,58.4, ,35.1, ,45.6, ,97, ,59, ,83, ,40.8, ,2.9, ,70.3, ,,S
6,Davis,Sacramento Valley,11/12/2015,316,0.08, ,0.00, ,291, ,8.6, ,62.9, ,34.7, ,47.7, ,96, ,46, ,76, ,40.5, ,3.8, ,90.2, ,,S
6,Davis,Sacramento Valley,11/13/2015,317,0.07, ,0.00, ,280, ,9.1, ,65.1, ,35.8, ,49.2, ,97, ,46, ,76, ,42.1, ,2.1, ,49.5, ,,S
6,Davis,Sacramento Valley,11/14/2015,318,0.07, ,0.00, ,275, ,10.0, ,64.8, ,37.1, ,50.7, ,98, ,56, ,79, ,44.5, ,3.5, ,83.6, ,,S
6,Davis,Sacramento Valley,11/15/2015,319,0.09, ,0.11, ,243, ,9.2, ,62.3, ,40.9, ,52.7, ,97, ,40, ,67, ,42.3, ,8.1, ,193.2, ,,S
6,Davis,Sacramento Valley,11/16/2015,320,0.13, ,0.00, ,322,R,4.7, ,59.1, ,42.7, ,52.5, ,68, ,27, ,35, ,25.5, ,9.5, ,228.6, ,54.2,H
6,Davis,Sacramento Valley,11/17/2015,321,0.07, ,0.00, ,265, ,7.1, ,62.9, ,40.4, ,49.8, ,86, ,42, ,58, ,35.7, ,3.1, ,75.2, ,53.8, 
6,Davis,Sacramento Valley,11/18/2015,322,0.06, ,0.00, ,255, ,9.1, ,63.2, ,36.6, ,49.1, ,93, ,56, ,77, ,42.1, ,3.0, ,72.6, ,53.7, 
6,Davis,Sacramento Valley,11/19/2015,323,0.06, ,0.00, ,262, ,10.1, ,66.9, ,37.6, ,52.1, ,97, ,52, ,76, ,44.8, ,2.4, ,56.4, ,53.9, 
6,Davis,Sacramento Valley,11/20/2015,324,0.09, ,0.00, ,265, ,10.7, ,73.5, ,41.8, ,56.4, ,95, ,42, ,69, ,46.3, ,4.5, ,108.8, ,54.4, 
6,Davis,Sacramento Valley,11/21/2015,325,0.08, ,0.00, ,248, ,9.5, ,69.2, ,40.7, ,53.4, ,97, ,34, ,68, ,43.2, ,3.6, ,87.1, ,54.6, 
6,Davis,Sacramento Valley,11/22/2015,326,0.06, ,0.00, ,239, ,9.6, ,66.9, ,39.0, ,52.2, ,87, ,50, ,72, ,43.5, ,2.4, ,58.0, ,54.1, 
6,Davis,Sacramento Valley,11/23/2015,327,0.06, ,0.00, ,237, ,10.1, ,66.8, ,42.0, ,52.6, ,88, ,51, ,74, ,44.7, ,4.1, ,98.1, ,54.2, 
6,Davis,Sacramento Valley,11/24/2015,328,0.05, ,0.01, ,139, ,8.8, ,59.6, ,43.8, ,51.3, ,89, ,37, ,69, ,41.3, ,7.8, ,186.0, ,54.3, 
6,Davis,Sacramento Valley,11/25/2015,329,0.07, ,0.00, ,256, ,6.2, ,53.8, ,34.6, ,42.8, ,87, ,40, ,67, ,32.5, ,5.0, ,120.7, ,53.1, 
6,Davis,Sacramento Valley,11/26/2015,330,0.12, ,0.00, ,258, ,4.5, ,54.4, ,34.1, ,44.9, ,74, ,31, ,44, ,24.3, ,11.1, ,267.1, ,51.6, 
6,Davis,Sacramento Valley,11/27/2015,331,0.14, ,0.00, ,263, ,3.6, ,55.9, ,41.0, ,46.5, ,43, ,23, ,33, ,19.1, ,12.2, ,292.6, ,50.9, 
6,Davis,Sacramento Valley,11/28/2015,332,0.09, ,0.00, ,263, ,3.4, ,54.4, ,29.8, ,42.8, ,49, ,24, ,36, ,17.8, ,6.5, ,157.0, ,50.2, 
6,Davis,Sacramento Valley,11/29/2015,333,0.07, ,0.00, ,259, ,3.6, ,56.0, ,28.6, ,40.0, ,56, ,25, ,42, ,19.0, ,4.2, ,100.7, ,48.6, 
6,Davis,Sacramento Valley,11/30/2015,334,0.04, ,0.03, ,106, ,4.9, ,48.3, ,27.7, ,39.7, ,66, ,51, ,59, ,26.6, ,4.8, ,114.9, ,47.6, 
6,Davis,Sacramento Valley,12/1/2015,335,0.06, ,0.00, ,228, ,5.9, ,60.3, ,31.5, ,44.4, ,80, ,38, ,59, ,31.1, ,3.0, ,71.0, ,48.0, 
6,Davis,Sacramento Valley,12/2/2015,336,0.04, ,0.00, ,118, ,7.6, ,58.6, ,40.7, ,48.5, ,79, ,47, ,65, ,37.4, ,3.1, ,73.8, ,49.0, 
6,Davis,Sacramento Valley,12/3/2015,337,0.02, ,0.15, ,82, ,9.4, ,55.3, ,37.2, ,47.3, ,94, ,60, ,85, ,42.9, ,6.3, ,151.9, ,49.2, 
6,Davis,Sacramento Valley,12/4/2015,338,0.05, ,0.00, ,220, ,9.8, ,62.3, ,40.7, ,49.2, ,97, ,54, ,82, ,44.1, ,3.2, ,76.6, ,50.1, 
6,Davis,Sacramento Valley,12/5/2015,339,0.02, ,0.00, ,135, ,9.1, ,54.2, ,37.5, ,45.8, ,98, ,67, ,87, ,42.1, ,2.4, ,58.2, ,49.9, 
6,Davis,Sacramento Valley,12/6/2015,340,0.03, ,0.02, ,109, ,11.7, ,62.3, ,45.6, ,53.5, ,98, ,64, ,84, ,48.7, ,4.9, ,116.7, ,50.8, 
6,Davis,Sacramento Valley,12/7/2015,341,0.02, ,0.00, ,111, ,13.5, ,63.3, ,46.7, ,54.2, ,100, ,76, ,94, ,52.5, ,3.6, ,86.1, ,52.5, 
6,Davis,Sacramento Valley,12/8/2015,342,0.00, ,0.01, ,48, ,13.6, ,54.5, ,46.8, ,52.6, ,100, ,100, ,100, ,52.7, ,3.2, ,76.0, ,53.0, 
6,Davis,Sacramento Valley,12/9/2015,343,0.01, ,0.00, ,75, ,14.2, ,60.0, ,50.5, ,54.9, ,100, ,88, ,97, ,54.0, ,7.0, ,169.1, ,53.6, 
6,Davis,Sacramento Valley,12/10/2015,344,0.06, ,0.20, ,205, ,11.7, ,63.9, ,49.0, ,55.3, ,100, ,51, ,78, ,48.6, ,8.5, ,204.6, ,54.2, 
6,Davis,Sacramento Valley,12/11/2015,345,0.05, ,0.01, ,208, ,8.9, ,59.3, ,39.8, ,49.6, ,90, ,48, ,74, ,41.5, ,4.1, ,98.6, ,53.6, 
6,Davis,Sacramento Valley,12/12/2015,346,0.03, ,0.00, ,144, ,8.8, ,56.1, ,36.3, ,47.4, ,97, ,61, ,79, ,41.2, ,3.4, ,80.7, ,52.0, 
6,Davis,Sacramento Valley,12/13/2015,347,0.05, ,0.47, ,118, ,8.9, ,56.6, ,39.5, ,49.3, ,93, ,50, ,74, ,41.4, ,10.1, ,242.1, ,52.1, 
6,Davis,Sacramento Valley,12/14/2015,348,0.08, ,0.00, ,237, ,5.9, ,54.1, ,34.6, ,44.3, ,77, ,38, ,59, ,30.9, ,7.4, ,176.6, ,50.5, 
6,Davis,Sacramento Valley,12/15/2015,349,0.10, ,0.00, ,239, ,5.7, ,54.7, ,39.8, ,46.2, ,70, ,37, ,54, ,30.4, ,12.2, ,292.6, ,49.4, 
6,Davis,Sacramento Valley,12/16/2015,350,0.05, ,0.00, ,227, ,6.3, ,51.4, ,29.2, ,41.5, ,93, ,51, ,71, ,32.8, ,2.6, ,62.3, ,48.8, 
6,Davis,Sacramento Valley,12/17/2015,351,0.04, ,0.00, ,174, ,7.6, ,55.2, ,36.0, ,44.4, ,94, ,55, ,76, ,37.3, ,4.3, ,104.1, ,48.7, 
6,Davis,Sacramento Valley,12/18/2015,352,0.04, ,0.09, ,119, ,8.3, ,55.2, ,39.8, ,47.0, ,92, ,55, ,75, ,39.6, ,6.6, ,158.1, ,48.8, 
6,Davis,Sacramento Valley,12/19/2015,353,0.03, ,0.03, ,157, ,10.4, ,57.4, ,38.0, ,47.6, ,100, ,68, ,93, ,45.6, ,4.7, ,113.7, ,49.9, 
6,Davis,Sacramento Valley,12/20/2015,354,0.01, ,0.22, ,67, ,9.1, ,50.8, ,35.4, ,43.7, ,100, ,76, ,94, ,42.1, ,5.6, ,133.8, ,49.3, 
6,Davis,Sacramento Valley,12/21/2015,355,0.00, ,0.19, ,40, ,11.5, ,51.7, ,46.1, ,48.5, ,100, ,95, ,99, ,48.2, ,11.2, ,269.2, ,49.5, 
6,Davis,Sacramento Valley,12/22/2015,356,0.05, ,0.00, ,146, ,13.0,Y,64.0, ,47.1, ,57.1,Y,100, ,63, ,82,Y,51.5,Y,8.7, ,209.1, ,51.1, 
6,Davis,Sacramento Valley,12/23/2015,357,0.05, ,0.00, ,220, ,7.5, ,57.7, ,38.4, ,48.8, ,82, ,43, ,64, ,37.0, ,3.6, ,87.2, ,51.3, 
6,Davis,Sacramento Valley,12/24/2015,358,0.05, ,0.02, ,151, ,7.8, ,54.0, ,33.6, ,46.0, ,92, ,54, ,74, ,38.2, ,7.4, ,177.0, ,50.3, 
6,Davis,Sacramento Valley,12/25/2015,359,0.04, ,0.00, ,224, ,6.4, ,49.4, ,30.8, ,38.8, ,94, ,62, ,80, ,33.1, ,4.1, ,98.8, ,48.8, 
6,Davis,Sacramento Valley,12/26/2015,360,0.08, ,0.00, ,239, ,5.1, ,51.7, ,30.9, ,41.4, ,77, ,34, ,57, ,27.4, ,8.3, ,198.3, ,47.7, 
6,Davis,Sacramento Valley,12/27/2015,361,0.02, ,0.00, ,125, ,6.1, ,45.2, ,26.3, ,37.0, ,96, ,64, ,81, ,31.8, ,3.2, ,76.3, ,46.2, 
6,Davis,Sacramento Valley,12/28/2015,362,0.05, ,0.03, ,227, ,6.9, ,48.9, ,34.0, ,41.0, ,93, ,63, ,80, ,35.2, ,6.1, ,147.4, ,46.4, 
6,Davis,Sacramento Valley,12/29/2015,363,0.05, ,0.00, ,233, ,6.2, ,51.9, ,32.8, ,42.6, ,95, ,50, ,66, ,32.2, ,5.3, ,126.9, ,46.4, 
6,Davis,Sacramento Valley,12/30/2015,364,0.03, ,0.00, ,137, ,6.8, ,48.5, ,32.4, ,39.2, ,95, ,68, ,83, ,34.6, ,5.4, ,130.7, ,46.0, 
6,Davis,Sacramento Valley,12/31/2015,365,0.07, ,0.00, ,238, ,4.9, ,52.0, ,28.9, ,40.1, ,90, ,36, ,59, ,26.8, ,6.4, ,154.1, ,45.4, 
6,Davis,Sacramento Valley,1/1/2016,001,0.09, ,0.00, ,190, ,3.6, ,48.8, ,31.5, ,40.0, ,70, ,34, ,43, ,19.5, ,9.2, ,220.4, ,44.8, 
6,Davis,Sacramento Valley,1/2/2016,002,0.06, ,0.00, ,144, ,4.5, ,49.5, ,35.1, ,42.1, ,60, ,39, ,50, ,24.6, ,6.7, ,161.0, ,44.3, 
6,Davis,Sacramento Valley,1/3/2016,003,0.06, ,0.00, ,168, ,5.9, ,54.9, ,37.2, ,45.6, ,66, ,46, ,57, ,31.1, ,4.9, ,116.8, ,39.4,Y
6,Davis,Sacramento Valley,1/4/2016,004,0.01, ,0.21, ,73, ,9.0, ,51.8, ,42.2, ,46.3, ,96, ,62, ,84, ,41.7, ,3.3, ,79.0, ,,S
6,Davis,Sacramento Valley,1/5/2016,005,0.01, ,0.77, ,77, ,11.2, ,52.9, ,44.9, ,49.4, ,97, ,86, ,93, ,47.6, ,8.3, ,200.4, ,,S
6,Davis,Sacramento Valley,1/6/2016,006,0.01, ,0.96, ,59, ,10.6, ,52.2, ,45.0, ,47.9, ,100, ,87, ,93, ,46.1, ,8.8, ,210.0, ,,S
6,Davis,Sacramento Valley,1/7/2016,007,0.01, ,0.04, ,84, ,9.7, ,51.4, ,35.9, ,45.1, ,100, ,77, ,95, ,43.7, ,2.7, ,64.2, ,,S
6,Davis,Sacramento Valley,1/8/2016,008,0.04, ,0.03, ,202, ,9.0, ,52.4, ,35.0, ,43.9, ,100, ,74, ,92, ,41.7, ,2.3, ,56.4, ,,S
6,Davis,Sacramento Valley,1/9/2016,009,0.02, ,0.15, ,88, ,10.4, ,52.5, ,44.5, ,47.8, ,100, ,79, ,92, ,45.6, ,4.8, ,115.3, ,,S
6,Davis,Sacramento Valley,1/10/2016,010,0.03, ,0.00, ,158, ,10.6, ,56.5, ,44.2, ,48.8, ,100, ,68, ,90, ,46.1, ,4.5, ,108.5, ,,S
6,Davis,Sacramento Valley,1/11/2016,011,0.04, ,0.00, ,167, ,10.3, ,57.2, ,43.6, ,49.0, ,99, ,70, ,87, ,45.4, ,3.4, ,82.3, ,,S
6,Davis,Sacramento Valley,1/12/2016,012,0.04, ,0.00,R,149, ,11.1, ,56.0, ,49.3, ,52.0, ,100, ,70, ,84, ,47.3, ,4.8, ,116.1, ,49.4,H
6,Davis,Sacramento Valley,1/13/2016,013,0.06, ,0.45, ,206, ,11.1, ,59.8, ,41.9, ,52.0, ,97, ,65, ,84, ,47.4, ,10.2, ,245.6, ,50.0, 
6,Davis,Sacramento Valley,1/14/2016,014,0.01, ,0.10, ,68, ,9.9, ,51.3, ,37.3, ,45.1, ,100, ,88, ,97, ,44.2, ,5.2, ,125.5, ,49.3, 
6,Davis,Sacramento Valley,1/15/2016,015,0.02, ,0.15, ,114, ,10.6, ,52.8, ,41.8, ,48.0, ,100, ,84, ,93, ,46.1, ,5.5, ,132.3, ,49.2, 
6,Davis,Sacramento Valley,1/16/2016,016,0.02, ,0.27, ,98, ,12.8, ,58.1, ,47.6, ,51.8, ,100, ,87, ,97, ,51.0, ,5.1, ,122.6, ,49.8, 
6,Davis,Sacramento Valley,1/17/2016,017,0.00, ,0.38, ,39, ,13.3, ,55.4, ,50.5, ,53.1, ,100, ,89, ,96, ,52.1, ,7.5, ,180.2, ,50.6, 
6,Davis,Sacramento Valley,1/18/2016,018,0.04, ,0.24, ,161, ,14.2,Y,61.7, ,53.0,Y,56.3,Y,100, ,73, ,92,Y,53.9,Y,5.6, ,134.5, ,51.9, 
6,Davis,Sacramento Valley,1/19/2016,019,0.04, ,0.91, ,147, ,14.1,Y,65.3, ,50.6, ,55.6, ,100, ,75, ,94,Y,53.8,Y,10.4, ,250.6, ,52.9, 
6,Davis,Sacramento Valley,1/20/2016,020,0.03, ,0.00, ,159, ,11.8, ,57.6, ,45.3, ,50.4, ,100, ,80, ,95, ,48.9, ,3.9, ,93.8, ,52.8, 
6,Davis,Sacramento Valley,1/21/2016,021,0.02, ,0.00, ,107, ,12.7, ,60.3, ,45.9, ,52.8, ,100, ,74, ,94, ,51.0, ,3.6, ,86.8, ,52.4, 
6,Davis,Sacramento Valley,1/22/2016,022,0.01, ,0.35, ,73, ,13.3, ,57.7, ,51.8,Y,53.9, ,100, ,82, ,94, ,52.1, ,8.6, ,206.1, ,52.8, 
6,Davis,Sacramento Valley,1/23/2016,023,0.04, ,0.02, ,149, ,11.2, ,59.5, ,44.9, ,52.8, ,94, ,70, ,83, ,47.6, ,8.6, ,206.2, ,52.8, 
6,Davis,Sacramento Valley,1/24/2016,024,0.04, ,0.00, ,207, ,9.9, ,59.4, ,37.4, ,47.7, ,100, ,63, ,88, ,44.4, ,2.3, ,54.7, ,51.9, 
6,Davis,Sacramento Valley,1/25/2016,025,0.07, ,0.00, ,269, ,11.2, ,59.9, ,43.3, ,51.7, ,100, ,64, ,86, ,47.6, ,5.1, ,122.4, ,52.4, 
6,Davis,Sacramento Valley,1/26/2016,026,0.05, ,0.01, ,232, ,10.1, ,58.9, ,37.2, ,47.2, ,100, ,70, ,91, ,44.7, ,2.6, ,63.2, ,51.8, 
6,Davis,Sacramento Valley,1/27/2016,027,0.07, ,0.00, ,284, ,10.2, ,63.6, ,42.6, ,51.0, ,98, ,52, ,80, ,45.1, ,3.8, ,90.9, ,51.7, 
6,Davis,Sacramento Valley,1/28/2016,028,0.02, ,0.00, ,106, ,11.4, ,56.6, ,41.8, ,49.5, ,100, ,83, ,94, ,48.0, ,3.9, ,94.5, ,51.2, 
6,Davis,Sacramento Valley,1/29/2016,029,0.01, ,0.07, ,88, ,14.5,Y,59.4, ,51.5, ,55.1, ,100, ,88, ,98,Y,54.4,Y,8.3, ,198.6, ,52.1, 
6,Davis,Sacramento Valley,1/30/2016,030,0.06, ,0.00, ,247, ,10.3, ,61.4, ,48.2, ,53.3, ,92, ,49, ,74, ,45.4, ,3.4, ,82.7, ,53.2, 
6,Davis,Sacramento Valley,1/31/2016,031,0.13, ,0.00, ,246, ,6.7, ,55.7, ,44.1, ,49.2, ,92, ,37, ,56, ,34.1, ,13.7,Y,328.6,Y,52.8, 
6,Davis,Sacramento Valley,2/1/2016,032,0.13, ,0.00, ,303, ,5.0, ,54.8, ,36.2, ,46.0, ,80, ,35, ,47, ,27.0, ,11.1, ,267.4, ,50.8, 
6,Davis,Sacramento Valley,2/2/2016,033,0.02, ,0.07, ,110, ,8.0, ,48.1, ,37.3, ,42.2, ,95, ,77, ,88, ,38.8, ,4.7, ,112.7, ,49.4, 
6,Davis,Sacramento Valley,2/3/2016,034,0.04, ,0.00, ,201, ,8.6, ,52.3, ,36.1, ,44.8, ,97, ,68, ,85, ,40.6, ,3.0, ,71.4, ,49.1, 
6,Davis,Sacramento Valley,2/4/2016,035,0.08, ,0.00, ,285, ,9.2, ,57.7, ,39.2, ,47.9, ,96, ,60, ,81, ,42.5, ,7.9, ,190.4, ,50.0, 
6,Davis,Sacramento Valley,2/5/2016,036,0.07, ,0.00, ,296, ,8.8, ,61.9, ,33.8, ,46.3, ,100, ,52, ,82, ,41.2, ,2.1, ,51.6, ,49.5, 
6,Davis,Sacramento Valley,2/6/2016,037,0.08, ,0.00, ,311, ,9.0, ,63.6, ,36.7, ,49.9, ,97, ,50, ,74, ,41.9, ,3.8, ,91.5, ,49.6, 
6,Davis,Sacramento Valley,2/7/2016,038,0.08, ,0.00, ,321, ,10.4, ,69.0, ,43.4, ,54.2, ,95, ,48, ,72, ,45.5, ,4.3, ,102.9, ,50.3, 
6,Davis,Sacramento Valley,2/8/2016,039,0.10, ,0.00, ,336, ,10.6, ,72.1,Y,41.1, ,55.5, ,99, ,45, ,70, ,46.0, ,3.4, ,81.8, ,50.9, 
6,Davis,Sacramento Valley,2/9/2016,040,0.09, ,0.00, ,307, ,11.2, ,70.1, ,41.8, ,55.0, ,98, ,50, ,76, ,47.6, ,3.4, ,82.4, ,51.4, 
6,Davis,Sacramento Valley,2/10/2016,041,0.08, ,0.00, ,285, ,10.9, ,68.3, ,38.9, ,53.9, ,95, ,55, ,77, ,46.7, ,3.4, ,82.1, ,51.5, 
6,Davis,Sacramento Valley,2/11/2016,042,0.07, ,0.00, ,284, ,12.1, ,69.9, ,42.6, ,55.8, ,100, ,56, ,80, ,49.6, ,1.9, ,45.6, ,52.0, 
6,Davis,Sacramento Valley,2/12/2016,043,0.07, ,0.00, ,285, ,12.7, ,70.5, ,43.8, ,55.7, ,100, ,57, ,84, ,50.8, ,2.4, ,58.8, ,52.5, 
6,Davis,Sacramento Valley,2/13/2016,044,0.11, ,0.00, ,353, ,10.7, ,72.3, ,44.2, ,57.5, ,98, ,39, ,66, ,46.2, ,4.7, ,113.6, ,52.9, 
6,Davis,Sacramento Valley,2/14/2016,045,0.15, ,0.00, ,313, ,11.4, ,74.1,Y,45.9, ,61.8,Y,86, ,47, ,61,Y,48.1,Y,9.0, ,215.8, ,52.9, 
6,Davis,Sacramento Valley,2/15/2016,046,0.12, ,0.00, ,366, ,12.5, ,78.4,Y,49.0, ,63.4,Y,90, ,41, ,63,Y,50.5,Y,5.3, ,127.5, ,54.3, 
6,Davis,Sacramento Valley,2/16/2016,047,0.09, ,0.00, ,345, ,12.9, ,72.4, ,43.3, ,57.7, ,99, ,56, ,79, ,51.3, ,2.2, ,53.8, ,54.4, 
6,Davis,Sacramento Valley,2/17/2016,048,0.10, ,0.33, ,243, ,12.3, ,68.7, ,49.6, ,59.3, ,90, ,49, ,71, ,50.1, ,10.1, ,242.8, ,54.8, 
6,Davis,Sacramento Valley,2/18/2016,049,0.06, ,0.28, ,230, ,10.5, ,61.1, ,46.7, ,52.1, ,89, ,59, ,79, ,45.8, ,7.8, ,187.2, ,54.2, 
6,Davis,Sacramento Valley,2/19/2016,050,0.05, ,0.03, ,208, ,11.0, ,60.5, ,43.3, ,50.7, ,95, ,64, ,87, ,47.0, ,5.9, ,141.3, ,53.3, 
6,Davis,Sacramento Valley,2/20/2016,051,0.08, ,0.00, ,320, ,9.1, ,60.5, ,40.4, ,49.2, ,99, ,51, ,77, ,42.2, ,5.1, ,123.1, ,53.0, 
6,Davis,Sacramento Valley,2/21/2016,052,0.10, ,0.00, ,388, ,9.6, ,65.8, ,36.3, ,50.5, ,97, ,49, ,77, ,43.5, ,3.2, ,75.9, ,52.2, 
6,Davis,Sacramento Valley,2/22/2016,053,0.14, ,0.00, ,403, ,8.2, ,68.8, ,40.1, ,53.9, ,97, ,28, ,58, ,39.3, ,6.9, ,164.4, ,52.3, 
6,Davis,Sacramento Valley,2/23/2016,054,0.11, ,0.00, ,397, ,7.5, ,68.1, ,38.7, ,53.3, ,78, ,31, ,54, ,37.1, ,3.6, ,87.2, ,52.2, 
6,Davis,Sacramento Valley,2/24/2016,055,0.10, ,0.00, ,384, ,10.4, ,70.9, ,39.8, ,54.4, ,90, ,48, ,72, ,45.6, ,2.6, ,62.3, ,52.3, 
6,Davis,Sacramento Valley,2/25/2016,056,0.10, ,0.00, ,403, ,11.1, ,72.6, ,48.2, ,62.5,Y,90, ,41, ,57,Y,47.2,Y,2.1, ,51.5, ,53.4, 
6,Davis,Sacramento Valley,2/26/2016,057,0.11, ,0.00, ,331, ,11.9, ,72.1, ,44.5, ,57.3, ,94, ,46, ,74, ,49.1, ,4.5, ,107.5, ,53.3, 
6,Davis,Sacramento Valley,2/27/2016,058,0.09, ,0.00, ,326, ,11.3, ,65.6, ,43.2, ,54.6, ,98, ,55, ,77, ,47.7, ,4.1, ,98.1, ,53.8, 
6,Davis,Sacramento Valley,2/28/2016,059,0.08, ,0.00, ,295, ,10.9, ,67.8, ,43.1, ,54.6, ,94, ,54, ,75, ,46.8, ,2.6, ,62.4, ,53.5, 
6,Davis,Sacramento Valley,2/29/2016,060,0.12, ,0.00, ,423, ,10.1, ,75.5, ,42.9, ,57.6, ,95, ,31, ,62, ,44.8, ,3.6, ,85.9, ,53.8, 
6,Davis,Sacramento Valley,3/1/2016,061,0.14, ,0.00, ,405, ,11.3, ,74.0, ,45.7, ,59.6, ,89, ,26, ,65, ,47.7, ,5.5, ,131.2, ,54.4, 
6,Davis,Sacramento Valley,3/2/2016,062,0.11, ,0.00, ,390, ,13.2, ,72.1, ,45.8, ,58.8, ,98, ,54, ,78, ,51.9, ,4.3, ,102.4, ,55.2, 
6,Davis,Sacramento Valley,3/3/2016,063,0.04, ,0.00, ,174, ,14.2, ,65.8, ,55.0,Y,59.8, ,94, ,70, ,81, ,53.9, ,4.4, ,104.5, ,56.0, 
6,Davis,Sacramento Valley,3/4/2016,064,0.03, ,0.60, ,138, ,16.5,Y,65.4, ,54.1,Y,59.6, ,100, ,81, ,94,Y,58.0,Y,4.7, ,111.9, ,56.5, 
6,Davis,Sacramento Valley,3/5/2016,065,0.01, ,1.46, ,79, ,16.7,Y,65.0, ,54.2,Y,59.6, ,99, ,87, ,96,Y,58.4,Y,12.9,Y,310.2,Y,57.4, 
6,Davis,Sacramento Valley,3/6/2016,066,0.09, ,0.15, ,300, ,10.5, ,61.7, ,49.2, ,54.1, ,97, ,61, ,74, ,45.9, ,8.7, ,209.8, ,57.1, 
6,Davis,Sacramento Valley,3/7/2016,067,0.06, ,0.20, ,244, ,10.2, ,56.0, ,44.0, ,49.4, ,97, ,63, ,85, ,45.0, ,7.5, ,180.7, ,55.4, 
6,Davis,Sacramento Valley,3/8/2016,068,0.07, ,0.00, ,267, ,8.6, ,57.7, ,37.5, ,49.7, ,92, ,54, ,71, ,40.7, ,4.0, ,96.6, ,53.8, 
6,Davis,Sacramento Valley,3/9/2016,069,0.05, ,0.02, ,202, ,13.0, ,62.1, ,48.1, ,55.0, ,98, ,72, ,88, ,51.6, ,4.7, ,113.3, ,54.3, 
6,Davis,Sacramento Valley,3/10/2016,070,0.01, ,0.72, ,91, ,14.6, ,62.3, ,53.5, ,57.0, ,100, ,75, ,92, ,54.7, ,4.8, ,114.1, ,55.4, 
6,Davis,Sacramento Valley,3/11/2016,071,0.04, ,0.38, ,166, ,12.5, ,58.6, ,47.8, ,52.9, ,100, ,68, ,91, ,50.4, ,7.8, ,186.5, ,55.6, 
6,Davis,Sacramento Valley,3/12/2016,072,0.04, ,0.36, ,155, ,11.9, ,56.6, ,47.3, ,52.2, ,100, ,74, ,90, ,49.2, ,9.4, ,225.0, ,54.7, 
6,Davis,Sacramento Valley,3/13/2016,073,0.01, ,0.69, ,92, ,13.9, ,57.3, ,51.1, ,54.3, ,99, ,93, ,97, ,53.4, ,12.0,Y,288.0,Y,54.5, 
6,Davis,Sacramento Valley,3/14/2016,074,0.12, ,0.00, ,448, ,10.2, ,64.5, ,45.9, ,55.3, ,93, ,45, ,69, ,45.2, ,4.6, ,111.0, ,55.2, 
6,Davis,Sacramento Valley,3/15/2016,075,0.14, ,0.00, ,487, ,8.9, ,66.7, ,41.9, ,53.5, ,92, ,38, ,64, ,41.5, ,4.9, ,118.4, ,55.3, 
6,Davis,Sacramento Valley,3/16/2016,076,0.15, ,0.00, ,483, ,10.6, ,71.3, ,42.0, ,56.9, ,94, ,45, ,67, ,46.0, ,5.2, ,124.1, ,55.1, 
6,Davis,Sacramento Valley,3/17/2016,077,0.15, ,0.00, ,502, ,12.1, ,78.2, ,44.2, ,59.8, ,99, ,36, ,69, ,49.6, ,3.5, ,84.7, ,55.5, 
6,Davis,Sacramento Valley,3/18/2016,078,0.14, ,0.00, ,495, ,12.7, ,73.3, ,44.5, ,58.5, ,98, ,43, ,76, ,50.8, ,4.0, ,96.7, ,56.5, 
6,Davis,Sacramento Valley,3/19/2016,079,0.13, ,0.00, ,437, ,13.3, ,73.8, ,46.2, ,58.7, ,100, ,55, ,79, ,52.2, ,4.8, ,116.2, ,57.3, 
6,Davis,Sacramento Valley,3/20/2016,080,0.07, ,0.04, ,263, ,13.8, ,65.8, ,53.0, ,58.2, ,93, ,68, ,83, ,53.1, ,8.3, ,198.8, ,57.7, 
6,Davis,Sacramento Valley,3/21/2016,081,0.08, ,0.15, ,258, ,11.6, ,64.3, ,48.4, ,54.8, ,95, ,69, ,79, ,48.5, ,8.5, ,203.3, ,57.3, 
6,Davis,Sacramento Valley,3/22/2016,082,0.14, ,0.00, ,534, ,8.6, ,64.3, ,42.2, ,53.3, ,89, ,38, ,62, ,40.7, ,4.2, ,101.1, ,56.3, 
6,Davis,Sacramento Valley,3/23/2016,083,0.16, ,0.00, ,510, ,9.6, ,69.9, ,43.5, ,56.2, ,89, ,40, ,62, ,43.5, ,5.5, ,132.3, ,56.0, 
6,Davis,Sacramento Valley,3/24/2016,084,0.15, ,0.00, ,511, ,11.1, ,75.1, ,43.0, ,58.1, ,97, ,34, ,67, ,47.4, ,2.5, ,60.7, ,56.5, 
6,Davis,Sacramento Valley,3/25/2016,085,0.17, ,0.00, ,534, ,10.3, ,74.8, ,46.4, ,60.0, ,97, ,23, ,58, ,45.2, ,4.1, ,98.9, ,57.0, 
6,Davis,Sacramento Valley,3/26/2016,086,0.21, ,0.00, ,530, ,9.5, ,76.7, ,51.7, ,63.3, ,88, ,26, ,48, ,43.3, ,8.6, ,206.5, ,57.2, 
6,Davis,Sacramento Valley,3/27/2016,087,0.15, ,0.00, ,475, ,12.5, ,70.6, ,47.8, ,58.9, ,99, ,52, ,73, ,50.5, ,4.9, ,117.5, ,58.2, 
6,Davis,Sacramento Valley,3/28/2016,088,0.18, ,0.00, ,494, ,6.7, ,63.4, ,41.6, ,52.5, ,79, ,30, ,50, ,34.3, ,7.7, ,185.4, ,57.5, 
6,Davis,Sacramento Valley,3/29/2016,089,0.19, ,0.00, ,560, ,6.0, ,67.7, ,45.1, ,55.1, ,63, ,25, ,41, ,31.6, ,6.7, ,161.8, ,56.0, 
6,Davis,Sacramento Valley,3/30/2016,090,0.17, ,0.00, ,561, ,8.6, ,71.1, ,38.2, ,55.0, ,86, ,28, ,58, ,40.5, ,3.9, ,94.0, ,55.8, 
6,Davis,Sacramento Valley,3/31/2016,091,0.16, ,0.00, ,558, ,11.4, ,75.3, ,41.1, ,57.1, ,96, ,47, ,72, ,48.0, ,4.0, ,96.2, ,56.8, 
6,Davis,Sacramento Valley,4/1/2016,092,0.17, ,0.00, ,558, ,11.4, ,73.0, ,43.6, ,57.8, ,95, ,45, ,69, ,47.9, ,4.6, ,110.4, ,57.8, 
6,Davis,Sacramento Valley,4/2/2016,093,0.17, ,0.00, ,561, ,12.2, ,76.2, ,44.6, ,60.0, ,96, ,44, ,69, ,49.7, ,3.4, ,82.7, ,58.5, 
6,Davis,Sacramento Valley,4/3/2016,094,0.18, ,0.00, ,548, ,12.2, ,77.6, ,45.9, ,61.0, ,96, ,35, ,67, ,49.8, ,4.5, ,107.3, ,59.2, 
6,Davis,Sacramento Valley,4/4/2016,095,0.19, ,0.00, ,579, ,11.6, ,79.1, ,46.4, ,62.3, ,96, ,36, ,60, ,48.4, ,4.3, ,103.6, ,59.7, 
6,Davis,Sacramento Valley,4/5/2016,096,0.29, ,0.00, ,595,R,7.7, ,81.9, ,56.8,Y,67.9,Y,54, ,20, ,33,Y,37.9,Y,10.5, ,252.1, ,59.9, 
6,Davis,Sacramento Valley,4/6/2016,097,0.23, ,0.00, ,592, ,10.4, ,87.6, ,49.9, ,69.8,Y,75, ,22, ,42,Y,45.5,Y,5.2, ,125.3, ,60.3, 
6,Davis,Sacramento Valley,4/7/2016,098,0.18, ,0.00, ,455, ,12.2, ,79.1, ,50.8, ,64.5, ,89, ,36, ,59, ,49.8, ,6.0, ,144.5, ,60.8, 
6,Davis,Sacramento Valley,4/8/2016,099,0.15, ,0.04, ,433, ,13.5, ,77.0, ,51.0, ,62.0, ,89, ,45, ,71, ,52.6, ,6.5, ,155.4, ,60.9, 
6,Davis,Sacramento Valley,4/9/2016,100,0.01, ,0.17, ,100, ,15.3,Y,61.3, ,56.6,Y,58.5, ,100, ,86, ,91,Y,55.9,Y,6.1, ,145.9, ,60.8, 
6,Davis,Sacramento Valley,4/10/2016,101,0.05, ,0.07, ,231, ,14.8,Y,64.5, ,52.8, ,57.5, ,100, ,77, ,91,Y,55.0,Y,5.3, ,127.3, ,60.2, 
6,Davis,Sacramento Valley,4/11/2016,102,0.14, ,0.00, ,472, ,13.5, ,70.8, ,48.6, ,60.4, ,100, ,56, ,75, ,52.6, ,4.3, ,104.2, ,60.3, 
6,Davis,Sacramento Valley,4/12/2016,103,0.13, ,0.00, ,413, ,13.1, ,70.1, ,51.4, ,59.4, ,97, ,58, ,76, ,51.8, ,6.0, ,145.1, ,60.8, 
6,Davis,Sacramento Valley,4/13/2016,104,0.16,R,0.00, ,595, ,10.0, ,71.7, ,46.0, ,59.2, ,93, ,39, ,58, ,44.6, ,1.5, ,36.8, ,60.6, 
6,Davis,Sacramento Valley,4/14/2016,105,0.16,R,0.00, ,602, ,8.9, ,69.0, ,45.8, ,57.0, ,94, ,35, ,56, ,41.4, ,1.0,I,24.0,I,60.7, 
6,Davis,Sacramento Valley,4/15/2016,106,0.17,R,0.00, ,638,R,7.0, ,73.5, ,43.7, ,59.2, ,72, ,22, ,40, ,35.2, ,1.0,I,24.0,I,59.5, 
6,Davis,Sacramento Valley,4/16/2016,107,0.19,R,0.00, ,641,R,7.6, ,83.3, ,54.8, ,67.4, ,58, ,16, ,33, ,37.6, ,1.0,I,24.0,I,59.9, 
6,Davis,Sacramento Valley,4/17/2016,108,0.19,R,0.00, ,629, ,10.5, ,84.1, ,45.9, ,66.6, ,78, ,26, ,47, ,45.8, ,1.0,I,24.0,I,61.3, 
6,Davis,Sacramento Valley,4/18/2016,109,0.20,R,0.00, ,627, ,11.4, ,87.7, ,50.6, ,67.9, ,84, ,20, ,49, ,48.1, ,1.0,I,24.0,I,62.9, 
6,Davis,Sacramento Valley,4/19/2016,110,0.19,R,0.00, ,577, ,9.9, ,86.6, ,47.2, ,66.6, ,85, ,17, ,44, ,44.2, ,1.0,I,24.0,I,63.1, 
6,Davis,Sacramento Valley,4/20/2016,111,0.19,R,0.00, ,634, ,8.5, ,79.3, ,49.6, ,65.1, ,82, ,15, ,40, ,40.2, ,1.0,I,24.0,I,63.1, 
6,Davis,Sacramento Valley,4/21/2016,112,0.16,R,0.00, ,538, ,13.0, ,74.7, ,53.0, ,63.4, ,86, ,45, ,65, ,51.5, ,1.0,I,24.0,I,62.9, 
6,Davis,Sacramento Valley,4/22/2016,113,0.13,R,0.00,R,515, ,10.2, ,64.6, ,47.7, ,56.8, ,92, ,46, ,65, ,45.0, ,9.1,H,218.4,H,62.3, 
6,Davis,Sacramento Valley,4/23/2016,114,0.19, ,0.00, ,638, ,10.2, ,71.2, ,40.6, ,57.3, ,96, ,36, ,64, ,45.1, ,3.9, ,93.6, ,61.2, 
6,Davis,Sacramento Valley,4/24/2016,115,0.19, ,0.00, ,529, ,9.8, ,73.5, ,46.6, ,60.2, ,92, ,32, ,55, ,44.0, ,5.1, ,123.4, ,61.9, 
6,Davis,Sacramento Valley,4/25/2016,116,0.28, ,0.00, ,672,R,5.5, ,70.8, ,46.4, ,59.0, ,58, ,20, ,32, ,29.4, ,10.6, ,254.6, ,61.0, 
6,Davis,Sacramento Valley,4/26/2016,117,0.21, ,0.00, ,572, ,7.5, ,73.6, ,43.8, ,60.1, ,69, ,25, ,42, ,37.1, ,6.3, ,151.5, ,60.4, 
6,Davis,Sacramento Valley,4/27/2016,118,0.16, ,0.00, ,485, ,9.7, ,68.6, ,45.3, ,57.2, ,85, ,43, ,61, ,43.6, ,5.0, ,120.5, ,61.0, 
6,Davis,Sacramento Valley,4/28/2016,119,0.29, ,0.00, ,678,R,8.7, ,80.3, ,48.2, ,64.9, ,75, ,18, ,41, ,41.0, ,9.3, ,222.6, ,60.9, 
6,Davis,Sacramento Valley,4/29/2016,120,0.23, ,0.00, ,616, ,11.3, ,78.0, ,49.7, ,63.6, ,84, ,26, ,56, ,47.7, ,6.0, ,143.3, ,62.5, 
6,Davis,Sacramento Valley,4/30/2016,121,0.38, ,0.00, ,673, ,7.8, ,81.4, ,58.2, ,68.5, ,43, ,21, ,33, ,38.1, ,16.7,R,400.9,R,62.6, 
6,Davis,Sacramento Valley,5/1/2016,122,0.27, ,0.00, ,677, ,9.1, ,84.0, ,56.1, ,70.4, ,67, ,21, ,36, ,42.2, ,6.5, ,155.2, ,62.7, 
6,Davis,Sacramento Valley,5/2/2016,123,0.24, ,0.00, ,664, ,10.6, ,82.7, ,51.7, ,67.7, ,79, ,22, ,46, ,46.0, ,4.5, ,108.5, ,64.3, 
6,Davis,Sacramento Valley,5/3/2016,124,0.17, ,0.00, ,487, ,12.5, ,83.7, ,51.8, ,68.6, ,83, ,30, ,52, ,50.4, ,3.3, ,78.4, ,64.9, 
6,Davis,Sacramento Valley,5/4/2016,125,0.20, ,0.00, ,503, ,13.4, ,79.1, ,58.3, ,67.3, ,74, ,40, ,59, ,52.4, ,5.4, ,129.6, ,65.6, 
6,Davis,Sacramento Valley,5/5/2016,126,0.10, ,0.02, ,299, ,12.7, ,67.8, ,55.5, ,60.5, ,92, ,54, ,70, ,50.8, ,5.2, ,124.9, ,65.0, 
6,Davis,Sacramento Valley,5/6/2016,127,0.10, ,0.02, ,327, ,14.0, ,67.0, ,55.1, ,59.5, ,95, ,64, ,81, ,53.6, ,4.4, ,106.7, ,64.1, 
6,Davis,Sacramento Valley,5/7/2016,128,0.05, ,0.09, ,197, ,13.9, ,63.6, ,55.2, ,58.5, ,94, ,69, ,83, ,53.4, ,5.8, ,138.1, ,63.4, 
6,Davis,Sacramento Valley,5/8/2016,129,0.12, ,0.00, ,396, ,15.3, ,73.9, ,55.0, ,62.7, ,97, ,57, ,79, ,56.0, ,3.8, ,90.9, ,63.5, 
6,Davis,Sacramento Valley,5/9/2016,130,0.21, ,0.00, ,677, ,13.9, ,75.5, ,52.3, ,63.2, ,95, ,46, ,70, ,53.4, ,4.9, ,117.5, ,64.5, 
6,Davis,Sacramento Valley,5/10/2016,131,0.27, ,0.00, ,694, ,11.6, ,86.8, ,49.3, ,68.4, ,93, ,17, ,49, ,48.5, ,5.2, ,124.9, ,65.0, 
6,Davis,Sacramento Valley,5/11/2016,132,0.26, ,0.00, ,700, ,11.5, ,88.7, ,52.3, ,70.4, ,85, ,16, ,45, ,48.2, ,4.2, ,100.1, ,65.3, 
6,Davis,Sacramento Valley,5/12/2016,133,0.25, ,0.00, ,671, ,13.3, ,88.5, ,51.2, ,69.3, ,86, ,30, ,54, ,52.1, ,4.6, ,111.2, ,66.4, 
6,Davis,Sacramento Valley,5/13/2016,134,0.26, ,0.00, ,682, ,11.8, ,83.4, ,52.5, ,65.6, ,83, ,32, ,55, ,48.9, ,7.4, ,176.6, ,66.9, 
6,Davis,Sacramento Valley,5/14/2016,135,0.25, ,0.00, ,655, ,12.0, ,78.2, ,51.9, ,64.4, ,79, ,38, ,58, ,49.4, ,8.4, ,201.4, ,66.3, 
6,Davis,Sacramento Valley,5/15/2016,136,0.25, ,0.00, ,676, ,12.7, ,82.7, ,49.9, ,66.3, ,92, ,30, ,57, ,50.8, ,5.9, ,142.3, ,66.4, 
6,Davis,Sacramento Valley,5/16/2016,137,0.31, ,0.00, ,693, ,10.6, ,85.6, ,52.4, ,70.8, ,85, ,20, ,41, ,46.0, ,8.1, ,194.2, ,66.5, 
6,Davis,Sacramento Valley,5/17/2016,138,0.36, ,0.00, ,705, ,10.5, ,90.7, ,65.1,Y,77.4, ,48, ,22, ,33, ,45.9, ,10.2, ,244.5, ,66.6, 
6,Davis,Sacramento Valley,5/18/2016,139,0.30, ,0.00, ,697, ,11.8, ,95.9, ,62.8,Y,78.3, ,64, ,16, ,36, ,49.0, ,5.9, ,141.5, ,68.3, 
6,Davis,Sacramento Valley,5/19/2016,140,0.27, ,0.00, ,629, ,10.7, ,80.2, ,56.8, ,67.6, ,73, ,26, ,47, ,46.4, ,8.0, ,191.1, ,68.8, 
6,Davis,Sacramento Valley,5/20/2016,141,0.19, ,0.58, ,498, ,9.2, ,70.7, ,50.3, ,58.8, ,88, ,33, ,54, ,42.4, ,6.8, ,164.1, ,67.1, 
6,Davis,Sacramento Valley,5/21/2016,142,0.12, ,0.02, ,420, ,10.9, ,65.3, ,47.8, ,56.4, ,91, ,50, ,70, ,46.9, ,4.3, ,102.0, ,65.3, 
6,Davis,Sacramento Valley,5/22/2016,143,0.21, ,0.00, ,634, ,10.7, ,71.2, ,45.8, ,58.8, ,94, ,39, ,63, ,46.4, ,4.7, ,113.6, ,65.1, 
6,Davis,Sacramento Valley,5/23/2016,144,0.17, ,0.00, ,525, ,11.3, ,73.8, ,49.6, ,61.2, ,88, ,37, ,61, ,47.8, ,4.0, ,95.6, ,65.8, 
6,Davis,Sacramento Valley,5/24/2016,145,0.24, ,0.00, ,686, ,12.5, ,74.8, ,52.4, ,62.7, ,89, ,43, ,64, ,50.6, ,6.0, ,143.3, ,66.7, 
6,Davis,Sacramento Valley,5/25/2016,146,0.23, ,0.02, ,644, ,13.0, ,79.2, ,50.1, ,64.0, ,92, ,45, ,64, ,51.6, ,5.5, ,131.8, ,67.2, 
6,Davis,Sacramento Valley,5/26/2016,147,0.25, ,0.00, ,697, ,13.3, ,84.4, ,52.7, ,67.0, ,90, ,35, ,59, ,52.2, ,4.8, ,115.8, ,68.0, 
6,Davis,Sacramento Valley,5/27/2016,148,0.27, ,0.12,H,698, ,11.7, ,86.6, ,51.7, ,70.3, ,87, ,23, ,46, ,48.8, ,4.9, ,117.7, ,69.2, 
6,Davis,Sacramento Valley,5/28/2016,149,0.32, ,0.00, ,678, ,9.6, ,89.1, ,62.9,Y,75.6, ,54, ,21, ,32, ,43.4, ,8.1, ,194.4, ,69.6, 
6,Davis,Sacramento Valley,5/29/2016,150,0.27, ,0.00, ,706, ,12.9, ,90.3, ,55.7, ,73.0, ,75, ,26, ,46, ,51.2, ,4.4, ,105.6, ,69.9, 
6,Davis,Sacramento Valley,5/30/2016,151,0.27, ,0.00, ,703, ,13.3, ,94.8, ,55.0, ,75.5, ,83, ,24, ,44, ,52.2, ,4.1, ,99.1, ,70.8, 
6,Davis,Sacramento Valley,5/31/2016,152,0.28, ,0.00, ,725, ,14.1, ,96.5, ,58.2, ,77.7, ,76, ,23, ,44, ,53.8, ,4.0, ,96.2, ,72.6, 
6,Davis,Sacramento Valley,6/1/2016,153,0.30, ,0.00, ,744,R,13.7, ,95.6, ,58.8, ,75.5, ,76, ,19, ,45, ,52.9, ,5.5, ,133.0, ,74.0, 
6,Davis,Sacramento Valley,6/2/2016,154,0.27, ,0.00, ,738, ,13.9, ,96.2, ,53.8, ,75.3, ,88, ,15, ,46, ,53.4, ,3.8, ,90.4, ,73.2, 
6,Davis,Sacramento Valley,6/3/2016,155,0.31, ,0.00, ,723, ,13.5, ,100.0, ,60.6, ,80.6, ,73, ,16, ,38, ,52.5, ,5.3, ,126.1, ,73.6, 
6,Davis,Sacramento Valley,6/4/2016,156,0.17, ,0.00, ,419, ,14.2, ,92.9, ,64.7,Y,78.0, ,66, ,29, ,43, ,54.0, ,2.8, ,66.6, ,72.9, 
6,Davis,Sacramento Valley,6/5/2016,157,0.29, ,0.00, ,723, ,15.1, ,96.5, ,58.3, ,76.8, ,81, ,21, ,48, ,55.6, ,4.4, ,106.6, ,73.5, 
6,Davis,Sacramento Valley,6/6/2016,158,0.29, ,0.00, ,711, ,15.5, ,90.8, ,58.2, ,73.2, ,81, ,36, ,55, ,56.3, ,6.3, ,152.4, ,73.9, 
6,Davis,Sacramento Valley,6/7/2016,159,0.26, ,0.00, ,720, ,16.2, ,86.7, ,58.4, ,70.4, ,83, ,44, ,64, ,57.6, ,6.4, ,153.8, ,73.7, 
6,Davis,Sacramento Valley,6/8/2016,160,0.27, ,0.00, ,679, ,13.5, ,89.6, ,55.9, ,69.6, ,86, ,26, ,55, ,52.6, ,7.7, ,185.7, ,73.1, 
6,Davis,Sacramento Valley,6/9/2016,161,0.26, ,0.00, ,736, ,14.3, ,81.2, ,55.3, ,67.7, ,85, ,43, ,62, ,54.0, ,6.8, ,162.3, ,72.2, 
6,Davis,Sacramento Valley,6/10/2016,162,0.25, ,0.00, ,649, ,11.8, ,80.7, ,53.9, ,67.9, ,82, ,30, ,51, ,48.9, ,6.3, ,150.7, ,71.8, 
6,Davis,Sacramento Valley,6/11/2016,163,0.34, ,0.00, ,740, ,9.4, ,88.1, ,52.4, ,71.8, ,82, ,16, ,35, ,42.8, ,8.5, ,204.5, ,70.8, 
6,Davis,Sacramento Valley,6/12/2016,164,0.29, ,0.00, ,727, ,11.7, ,88.3, ,55.3, ,72.1, ,73, ,20, ,44, ,48.8, ,5.6, ,135.2, ,70.9, 
6,Davis,Sacramento Valley,6/13/2016,165,0.28, ,0.00, ,722, ,12.7, ,85.8, ,54.9, ,67.2, ,80, ,34, ,56, ,50.9, ,8.0, ,191.3, ,70.7, 
6,Davis,Sacramento Valley,6/14/2016,166,0.27, ,0.00, ,690, ,10.2, ,78.4, ,52.8, ,64.9, ,72, ,33, ,48, ,45.0, ,7.2, ,173.7, ,69.9, 
6,Davis,Sacramento Valley,6/15/2016,167,0.20, ,0.00, ,524, ,8.8, ,71.3, ,49.9, ,60.2, ,75, ,32, ,49, ,41.1, ,7.3, ,175.9, ,68.6, 
6,Davis,Sacramento Valley,6/16/2016,168,0.23, ,0.00, ,665, ,11.1, ,77.0, ,50.6, ,64.2, ,78, ,35, ,54, ,47.3, ,5.2, ,124.1, ,68.0, 
6,Davis,Sacramento Valley,6/17/2016,169,0.18, ,0.00, ,453, ,13.8, ,74.5, ,55.6, ,66.7, ,87, ,43, ,62, ,53.2, ,5.9, ,141.0, ,68.6, 
6,Davis,Sacramento Valley,6/18/2016,170,0.28, ,0.00, ,742, ,10.7, ,78.6, ,56.7, ,67.6, ,70, ,26, ,46, ,46.3, ,6.4, ,154.5, ,69.4, 
6,Davis,Sacramento Valley,6/19/2016,171,0.30, ,0.00, ,726, ,9.9, ,90.8, ,53.2, ,73.1, ,57, ,21, ,36, ,44.4, ,5.0, ,120.5, ,69.0, 
6,Davis,Sacramento Valley,6/20/2016,172,0.29, ,0.00, ,744, ,10.6, ,93.8, ,52.4, ,75.6, ,68, ,15, ,35, ,46.0, ,4.2, ,100.7, ,69.8, 
6,Davis,Sacramento Valley,6/21/2016,173,0.30, ,0.00, ,746, ,12.5, ,96.0, ,55.8, ,75.7, ,69, ,21, ,41, ,50.4, ,4.8, ,115.2, ,70.7, 
6,Davis,Sacramento Valley,6/22/2016,174,0.30, ,0.00, ,754,R,13.5, ,90.2, ,55.6, ,73.1, ,82, ,30, ,48, ,52.5, ,5.7, ,137.2, ,71.4, 
6,Davis,Sacramento Valley,6/23/2016,175,0.29, ,0.00, ,742, ,12.6, ,90.7, ,53.9, ,72.3, ,80, ,27, ,46, ,50.7, ,5.6, ,134.8, ,71.3, 
6,Davis,Sacramento Valley,6/24/2016,176,0.29, ,0.00, ,758,R,11.9, ,90.2, ,53.5, ,71.8, ,80, ,17, ,45, ,49.2, ,5.3, ,127.7, ,71.0, 
6,Davis,Sacramento Valley,6/25/2016,177,0.32, ,0.00, ,753,R,11.7, ,97.1, ,59.6, ,79.0, ,65, ,20, ,35, ,48.6, ,5.4, ,129.3, ,71.1, 
6,Davis,Sacramento Valley,6/26/2016,178,0.29, ,0.00, ,732, ,14.5, ,98.7, ,58.9, ,79.2, ,76, ,25, ,42, ,54.5, ,3.9, ,94.7, ,71.9, 
6,Davis,Sacramento Valley,6/27/2016,179,0.31, ,0.00, ,744, ,14.3, ,102.1, ,61.4, ,82.4, ,71, ,18, ,38, ,54.0, ,4.1, ,97.8, ,72.8, 
6,Davis,Sacramento Valley,6/28/2016,180,0.31, ,0.01, ,733, ,15.0, ,100.7, ,62.0, ,80.8, ,70, ,22, ,42, ,55.5, ,4.3, ,103.9, ,73.5, 
6,Davis,Sacramento Valley,6/29/2016,181,0.29, ,0.00, ,749,R,14.9, ,94.3, ,57.1, ,73.1, ,80, ,26, ,54, ,55.3, ,4.8, ,114.6, ,73.3, 
6,Davis,Sacramento Valley,6/30/2016,182,0.29, ,0.00, ,731, ,14.8, ,99.6, ,54.4, ,77.1, ,84, ,22, ,46, ,55.0, ,4.3, ,102.2, ,73.2, 
6,Davis,Sacramento Valley,7/1/2016,183,0.28, ,0.00, ,727, ,15.4, ,92.3, ,59.5, ,74.5, ,74, ,33, ,53, ,56.2, ,5.0, ,120.7, ,75.2, 
6,Davis,Sacramento Valley,7/2/2016,184,0.28, ,0.00, ,722, ,14.6, ,88.2, ,59.9, ,72.8, ,76, ,34, ,53, ,54.7, ,5.5, ,132.5, ,75.3, 
6,Davis,Sacramento Valley,7/3/2016,185,0.29, ,0.00, ,736, ,14.3, ,90.2, ,58.3, ,73.7, ,78, ,33, ,50, ,54.1, ,5.4, ,128.9, ,74.7, 
6,Davis,Sacramento Valley,7/4/2016,186,0.27, ,0.00, ,730, ,14.3, ,87.8, ,56.8, ,71.1, ,77, ,37, ,55, ,54.2, ,5.9, ,141.6, ,74.4, 
6,Davis,Sacramento Valley,7/5/2016,187,0.26, ,0.00, ,730, ,14.3, ,83.6, ,55.3, ,67.3, ,83, ,41, ,63, ,54.1, ,5.5, ,132.2, ,74.3, 
6,Davis,Sacramento Valley,7/6/2016,188,0.26, ,0.00, ,713, ,14.1, ,84.8, ,54.2, ,67.7, ,87, ,41, ,61, ,53.8, ,5.9, ,142.4, ,73.8, 
6,Davis,Sacramento Valley,7/7/2016,189,0.26, ,0.00, ,714, ,14.1, ,83.8, ,55.1, ,67.9, ,84, ,40, ,61, ,53.8, ,6.0, ,143.0, ,73.6, 
6,Davis,Sacramento Valley,7/8/2016,190,0.27, ,0.00, ,702, ,14.3, ,90.0, ,55.8, ,71.0, ,84, ,25, ,55, ,54.1, ,6.1, ,145.5, ,73.8, 
6,Davis,Sacramento Valley,7/9/2016,191,0.31, ,0.00, ,716, ,14.2, ,84.2, ,57.6, ,70.8, ,83, ,35, ,55, ,54.0, ,8.7, ,209.7, ,73.8, 
6,Davis,Sacramento Valley,7/10/2016,192,0.27, ,0.00, ,731, ,11.5, ,84.7, ,51.9, ,68.6, ,77, ,28, ,48, ,48.2, ,5.5, ,132.8, ,72.6, 
6,Davis,Sacramento Valley,7/11/2016,193,0.30, ,0.00, ,720, ,11.8, ,89.5, ,56.2, ,74.4, ,72, ,27, ,41, ,48.9, ,6.0, ,143.6, ,72.9, 
6,Davis,Sacramento Valley,7/12/2016,194,0.27, ,0.00, ,722, ,13.8, ,87.6, ,56.5, ,72.1, ,76, ,32, ,51, ,53.1, ,4.5, ,108.1, ,73.5, 
6,Davis,Sacramento Valley,7/13/2016,195,0.29, ,0.00, ,722, ,13.4, ,96.6, ,57.7, ,77.5, ,81, ,18, ,42, ,52.4, ,4.2, ,100.3, ,74.1, 
6,Davis,Sacramento Valley,7/14/2016,196,0.29, ,0.00, ,713, ,13.3, ,98.1, ,60.4, ,78.7, ,70, ,20, ,40, ,52.2, ,4.3, ,102.1, ,74.9, 
6,Davis,Sacramento Valley,7/15/2016,197,0.27, ,0.00, ,706, ,13.7, ,94.4, ,51.9, ,72.8, ,84, ,20, ,50, ,52.9, ,4.5, ,109.0, ,75.1, 
6,Davis,Sacramento Valley,7/16/2016,198,0.27, ,0.00, ,710, ,14.4, ,90.0, ,56.7, ,71.3, ,81, ,31, ,55, ,54.3, ,5.7, ,136.4, ,74.9, 
6,Davis,Sacramento Valley,7/17/2016,199,0.28, ,0.00, ,713, ,13.7, ,85.0, ,55.1, ,67.3, ,85, ,38, ,60, ,52.9, ,9.3,Y,223.0,Y,74.1, 
6,Davis,Sacramento Valley,7/18/2016,200,0.26, ,0.00,H,713, ,13.6, ,84.1, ,55.6, ,67.5, ,83, ,37, ,59, ,52.8, ,8.4, ,200.5, ,73.3, 
6,Davis,Sacramento Valley,7/19/2016,201,0.27, ,0.00, ,712, ,12.3, ,86.5, ,54.4, ,69.5, ,84, ,24, ,50, ,50.1, ,5.5, ,133.0, ,73.0, 
6,Davis,Sacramento Valley,7/20/2016,202,0.27, ,0.00, ,710, ,11.9, ,89.7, ,54.0, ,71.3, ,83, ,23, ,45, ,49.2, ,5.1, ,121.4, ,73.1, 
6,Davis,Sacramento Valley,7/21/2016,203,0.29, ,0.00, ,720, ,11.7, ,91.4, ,55.0, ,70.7, ,80, ,19, ,45, ,48.6, ,6.5, ,156.4, ,73.1, 
6,Davis,Sacramento Valley,7/22/2016,204,0.26, ,0.00, ,723,R,13.6, ,93.6, ,51.1, ,72.0, ,86, ,26, ,51, ,52.8, ,4.1, ,97.3, ,73.5, 
6,Davis,Sacramento Valley,7/23/2016,205,0.30, ,0.00, ,713, ,13.2, ,99.9, ,59.1, ,79.8, ,76, ,18, ,38, ,52.0, ,4.7, ,113.2, ,74.6, 
6,Davis,Sacramento Valley,7/24/2016,206,0.29, ,0.00, ,706, ,13.9, ,101.3, ,59.6, ,80.0, ,80, ,16, ,40, ,53.4, ,4.3, ,103.9, ,75.3, 
6,Davis,Sacramento Valley,7/25/2016,207,0.27, ,0.00, ,705, ,13.4, ,97.5, ,58.0, ,76.3, ,79, ,17, ,43, ,52.3, ,4.3, ,103.7, ,75.7, 
6,Davis,Sacramento Valley,7/26/2016,208,0.28, ,0.00, ,709, ,13.9, ,101.6, ,56.5, ,79.9, ,87, ,18, ,40, ,53.3, ,3.5, ,83.2, ,75.1, 
6,Davis,Sacramento Valley,7/27/2016,209,0.28, ,0.00, ,673, ,14.3, ,101.2, ,60.8, ,80.7, ,67, ,19, ,40, ,54.0, ,4.1, ,99.4, ,75.6, 
6,Davis,Sacramento Valley,7/28/2016,210,0.27, ,0.00, ,843,R,14.7, ,98.7, ,68.0,Y,86.4,Y,73, ,24, ,34,Y,54.9,Y,4.9, ,117.5, ,76.4, 
6,Davis,Sacramento Valley,7/29/2016,211,0.27, ,0.00, ,656, ,14.5, ,99.9, ,60.4, ,78.7, ,73, ,20, ,43, ,54.5, ,4.2, ,99.7, ,76.4, 
6,Davis,Sacramento Valley,7/30/2016,212,0.30, ,0.00, ,680, ,13.9, ,98.4, ,59.1, ,77.6, ,75, ,20, ,43, ,53.3, ,6.1, ,146.9, ,76.2, 
6,Davis,Sacramento Valley,7/31/2016,213,0.31, ,0.00, ,686, ,12.1, ,94.3, ,59.8, ,76.2, ,67, ,17, ,39, ,49.6, ,7.2, ,172.5, ,75.2, 
6,Davis,Sacramento Valley,8/1/2016,214,0.26, ,0.00, ,687, ,13.5, ,91.7, ,55.6, ,71.1, ,83, ,15, ,52, ,52.5, ,5.4, ,130.4, ,74.9, 
6,Davis,Sacramento Valley,8/2/2016,215,0.25, ,0.00, ,669, ,14.5, ,91.8, ,54.1, ,72.4, ,83, ,29, ,53, ,54.5, ,4.1, ,99.2, ,74.6, 
6,Davis,Sacramento Valley,8/3/2016,216,0.27, ,0.00, ,656, ,14.3, ,96.1, ,56.6, ,74.3, ,81, ,26, ,49, ,54.1, ,4.8, ,116.1, ,74.8, 
6,Davis,Sacramento Valley,8/4/2016,217,0.24, ,0.00, ,673, ,13.3, ,82.9, ,53.0, ,66.1, ,83, ,39, ,61, ,52.1, ,6.7, ,161.7, ,74.3, 
6,Davis,Sacramento Valley,8/5/2016,218,0.22, ,0.00, ,665, ,13.7, ,84.0, ,51.6, ,65.8, ,87, ,36, ,63, ,52.9, ,4.6, ,111.5, ,73.2, 
6,Davis,Sacramento Valley,8/6/2016,219,0.24, ,0.00, ,656, ,13.8, ,86.2, ,52.7, ,67.7, ,88, ,29, ,60, ,53.1, ,5.4, ,129.6, ,73.3, 
6,Davis,Sacramento Valley,8/7/2016,220,0.23, ,0.00, ,658, ,13.8, ,88.8, ,50.9, ,69.2, ,89, ,29, ,57, ,53.1, ,4.5, ,107.2, ,72.8, 
6,Davis,Sacramento Valley,8/8/2016,221,0.24, ,0.00, ,652, ,14.0, ,91.2, ,51.1, ,70.2, ,88, ,29, ,55, ,53.5, ,4.5, ,107.3, ,72.8, 
6,Davis,Sacramento Valley,8/9/2016,222,0.24, ,0.00, ,629, ,13.4, ,94.1, ,54.6, ,73.0, ,85, ,17, ,48, ,52.3, ,4.2, ,101.3, ,72.9, 
6,Davis,Sacramento Valley,8/10/2016,223,0.24, ,0.00, ,628, ,14.4, ,90.6, ,56.9, ,72.2, ,83, ,28, ,53, ,54.2, ,4.5, ,106.9, ,73.2, 
6,Davis,Sacramento Valley,8/11/2016,224,0.25, ,0.00, ,609, ,14.4, ,92.9, ,54.2, ,72.6, ,84, ,25, ,53, ,54.3, ,4.4, ,104.6, ,73.2, 
6,Davis,Sacramento Valley,8/12/2016,225,0.23, ,0.00, ,623, ,14.2, ,98.4, ,54.5, ,74.0, ,83, ,21, ,50, ,54.0, ,3.2, ,77.6, ,73.6, 
6,Davis,Sacramento Valley,8/13/2016,226,0.26, ,0.00, ,625, ,12.9, ,98.9, ,56.5, ,77.3, ,78, ,14, ,40, ,51.3, ,3.7, ,88.7, ,74.2, 
6,Davis,Sacramento Valley,8/14/2016,227,0.27, ,0.00, ,611, ,12.5, ,101.1, ,59.1, ,77.8, ,73, ,14, ,38, ,50.4, ,4.8, ,114.3, ,73.9, 
6,Davis,Sacramento Valley,8/15/2016,228,0.24, ,0.47, ,632, ,12.8, ,91.2, ,50.2, ,69.7, ,84, ,20, ,52, ,51.1, ,4.3, ,102.9, ,73.0, 
6,Davis,Sacramento Valley,8/16/2016,229,0.25, ,0.00, ,604, ,13.4, ,95.0, ,55.3, ,73.6, ,83, ,19, ,47, ,52.3, ,4.6, ,110.5, ,72.5, 
6,Davis,Sacramento Valley,8/17/2016,230,0.25, ,0.00, ,600, ,14.4, ,95.5, ,57.7, ,74.1, ,80, ,22, ,50, ,54.3, ,5.0, ,121.0, ,72.3, 
6,Davis,Sacramento Valley,8/18/2016,231,0.24, ,0.00, ,575, ,14.4, ,94.6, ,58.6, ,75.2, ,79, ,23, ,48, ,54.3, ,4.3, ,102.9, ,72.4, 
6,Davis,Sacramento Valley,8/19/2016,232,0.23, ,0.01, ,571, ,14.4, ,92.0, ,60.2, ,73.1, ,73, ,32, ,52, ,54.4, ,4.6, ,111.6, ,73.2, 
6,Davis,Sacramento Valley,8/20/2016,233,0.23, ,0.00, ,568, ,14.2, ,91.7, ,58.2, ,72.6, ,74, ,34, ,52, ,54.0, ,4.8, ,115.1, ,73.7, 
6,Davis,Sacramento Valley,8/21/2016,234,0.23, ,0.00, ,561, ,13.7, ,90.6, ,57.9, ,70.7, ,80, ,30, ,53, ,52.9, ,5.4, ,130.5, ,73.4, 
6,Davis,Sacramento Valley,8/22/2016,235,0.22, ,0.00, ,567, ,14.0, ,89.0, ,55.2, ,68.3, ,80, ,34, ,59, ,53.6, ,5.4, ,130.7, ,72.5, 
6,Davis,Sacramento Valley,8/23/2016,236,0.22, ,0.00, ,580, ,14.0, ,86.6, ,54.8, ,69.0, ,85, ,36, ,58, ,53.6, ,4.9, ,117.0, ,72.1, 
6,Davis,Sacramento Valley,8/24/2016,237,0.22, ,0.00, ,597, ,13.7, ,88.5, ,52.7, ,68.6, ,87, ,31, ,58, ,53.0, ,4.6, ,110.3, ,72.0, 
6,Davis,Sacramento Valley,8/25/2016,238,0.22, ,0.00, ,598, ,13.5, ,88.7, ,50.3, ,68.8, ,88, ,31, ,56, ,52.6, ,4.6, ,110.0, ,72.0, 
6,Davis,Sacramento Valley,8/26/2016,239,0.21, ,0.00, ,580, ,14.3, ,83.3, ,50.5, ,66.8, ,89, ,39, ,64, ,54.1, ,5.3, ,128.3, ,72.0, 
6,Davis,Sacramento Valley,8/27/2016,240,0.21, ,0.00, ,566, ,14.1, ,83.9, ,53.0, ,67.0, ,88, ,40, ,62, ,53.8, ,6.0, ,143.3, ,71.9, 
6,Davis,Sacramento Valley,8/28/2016,241,0.22, ,0.00, ,593, ,12.5, ,88.9, ,51.6, ,68.4, ,89, ,21, ,53, ,50.6, ,4.7, ,113.1, ,71.3, 
6,Davis,Sacramento Valley,8/29/2016,242,0.20, ,0.00, ,515, ,13.0, ,87.4, ,52.1, ,68.5, ,83, ,26, ,54, ,51.4, ,5.0, ,120.0, ,71.1, 
6,Davis,Sacramento Valley,8/30/2016,243,0.22, ,0.00, ,576, ,14.2, ,91.7, ,54.8, ,72.0, ,83, ,25, ,53, ,54.0, ,4.6, ,110.0, ,71.3, 
6,Davis,Sacramento Valley,8/31/2016,244,0.22, ,0.00, ,578, ,13.6, ,87.2, ,56.9, ,71.8, ,80, ,30, ,51, ,52.7, ,4.9, ,118.5, ,71.9, 
6,Davis,Sacramento Valley,9/1/2016,245,0.20, ,0.00, ,564, ,14.5, ,85.4, ,52.3, ,68.6, ,88, ,31, ,61, ,54.5, ,4.1, ,97.6, ,71.8, 
6,Davis,Sacramento Valley,9/2/2016,246,0.20, ,0.00, ,540, ,13.8, ,89.8, ,51.6, ,69.5, ,91, ,24, ,56, ,53.1, ,4.1, ,97.7, ,71.6, 
6,Davis,Sacramento Valley,9/3/2016,247,0.21, ,0.00, ,537, ,13.3, ,82.1, ,57.6, ,67.6, ,77, ,37, ,58, ,52.2, ,6.3, ,150.6, ,71.7, 
6,Davis,Sacramento Valley,9/4/2016,248,0.19, ,0.00, ,538, ,12.6, ,79.7, ,51.4, ,65.3, ,85, ,37, ,59, ,50.6, ,5.3, ,126.8, ,70.5, 
6,Davis,Sacramento Valley,9/5/2016,249,0.22, ,0.00, ,548, ,10.3, ,88.1, ,50.0, ,69.2, ,81, ,20, ,42, ,45.3, ,4.6, ,111.5, ,70.0, 
6,Davis,Sacramento Valley,9/6/2016,250,0.19, ,0.00, ,529, ,10.9, ,91.5, ,50.4, ,69.7, ,76, ,17, ,44, ,46.7, ,3.0, ,70.9, ,69.8, 
6,Davis,Sacramento Valley,9/7/2016,251,0.24, ,0.00, ,526, ,11.6, ,96.7, ,58.6, ,76.8, ,58, ,19, ,37, ,48.5, ,5.3, ,127.2, ,70.2, 
6,Davis,Sacramento Valley,9/8/2016,252,0.20, ,0.00, ,521, ,13.6, ,90.1, ,57.7, ,72.6, ,72, ,31, ,50, ,52.7, ,4.0, ,96.9, ,70.6, 
6,Davis,Sacramento Valley,9/9/2016,253,0.20, ,0.00, ,521, ,13.4, ,94.4, ,53.6, ,71.8, ,81, ,23, ,50, ,52.3, ,3.8, ,90.4, ,70.7, 
6,Davis,Sacramento Valley,9/10/2016,254,0.19, ,0.00, ,508, ,13.3, ,91.2, ,54.2, ,70.2, ,79, ,29, ,53, ,52.2, ,3.9, ,92.8, ,70.7, 
6,Davis,Sacramento Valley,9/11/2016,255,0.18, ,0.00, ,503, ,13.2, ,82.0, ,54.7, ,65.9, ,82, ,39, ,60, ,51.8, ,5.8, ,139.3, ,70.3, 
6,Davis,Sacramento Valley,9/12/2016,256,0.18, ,0.00, ,520, ,11.8, ,76.6, ,51.3, ,61.6, ,84, ,42, ,63, ,49.0, ,6.6, ,157.2, ,69.1, 
6,Davis,Sacramento Valley,9/13/2016,257,0.17, ,0.00, ,492, ,11.0, ,75.0, ,47.9, ,61.8, ,86, ,33, ,58, ,46.9, ,5.3, ,127.4, ,67.8, 
6,Davis,Sacramento Valley,9/14/2016,258,0.16, ,0.00, ,498, ,11.9, ,82.7, ,48.5, ,65.3, ,84, ,30, ,56, ,49.1, ,3.1, ,74.1, ,67.3, 
6,Davis,Sacramento Valley,9/15/2016,259,0.18, ,0.00, ,492, ,11.3, ,87.0, ,50.7, ,67.9, ,79, ,26, ,48, ,47.7, ,3.4, ,80.4, ,67.6, 
6,Davis,Sacramento Valley,9/16/2016,260,0.17, ,0.00, ,490, ,11.9, ,92.3, ,50.8, ,68.6, ,76, ,18, ,50, ,49.0, ,2.9, ,70.7, ,67.9, 
6,Davis,Sacramento Valley,9/17/2016,261,0.19, ,0.00, ,487, ,11.2, ,94.2, ,52.7, ,72.8, ,77, ,19, ,41, ,47.6, ,3.0, ,72.2, ,68.5, 
6,Davis,Sacramento Valley,9/18/2016,262,0.19, ,0.00, ,481, ,11.1, ,97.3, ,56.1, ,77.4, ,68, ,17, ,35, ,47.2, ,3.1, ,75.3, ,69.0, 
6,Davis,Sacramento Valley,9/19/2016,263,0.21, ,0.00, ,474, ,13.0, ,97.9, ,59.6, ,78.4, ,70, ,20, ,39, ,51.5, ,4.3, ,102.7, ,69.5, 
6,Davis,Sacramento Valley,9/20/2016,264,0.25, ,0.00, ,484, ,10.8, ,91.5, ,62.9, ,74.8, ,56, ,21, ,36, ,46.5, ,8.6, ,205.4, ,69.5, 
6,Davis,Sacramento Valley,9/21/2016,265,0.20, ,0.00, ,411, ,9.7, ,83.0, ,56.8, ,67.6, ,65, ,16, ,42, ,43.8, ,8.3, ,198.6, ,68.5, 
6,Davis,Sacramento Valley,9/22/2016,266,0.18, ,0.00, ,474, ,8.7, ,75.7, ,46.1, ,62.4, ,70, ,26, ,45, ,40.8, ,5.2, ,125.9, ,66.8, 
6,Davis,Sacramento Valley,9/23/2016,267,0.19, ,0.00, ,467, ,7.9, ,83.8, ,50.6, ,67.2, ,63, ,14, ,35, ,38.6, ,5.0, ,119.7, ,66.0, 
6,Davis,Sacramento Valley,9/24/2016,268,0.22, ,0.00, ,463, ,9.6, ,90.9, ,54.7, ,72.0, ,63, ,16, ,36, ,43.6, ,6.0, ,144.5, ,66.3, 
6,Davis,Sacramento Valley,9/25/2016,269,0.18, ,0.00, ,467, ,9.7, ,91.1, ,55.1, ,72.0, ,48, ,22, ,36, ,43.6, ,3.2, ,77.2, ,67.0, 
6,Davis,Sacramento Valley,9/26/2016,270,0.17, ,0.02, ,457, ,11.0, ,97.1, ,54.6, ,73.3, ,67, ,16, ,39, ,47.0, ,2.5, ,60.0, ,68.9, 
6,Davis,Sacramento Valley,9/27/2016,271,0.18, ,0.00, ,449, ,10.5, ,97.2, ,58.3, ,76.2, ,63, ,16, ,34, ,45.9, ,3.1, ,74.6, ,70.0, 
6,Davis,Sacramento Valley,9/28/2016,272,0.18, ,0.00, ,448, ,11.8, ,90.4, ,54.3, ,70.8, ,72, ,24, ,46, ,49.0, ,5.1, ,122.2, ,69.6, 
6,Davis,Sacramento Valley,9/29/2016,273,0.17, ,0.00, ,445, ,11.6, ,86.8, ,52.8, ,66.1, ,84, ,26, ,53, ,48.6, ,6.2, ,148.6, ,68.8, 
6,Davis,Sacramento Valley,9/30/2016,274,0.18, ,0.00, ,436, ,9.9, ,76.3, ,52.4, ,62.6, ,79, ,31, ,51, ,44.3, ,7.6, ,182.6, ,67.7, 
6,Davis,Sacramento Valley,10/1/2016,275,0.15, ,0.00, ,447, ,9.2, ,77.3, ,42.1, ,60.4, ,81, ,24, ,51, ,42.3, ,4.7, ,111.7, ,66.1, 
6,Davis,Sacramento Valley,10/2/2016,276,0.14, ,0.00, ,357, ,9.5, ,72.4, ,44.5, ,59.5, ,80, ,33, ,55, ,43.3, ,6.9, ,164.8, ,65.4, 
6,Davis,Sacramento Valley,10/3/2016,277,0.06, ,0.01, ,172, ,9.9, ,64.3,Y,44.9, ,55.8, ,79, ,52, ,65, ,44.2, ,3.7, ,87.8, ,64.4, 
6,Davis,Sacramento Valley,10/4/2016,278,0.13, ,0.00, ,402, ,10.3, ,72.4, ,49.6, ,59.6, ,82, ,36, ,59, ,45.4, ,4.8, ,115.6, ,64.0, 
6,Davis,Sacramento Valley,10/5/2016,279,0.16,A,0.00,P,428,P,8.4,P,75.1,P,50.0,P,61.8,P,,M,,M,,M,,M,6.0,P,,M,63.7,P
6,Davis,Sacramento Valley,10/6/2016,280,0.18, ,0.00, ,420, ,7.5, ,79.1, ,48.7, ,63.3, ,61, ,21, ,38, ,37.2, ,6.1, ,146.8, ,63.2, 
6,Davis,Sacramento Valley,10/7/2016,281,0.16, ,0.00, ,391, ,7.8, ,83.5, ,46.0, ,64.4, ,63, ,20, ,38, ,38.1, ,4.3, ,103.4, ,62.7, 
6,Davis,Sacramento Valley,10/8/2016,282,0.14, ,0.00, ,402, ,8.9, ,90.1, ,47.5, ,67.4, ,74, ,17, ,39, ,41.6, ,2.4, ,56.5, ,63.1, 
6,Davis,Sacramento Valley,10/9/2016,283,0.15, ,0.00, ,397, ,8.6, ,88.5, ,47.7, ,67.8, ,73, ,17, ,37, ,40.6, ,2.9, ,70.5, ,63.5, 
6,Davis,Sacramento Valley,10/10/2016,284,0.17, ,0.00, ,390, ,8.8, ,86.1, ,49.6, ,66.9, ,67, ,18, ,39, ,41.2, ,4.5, ,107.8, ,63.8, 
6,Davis,Sacramento Valley,10/11/2016,285,0.12, ,0.00, ,383, ,11.0, ,78.3, ,51.0, ,62.3, ,81, ,32, ,58, ,47.1, ,3.7, ,89.0, ,63.8, 
6,Davis,Sacramento Valley,10/12/2016,286,0.11, ,0.00, ,363, ,11.2, ,76.3, ,42.4, ,59.2, ,83, ,40, ,65, ,47.6, ,3.6, ,85.8, ,63.4, 
6,Davis,Sacramento Valley,10/13/2016,287,0.13, ,0.00, ,316, ,12.8, ,76.3, ,53.8, ,63.6, ,81, ,45, ,64, ,51.1, ,7.7, ,184.5, ,63.5, 
6,Davis,Sacramento Valley,10/14/2016,288,0.02, ,0.15, ,59, ,16.2, ,66.1, ,55.1, ,62.4, ,96, ,66, ,84, ,57.5, ,7.5, ,179.8, ,63.7, 
6,Davis,Sacramento Valley,10/15/2016,289,0.05, ,0.07, ,154, ,15.1, ,71.2, ,52.4, ,60.6, ,98, ,59, ,84, ,55.7, ,8.5, ,203.2, ,63.4, 
6,Davis,Sacramento Valley,10/16/2016,290,0.03, ,0.23, ,124, ,16.0, ,64.7, ,56.9, ,60.3, ,97, ,79, ,89, ,57.2, ,7.8, ,187.9, ,63.3, 
6,Davis,Sacramento Valley,10/17/2016,291,0.10, ,0.00, ,348, ,13.1, ,70.7, ,52.1, ,60.4, ,91, ,46, ,73, ,51.8, ,5.3, ,126.3, ,63.2, 
6,Davis,Sacramento Valley,10/18/2016,292,0.13, ,0.00, ,372, ,10.1, ,71.7, ,46.2, ,59.4, ,91, ,33, ,58, ,44.8, ,5.4, ,129.1, ,62.8, 
6,Davis,Sacramento Valley,10/19/2016,293,0.17, ,0.00, ,369, ,7.9, ,77.6, ,50.5, ,63.0, ,65, ,19, ,40, ,38.4, ,7.6, ,182.6, ,62.0, 
6,Davis,Sacramento Valley,10/20/2016,294,0.12, ,0.00, ,363, ,9.8, ,80.8, ,47.1, ,62.2, ,76, ,26, ,51, ,44.0, ,3.7, ,88.2, ,61.5, 
6,Davis,Sacramento Valley,10/21/2016,295,0.11, ,0.00, ,355, ,11.7, ,81.5, ,46.9, ,63.7, ,84, ,30, ,58, ,48.8, ,2.6, ,63.0, ,61.6, 
6,Davis,Sacramento Valley,10/22/2016,296,0.09, ,0.00, ,292, ,11.5, ,76.4, ,50.1, ,61.4, ,86, ,36, ,62, ,48.2, ,3.2, ,77.5, ,62.0, 
6,Davis,Sacramento Valley,10/23/2016,297,0.12, ,0.00, ,345, ,10.8, ,75.7, ,45.6, ,60.6, ,92, ,34, ,60, ,46.7, ,4.7, ,111.6, ,61.9, 
6,Davis,Sacramento Valley,10/24/2016,298,0.06, ,0.00, ,133, ,13.6, ,68.2, ,55.9, ,62.1, ,86, ,55, ,72, ,52.8, ,7.0, ,167.8, ,62.0, 
6,Davis,Sacramento Valley,10/25/2016,299,0.03, ,0.06, ,129, ,15.6, ,69.4, ,59.1,Y,62.8, ,88, ,68, ,80, ,56.5, ,4.7, ,113.4, ,62.0, 
6,Davis,Sacramento Valley,10/26/2016,300,0.10, ,0.00, ,330, ,14.0, ,75.7, ,54.5, ,63.6, ,90, ,45, ,70, ,53.5, ,3.7, ,87.6, ,62.6, 
6,Davis,Sacramento Valley,10/27/2016,301,0.01, ,0.56, ,78, ,15.8, ,66.1, ,55.9, ,60.8, ,100, ,68, ,87, ,56.8, ,4.2, ,100.2, ,62.8, 
6,Davis,Sacramento Valley,10/28/2016,302,0.01, ,0.47, ,88, ,17.7,Y,64.9, ,58.7,Y,61.5, ,100, ,86, ,95,Y,60.0,Y,4.4, ,105.3, ,62.8, 
6,Davis,Sacramento Valley,10/29/2016,303,0.06, ,0.01, ,215, ,17.0,Y,72.1, ,57.1, ,63.0, ,100, ,63, ,87,Y,58.9,Y,4.2, ,101.1, ,63.2, 
6,Davis,Sacramento Valley,10/30/2016,304,0.04, ,0.20, ,155, ,14.3, ,65.7, ,53.0, ,58.0, ,99, ,67, ,87, ,54.1, ,7.7, ,185.7, ,62.7, 
6,Davis,Sacramento Valley,10/31/2016,305,0.06, ,0.16, ,246, ,13.4, ,66.2, ,48.5, ,57.5, ,100, ,56, ,83, ,52.3, ,4.8, ,115.5, ,61.8, 
6,Davis,Sacramento Valley,11/1/2016,306,0.08, ,0.15, ,302, ,13.0, ,65.4, ,50.6, ,57.7, ,97, ,60, ,80, ,51.5, ,5.0, ,118.9, ,61.9, 
6,Davis,Sacramento Valley,11/2/2016,307,0.08, ,0.00, ,320, ,11.5, ,67.2, ,44.4, ,55.3, ,97, ,54, ,77, ,48.3, ,3.6, ,85.4, ,61.4, 
6,Davis,Sacramento Valley,11/3/2016,308,0.09, ,0.00, ,311, ,11.2, ,72.1, ,46.0, ,56.7, ,92, ,43, ,72, ,47.6, ,2.8, ,68.1, ,60.7, 
6,Davis,Sacramento Valley,11/4/2016,309,0.09, ,0.00, ,311, ,12.0, ,72.7, ,45.0, ,57.5, ,95, ,47, ,74, ,49.4, ,3.0, ,73.0, ,60.3, 
6,Davis,Sacramento Valley,11/5/2016,310,0.08, ,0.00, ,276, ,13.0, ,71.2, ,43.3, ,58.0, ,98, ,55, ,79, ,51.6, ,3.4, ,82.5, ,60.0, 
6,Davis,Sacramento Valley,11/6/2016,311,0.06, ,0.00, ,199, ,14.9, ,70.9, ,56.2,Y,62.0, ,96, ,55, ,79, ,55.3, ,4.4, ,106.0, ,60.7, 
6,Davis,Sacramento Valley,11/7/2016,312,0.07, ,0.00, ,224, ,13.9, ,71.2, ,52.2, ,60.5, ,89, ,58, ,77, ,53.4, ,3.8, ,91.2, ,61.0, 
6,Davis,Sacramento Valley,11/8/2016,313,0.08, ,0.00, ,289, ,14.5, ,75.5, ,50.5, ,61.7, ,96, ,52, ,77, ,54.5, ,3.2, ,76.1, ,61.1, 
6,Davis,Sacramento Valley,11/9/2016,314,0.09, ,0.00, ,288, ,14.2, ,76.2, ,50.2, ,61.5, ,99, ,48, ,76, ,53.8, ,3.5, ,83.6, ,61.1, 
6,Davis,Sacramento Valley,11/10/2016,315,0.06, ,0.00, ,256, ,14.3, ,75.1, ,54.4, ,64.9,Y,98, ,52, ,68,Y,54.2,Y,3.2, ,76.2, ,60.8, 
6,Davis,Sacramento Valley,11/11/2016,316,0.06, ,0.00, ,203, ,14.5, ,73.5, ,49.6, ,61.0, ,96, ,62, ,79, ,54.4, ,2.7, ,65.2, ,60.7, 
6,Davis,Sacramento Valley,11/12/2016,317,0.08, ,0.00, ,274, ,14.8, ,76.4, ,52.4, ,63.5,Y,87, ,56, ,74,Y,55.0,Y,3.0, ,71.7, ,61.4, 
6,Davis,Sacramento Valley,11/13/2016,318,0.08, ,0.00, ,279, ,13.9, ,74.2, ,50.0, ,60.6, ,97, ,52, ,77, ,53.3, ,2.6, ,62.3, ,61.6, 
6,Davis,Sacramento Valley,11/14/2016,319,0.07, ,0.00, ,273, ,12.6, ,74.7, ,45.4, ,58.5, ,100, ,42, ,75, ,50.7, ,2.4, ,56.9, ,60.9, 
6,Davis,Sacramento Valley,11/15/2016,320,0.06, ,0.00, ,183, ,13.1, ,68.1, ,47.1, ,57.8, ,100, ,57, ,80, ,51.7, ,5.6, ,133.7, ,60.4, 
6,Davis,Sacramento Valley,11/16/2016,321,0.08, ,0.00, ,283, ,7.7, ,63.1, ,41.9, ,51.5, ,86, ,38, ,60, ,37.9, ,3.1, ,75.5, ,59.6, 
6,Davis,Sacramento Valley,11/17/2016,322,0.08, ,0.00, ,274, ,6.7, ,62.2, ,37.2, ,48.1, ,83, ,32, ,59, ,34.3, ,4.5, ,108.5, ,57.9, 
6,Davis,Sacramento Valley,11/18/2016,323,0.07, ,0.00, ,267, ,7.7, ,63.0, ,35.1, ,47.9, ,86, ,44, ,68, ,37.9, ,2.8, ,66.5, ,56.3, 
6,Davis,Sacramento Valley,11/19/2016,324,0.01, ,0.26, ,72, ,11.7, ,56.4, ,46.9, ,52.1, ,100, ,62, ,88, ,48.6, ,4.1, ,97.4, ,56.1, 
6,Davis,Sacramento Valley,11/20/2016,325,0.00, ,0.60, ,50, ,14.7, ,57.7, ,51.3, ,54.9, ,100, ,94, ,100, ,54.8, ,3.7, ,88.5, ,56.8, 
6,Davis,Sacramento Valley,11/21/2016,326,0.04, ,0.00, ,176, ,12.4, ,63.4, ,43.5, ,53.5, ,100, ,64, ,88, ,50.2, ,2.6, ,62.7, ,57.4, 
6,Davis,Sacramento Valley,11/22/2016,327,0.01, ,0.10, ,95, ,11.5, ,53.7, ,40.7, ,48.3, ,100, ,92, ,100, ,48.2, ,2.8, ,66.0, ,56.8, 
6,Davis,Sacramento Valley,11/23/2016,328,0.06, ,0.04, ,244, ,9.8, ,61.7, ,38.7, ,50.8, ,100, ,45, ,77, ,43.9, ,3.5, ,82.8, ,56.5, 
6,Davis,Sacramento Valley,11/24/2016,329,0.05, ,0.00, ,251, ,8.6, ,57.2, ,36.9, ,45.3, ,100, ,60, ,84, ,40.8, ,3.0, ,73.1, ,55.5, 
6,Davis,Sacramento Valley,11/25/2016,330,0.02, ,0.00, ,112, ,9.7, ,53.1, ,38.6, ,45.1, ,100, ,77, ,95, ,43.7, ,2.2, ,53.9, ,54.4, 
6,Davis,Sacramento Valley,11/26/2016,331,0.01, ,0.22, ,54, ,11.1, ,53.5, ,41.3, ,48.3, ,100, ,85, ,96, ,47.3, ,5.8, ,138.8, ,53.9, 
6,Davis,Sacramento Valley,11/27/2016,332,0.06, ,0.09, ,235, ,9.2, ,60.6, ,43.7, ,51.9, ,98, ,46, ,70, ,42.3, ,4.7, ,113.4, ,54.1, 
6,Davis,Sacramento Valley,11/28/2016,333,0.03, ,0.07, ,156, ,10.6, ,55.5, ,46.7, ,49.6, ,100, ,69, ,88, ,46.1, ,7.2, ,173.0, ,54.5, 
6,Davis,Sacramento Valley,11/29/2016,334,0.06, ,0.00, ,249, ,8.0, ,56.6, ,37.6, ,47.4, ,98, ,54, ,72, ,38.9, ,6.2, ,149.3, ,54.1, 
6,Davis,Sacramento Valley,11/30/2016,335,0.04, ,0.00, ,176, ,9.3, ,53.2, ,35.6, ,45.9, ,100, ,75, ,88, ,42.7, ,4.8, ,116.2, ,53.2, 
6,Davis,Sacramento Valley,12/1/2016,336,0.13, ,0.00, ,250, ,6.5, ,58.3, ,44.3, ,50.6, ,80, ,38, ,51, ,33.4, ,12.4, ,296.7, ,52.9, 
6,Davis,Sacramento Valley,12/2/2016,337,0.15, ,0.00, ,246, ,5.6, ,58.8, ,45.1, ,51.4, ,52, ,33, ,44, ,30.0, ,14.2,Y,341.2,Y,52.3, 
6,Davis,Sacramento Valley,12/3/2016,338,0.06, ,0.00, ,239, ,7.5, ,59.5, ,34.3, ,47.0, ,95, ,45, ,68, ,37.2, ,3.4, ,82.1, ,51.9, 
6,Davis,Sacramento Valley,12/4/2016,339,0.04, ,0.00, ,195, ,8.3, ,59.0, ,32.7, ,45.3, ,100, ,57, ,81, ,39.8, ,2.1, ,51.2, ,51.5, 
6,Davis,Sacramento Valley,12/5/2016,340,0.04, ,0.00, ,148, ,8.3, ,54.1, ,35.8, ,45.2, ,100, ,56, ,81, ,39.8, ,4.1, ,99.0, ,51.3, 
6,Davis,Sacramento Valley,12/6/2016,341,0.04, ,0.00, ,209, ,7.1, ,55.6, ,30.6, ,42.2, ,100, ,51, ,78, ,35.9, ,2.9, ,69.2, ,50.8, 
6,Davis,Sacramento Valley,12/7/2016,342,0.03, ,0.20, ,94, ,6.5, ,46.7, ,33.9, ,41.0, ,99, ,51, ,74, ,33.4, ,6.0, ,144.0, ,49.9, 
6,Davis,Sacramento Valley,12/8/2016,343,0.00, ,0.37,H,33, ,9.0, ,45.1, ,37.3, ,41.7, ,100, ,99, ,100, ,41.8, ,4.9, ,118.2, ,49.4, 
6,Davis,Sacramento Valley,12/9/2016,344,0.01, ,0.06,H,102, ,12.8, ,60.4, ,43.6, ,50.9, ,100, ,92, ,100, ,51.1, ,4.6, ,111.2, ,50.0, 
6,Davis,Sacramento Valley,12/10/2016,345,0.00, ,0.16, ,28, ,15.7,Y,60.5, ,46.4, ,57.5,Y,100, ,80, ,97,Y,56.6,Y,9.7, ,231.7, ,52.3, 
6,Davis,Sacramento Valley,12/11/2016,346,0.03, ,0.00, ,126, ,9.2, ,51.8, ,40.8, ,46.2, ,100, ,70, ,86, ,42.3, ,3.1, ,75.3, ,52.6, 
6,Davis,Sacramento Valley,12/12/2016,347,0.04, ,0.00, ,166, ,9.2, ,54.3, ,41.0, ,46.0, ,98, ,66, ,87, ,42.4, ,3.4, ,82.7, ,51.9, 
6,Davis,Sacramento Valley,12/13/2016,348,0.02, ,0.01, ,114, ,10.3, ,55.0, ,42.4, ,47.8, ,100, ,77, ,91, ,45.2, ,3.5, ,84.4, ,51.5, 
6,Davis,Sacramento Valley,12/14/2016,349,0.01, ,0.00, ,93, ,13.2, ,59.8, ,46.1, ,52.7, ,100, ,89, ,98, ,52.0, ,5.3, ,127.3, ,52.2, 
6,Davis,Sacramento Valley,12/15/2016,350,0.00, ,1.45, ,21, ,14.5,Y,57.8, ,51.3, ,55.6, ,100, ,86, ,97,Y,54.6,Y,9.0, ,216.4, ,53.3, 
6,Davis,Sacramento Valley,12/16/2016,351,0.05, ,0.00, ,242, ,7.5, ,55.6, ,37.6, ,47.3, ,93, ,45, ,67, ,37.1, ,4.8, ,116.1, ,53.6, 
6,Davis,Sacramento Valley,12/17/2016,352,0.07, ,0.00, ,241, ,5.2, ,49.9, ,30.6, ,40.5, ,88, ,44, ,60, ,27.9, ,6.3, ,151.9, ,51.8, 
6,Davis,Sacramento Valley,12/18/2016,353,0.06, ,0.00, ,242, ,5.0, ,52.1, ,29.2, ,39.1, ,87, ,38, ,62, ,27.1, ,5.1, ,122.7, ,49.5, 
6,Davis,Sacramento Valley,12/19/2016,354,0.04, ,0.00, ,222, ,5.9, ,51.1, ,26.9, ,37.8, ,94, ,50, ,76, ,31.1, ,2.9, ,70.7, ,48.0, 
6,Davis,Sacramento Valley,12/20/2016,355,0.05, ,0.00, ,221, ,6.6, ,55.2, ,30.1, ,41.7, ,96, ,46, ,74, ,34.1, ,2.9, ,68.9, ,47.6, 
6,Davis,Sacramento Valley,12/21/2016,356,0.05, ,0.00, ,213, ,8.0, ,59.1, ,36.5, ,46.1, ,99, ,52, ,76, ,38.8, ,3.2, ,75.7, ,48.0, 
6,Davis,Sacramento Valley,12/22/2016,357,0.06, ,0.00, ,236, ,7.0, ,63.1, ,31.5, ,46.0, ,94, ,35, ,66, ,35.2, ,3.7, ,88.9, ,48.1, 
6,Davis,Sacramento Valley,12/23/2016,358,0.00, ,0.34, ,49, ,9.7, ,49.9, ,38.7, ,45.9, ,100, ,79, ,92, ,43.6, ,7.3, ,175.0, ,48.3, 
6,Davis,Sacramento Valley,12/24/2016,359,0.05, ,0.00, ,235, ,6.6, ,50.4, ,30.9, ,39.5, ,100, ,50, ,80, ,33.9, ,4.1, ,97.2, ,47.7, 
6,Davis,Sacramento Valley,12/25/2016,360,0.03, ,0.00, ,164, ,6.4, ,44.3, ,29.3, ,36.8, ,100, ,74, ,87, ,33.2, ,4.2, ,100.7, ,46.6, 
6,Davis,Sacramento Valley,12/26/2016,361,0.06, ,0.00, ,235, ,5.3, ,49.4, ,31.3, ,38.7, ,90, ,42, ,67, ,28.7, ,6.5, ,155.1, ,46.0, 
6,Davis,Sacramento Valley,12/27/2016,362,0.05, ,0.00, ,217, ,5.8, ,53.8, ,29.4, ,39.5, ,89, ,45, ,71, ,30.8, ,2.9, ,68.7, ,45.5, 
6,Davis,Sacramento Valley,12/28/2016,363,0.07, ,0.00, ,238, ,6.8, ,58.3, ,29.5, ,41.7, ,96, ,46, ,76, ,34.7, ,4.4, ,106.3, ,45.3, 
6,Davis,Sacramento Valley,12/29/2016,364,0.05, ,0.00, ,231, ,7.5, ,58.3, ,30.2, ,42.0, ,100, ,54, ,83, ,37.1, ,3.0, ,71.5, ,45.3, 
6,Davis,Sacramento Valley,12/30/2016,365,0.05, ,0.00, ,230, ,8.4, ,57.2, ,30.7, ,44.3, ,97, ,62, ,84, ,39.9, ,5.3, ,127.4, ,45.5, 
6,Davis,Sacramento Valley,12/31/2016,366,0.03, ,0.00, ,135, ,8.6, ,56.2, ,40.5, ,46.0, ,94, ,56, ,82, ,40.6, ,5.3, ,127.4, ,46.5, 
6,Davis,Sacramento Valley,1/1/2017,001,0.03, ,0.00, ,136, ,7.8, ,51.4, ,40.1, ,44.9, ,97, ,56, ,77, ,38.2, ,6.0, ,143.9, ,46.7, 
6,Davis,Sacramento Valley,1/2/2017,002,0.03, ,0.42, ,135, ,8.5, ,51.3, ,39.7, ,44.8, ,97, ,68, ,84, ,40.2, ,7.2, ,172.8, ,46.7, 
6,Davis,Sacramento Valley,1/3/2017,003,0.01, ,0.76, ,52, ,10.6, ,50.1, ,44.3, ,47.1, ,100, ,90, ,96, ,46.1, ,9.0, ,215.6, ,47.0, 
6,Davis,Sacramento Valley,1/4/2017,004,0.01, ,0.00, ,57, ,11.9, ,54.2, ,46.8, ,50.3, ,100, ,80, ,96, ,49.2, ,8.0, ,192.2, ,48.1, 
6,Davis,Sacramento Valley,1/5/2017,005,0.07, ,0.00, ,250, ,6.3, ,49.2, ,34.9, ,42.4, ,100, ,46, ,68, ,32.6, ,7.0, ,167.9, ,48.4, 
6,Davis,Sacramento Valley,1/6/2017,006,0.06, ,0.01, ,216, ,5.0, ,46.2, ,32.7, ,39.0, ,80, ,50, ,62, ,27.3, ,7.0, ,169.0, ,46.7, 
6,Davis,Sacramento Valley,1/7/2017,007,0.00, ,1.30, ,44, ,11.4, ,56.2, ,37.1, ,47.8, ,100, ,80, ,100, ,47.9, ,9.8, ,235.0, ,46.2, 
6,Davis,Sacramento Valley,1/8/2017,008,0.00, ,2.19, ,18, ,16.0,Y,59.6, ,56.0,Y,58.0,Y,100, ,90, ,97,Y,57.2,Y,13.6,Y,326.3,Y,49.9, 
6,Davis,Sacramento Valley,1/9/2017,009,0.03, ,0.21, ,91, ,11.8, ,57.6, ,50.0, ,53.3, ,94, ,70, ,85, ,48.8, ,9.3, ,223.0, ,51.6, 
6,Davis,Sacramento Valley,1/10/2017,010,0.00, ,2.21, ,28, ,13.4, ,56.3, ,51.2,Y,52.8, ,100, ,90, ,98, ,52.3, ,13.1,Y,313.4,Y,51.2, 
6,Davis,Sacramento Valley,1/11/2017,011,0.06, ,0.01, ,196, ,9.9, ,56.7, ,45.2, ,51.0, ,96, ,61, ,77, ,44.2, ,7.1, ,169.7, ,51.5, 
6,Davis,Sacramento Valley,1/12/2017,012,0.01, ,0.35, ,83, ,9.4, ,49.6, ,37.6, ,45.0, ,100, ,73, ,93, ,43.0, ,4.3, ,103.2, ,50.6, 
6,Davis,Sacramento Valley,1/13/2017,013,0.08, ,0.00, ,261, ,7.2, ,57.1, ,34.4, ,46.1, ,100, ,47, ,68, ,36.0, ,6.7, ,160.4, ,49.0, 
6,Davis,Sacramento Valley,1/14/2017,014,0.05, ,0.00, ,244, ,7.9, ,52.1, ,34.2, ,42.2, ,100, ,59, ,86, ,38.5, ,4.0, ,95.7, ,48.4, 
6,Davis,Sacramento Valley,1/15/2017,015,0.04, ,0.00, ,218, ,8.4, ,50.8, ,35.2, ,42.7, ,100, ,68, ,90, ,40.0, ,3.5, ,83.3, ,48.4, 
6,Davis,Sacramento Valley,1/16/2017,016,0.04, ,0.00, ,227, ,8.0, ,50.7, ,33.1, ,41.2, ,100, ,67, ,90, ,38.6, ,3.0, ,70.9, ,47.8, 
6,Davis,Sacramento Valley,1/17/2017,017,0.01, ,0.00, ,86, ,8.1, ,43.4, ,32.7, ,38.9, ,100, ,96, ,100, ,39.0, ,3.9, ,93.5, ,46.9, 
6,Davis,Sacramento Valley,1/18/2017,018,0.00, ,1.05, ,21, ,10.1, ,50.1, ,41.7, ,45.5, ,100, ,90, ,97, ,44.8, ,10.4, ,250.7, ,46.7, 
6,Davis,Sacramento Valley,1/19/2017,019,0.04, ,0.23, ,184, ,10.6, ,57.8, ,45.1, ,50.1, ,98, ,67, ,86, ,46.2, ,7.6, ,181.3, ,47.4, 
6,Davis,Sacramento Valley,1/20/2017,020,0.03, ,0.70, ,133, ,10.1, ,53.5, ,45.3, ,48.7, ,96, ,70, ,87, ,44.8, ,11.3, ,271.1, ,48.3, 
6,Davis,Sacramento Valley,1/21/2017,021,0.04, ,0.37, ,167, ,10.4, ,55.3, ,44.9, ,49.0, ,98, ,72, ,88, ,45.6, ,9.3, ,222.9, ,48.3, 
6,Davis,Sacramento Valley,1/22/2017,022,0.05, ,1.11, ,184, ,10.3, ,56.0, ,44.4, ,48.7, ,97, ,66, ,88, ,45.3, ,11.6, ,278.7, ,48.6, 
6,Davis,Sacramento Valley,1/23/2017,023,0.06, ,0.02, ,246, ,8.9, ,53.2, ,41.1, ,45.9, ,99, ,59, ,84, ,41.5, ,5.5, ,131.2, ,48.3, 
6,Davis,Sacramento Valley,1/24/2017,024,0.06, ,0.00, ,263, ,8.4, ,53.9, ,36.7, ,44.9, ,98, ,60, ,83, ,40.2, ,4.9, ,118.0, ,48.0, 
6,Davis,Sacramento Valley,1/25/2017,025,0.04, ,0.00, ,222, ,8.0, ,54.5, ,32.0, ,42.2, ,98, ,66, ,88, ,38.8, ,2.7, ,65.2, ,47.1, 
6,Davis,Sacramento Valley,1/26/2017,026,0.08, ,0.00, ,39, ,7.9, ,58.0, ,42.4, ,47.3, ,96, ,54, ,71, ,38.6, ,6.7, ,161.6, ,47.7, 
6,Davis,Sacramento Valley,1/27/2017,027,0.08, ,0.00, ,300, ,7.2, ,57.5, ,36.5, ,45.9, ,93, ,43, ,68, ,36.1, ,5.1, ,121.3, ,47.2, 
6,Davis,Sacramento Valley,1/28/2017,028,0.07, ,0.00, ,307, ,7.8, ,58.0, ,34.7, ,44.6, ,95, ,49, ,78, ,38.2, ,3.4, ,82.5, ,46.9, 
6,Davis,Sacramento Valley,1/29/2017,029,0.07, ,0.00, ,280, ,7.7, ,59.8, ,33.8, ,45.2, ,96, ,44, ,75, ,37.7, ,3.3, ,78.3, ,46.6, 
6,Davis,Sacramento Valley,1/30/2017,030,0.06, ,0.00, ,284, ,8.7, ,60.0, ,33.2, ,45.1, ,100, ,57, ,85, ,40.8, ,2.4, ,56.9, ,46.5, 
6,Davis,Sacramento Valley,1/31/2017,031,0.06, ,0.00, ,244, ,8.9, ,56.8, ,33.8, ,45.5, ,100, ,63, ,85, ,41.4, ,3.2, ,76.2, ,46.5, 
6,Davis,Sacramento Valley,2/1/2017,032,0.01, ,0.00, ,88, ,9.2, ,52.5, ,38.7, ,45.9, ,95, ,76, ,88, ,42.5, ,3.6, ,85.7, ,46.5, 
6,Davis,Sacramento Valley,2/2/2017,033,0.03, ,0.41, ,112, ,12.3, ,62.3, ,44.9, ,53.6, ,98, ,71, ,88, ,50.1, ,5.5, ,131.0, ,47.2, 
6,Davis,Sacramento Valley,2/3/2017,034,0.03, ,1.72, ,149, ,14.3, ,60.0, ,53.0, ,55.7, ,100, ,81, ,94, ,54.1, ,10.5, ,252.8, ,49.8, 
6,Davis,Sacramento Valley,2/4/2017,035,0.02, ,0.06, ,109, ,13.3, ,59.4, ,49.0, ,54.5, ,100, ,78, ,91, ,52.1, ,6.0, ,145.0, ,51.1, 
6,Davis,Sacramento Valley,2/5/2017,036,0.04, ,0.34, ,185, ,13.0, ,60.2, ,48.2, ,53.5, ,100, ,78, ,93, ,51.4, ,7.5, ,180.4, ,51.2, 
6,Davis,Sacramento Valley,2/6/2017,037,0.01, ,0.50, ,81, ,14.5, ,57.8, ,52.7, ,54.8, ,100, ,94, ,99, ,54.5, ,11.3, ,271.6, ,52.0, 
6,Davis,Sacramento Valley,2/7/2017,038,0.04, ,0.89, ,174, ,15.6,Y,65.1, ,53.5, ,58.3, ,100, ,82, ,94,Y,56.5,Y,12.2,Y,293.8,Y,53.1, 
6,Davis,Sacramento Valley,2/8/2017,039,0.01, ,0.34, ,79, ,17.7,Y,63.3, ,56.1,Y,60.0,Y,100, ,97, ,100,Y,60.0,Y,7.2, ,173.5, ,54.4, 
6,Davis,Sacramento Valley,2/9/2017,040,0.00, ,0.36, ,42, ,16.6,Y,61.7, ,56.1,Y,59.0, ,100, ,91, ,98,Y,58.3,Y,8.0, ,191.8, ,55.4, 
6,Davis,Sacramento Valley,2/10/2017,041,0.06, ,0.00, ,248, ,13.1, ,64.5, ,51.5, ,56.9, ,100, ,57, ,83, ,51.8, ,5.3, ,128.3, ,55.5, 
6,Davis,Sacramento Valley,2/11/2017,042,0.13, ,0.00, ,353, ,8.8, ,62.0, ,45.7, ,53.8, ,88, ,47, ,62, ,41.1, ,11.4, ,273.2, ,54.8, 
6,Davis,Sacramento Valley,2/12/2017,043,0.12, ,0.00, ,360, ,7.7, ,64.5, ,45.3, ,53.8, ,82, ,42, ,55, ,37.8, ,7.2, ,173.8, ,53.4, 
6,Davis,Sacramento Valley,2/13/2017,044,0.05, ,0.00, ,255, ,10.5, ,61.8, ,38.2, ,50.7, ,100, ,62, ,83, ,45.8, ,2.6, ,63.0, ,52.6, 
6,Davis,Sacramento Valley,2/14/2017,045,0.09, ,0.00, ,365, ,10.7, ,68.6, ,39.6, ,52.6, ,100, ,49, ,79, ,46.2, ,3.0, ,72.2, ,52.9, 
6,Davis,Sacramento Valley,2/15/2017,046,0.03, ,0.00, ,138, ,12.8, ,60.1, ,45.8, ,54.0, ,100, ,70, ,90, ,51.1, ,3.7, ,89.7, ,52.9, 
6,Davis,Sacramento Valley,2/16/2017,047,0.09, ,0.12, ,313, ,12.5, ,65.3, ,49.0, ,57.5, ,98, ,54, ,77, ,50.4, ,7.8, ,186.0, ,53.7, 
6,Davis,Sacramento Valley,2/17/2017,048,0.01, ,1.13, ,42, ,13.2, ,57.6, ,50.0, ,54.0, ,100, ,78, ,93, ,51.9, ,9.4, ,224.8, ,53.7, 
6,Davis,Sacramento Valley,2/18/2017,049,0.04, ,0.12, ,180, ,12.3, ,60.3, ,47.6, ,54.1, ,100, ,71, ,86, ,50.1, ,5.5, ,132.0, ,53.7, 
6,Davis,Sacramento Valley,2/19/2017,050,0.03, ,0.19, ,160, ,11.3, ,55.5, ,46.2, ,50.3, ,100, ,78, ,91, ,47.7, ,9.1, ,219.3, ,53.3, 
6,Davis,Sacramento Valley,2/20/2017,051,0.00, ,1.37, ,55, ,14.1, ,57.2, ,51.4, ,54.1, ,100, ,88, ,99, ,53.7, ,12.7,Y,305.0,Y,53.0, 
6,Davis,Sacramento Valley,2/21/2017,052,0.07, ,0.09, ,265, ,11.8, ,61.3, ,49.1, ,54.0, ,100, ,67, ,83, ,49.0, ,8.8, ,210.5, ,53.5, 
6,Davis,Sacramento Valley,2/22/2017,053,0.09, ,0.00, ,358, ,7.9, ,57.4, ,39.4, ,47.1, ,92, ,46, ,72, ,38.6, ,4.9, ,117.3, ,53.4, 
6,Davis,Sacramento Valley,2/23/2017,054,0.08, ,0.00, ,389, ,6.8, ,54.0, ,34.4, ,43.9, ,93, ,47, ,70, ,34.7, ,3.0, ,73.0, ,52.3, 
6,Davis,Sacramento Valley,2/24/2017,055,0.08, ,0.00, ,341, ,7.3, ,53.2, ,31.9, ,42.9, ,100, ,51, ,77, ,36.3, ,3.4, ,82.3, ,51.0, 
6,Davis,Sacramento Valley,2/25/2017,056,0.09, ,0.00, ,393, ,7.5, ,53.9, ,36.8, ,44.8, ,90, ,58, ,74, ,37.1, ,4.6, ,109.8, ,50.6, 
6,Davis,Sacramento Valley,2/26/2017,057,0.11, ,0.00, ,418, ,7.3, ,59.1, ,32.4, ,46.3, ,96, ,49, ,69, ,36.6, ,6.2, ,149.6, ,50.2, 
6,Davis,Sacramento Valley,2/27/2017,058,0.10, ,0.00, ,431,R,7.2, ,56.3, ,35.2, ,46.5, ,93, ,41, ,67, ,36.1, ,3.9, ,93.0, ,50.2, 
6,Davis,Sacramento Valley,2/28/2017,059,0.10, ,0.00, ,433, ,6.9, ,59.4, ,33.6, ,46.5, ,95, ,37, ,64, ,35.1, ,3.3, ,80.3, ,50.0, 
6,Davis,Sacramento Valley,3/1/2017,060,0.12, ,0.00, ,441,R,7.8, ,63.6, ,35.5, ,48.8, ,93, ,38, ,67, ,38.2, ,4.3, ,104.0, ,49.7, 
6,Davis,Sacramento Valley,3/2/2017,061,0.11, ,0.00, ,448,R,9.1, ,69.1, ,35.6, ,50.6, ,100, ,39, ,72, ,42.0, ,2.7, ,64.8, ,49.8, 
6,Davis,Sacramento Valley,3/3/2017,062,0.09, ,0.00, ,352, ,10.2, ,65.8, ,39.0, ,51.8, ,100, ,54, ,78, ,45.1, ,3.8, ,90.8, ,50.3, 
6,Davis,Sacramento Valley,3/4/2017,063,0.11, ,0.31, ,363, ,10.9, ,62.9, ,43.3, ,52.9, ,96, ,62, ,80, ,46.9, ,10.7, ,255.7, ,51.1, 
6,Davis,Sacramento Valley,3/5/2017,064,0.09, ,0.06, ,373, ,7.8, ,51.0, ,39.3, ,46.0, ,94, ,59, ,73, ,38.0, ,9.5, ,228.0, ,51.4, 
6,Davis,Sacramento Valley,3/6/2017,065,0.05,R,0.03,R,243, ,9.7, ,54.3, ,42.3, ,49.1, ,98, ,70, ,82, ,43.7, ,5.7, ,136.2, ,50.1, 
6,Davis,Sacramento Valley,3/7/2017,066,0.06, ,0.00, ,271, ,9.4, ,58.5, ,36.2, ,47.7, ,100, ,55, ,84, ,43.0, ,2.4, ,57.9, ,49.8, 
6,Davis,Sacramento Valley,3/8/2017,067,0.12, ,0.00, ,450, ,11.7, ,67.4, ,42.4, ,54.2, ,100, ,58, ,81, ,48.6, ,3.8, ,91.6, ,50.7, 
6,Davis,Sacramento Valley,3/9/2017,068,0.12, ,0.00, ,425, ,13.7, ,75.6, ,45.4, ,59.1, ,100, ,50, ,80, ,53.0, ,3.0, ,71.6, ,52.2, 
6,Davis,Sacramento Valley,3/10/2017,069,0.08, ,0.00, ,290, ,14.6, ,72.1, ,51.1, ,59.7, ,100, ,52, ,83, ,54.6, ,3.7, ,89.1, ,53.7, 
6,Davis,Sacramento Valley,3/11/2017,070,0.12, ,0.00, ,430, ,14.1, ,74.7, ,44.9, ,59.7, ,100, ,56, ,80, ,53.6, ,3.0, ,72.0, ,54.2, 
6,Davis,Sacramento Valley,3/12/2017,071,0.15, ,0.00, ,497,R,12.1, ,78.5, ,48.2, ,62.3, ,97, ,36, ,63, ,49.7, ,4.6, ,110.0, ,55.2, 
6,Davis,Sacramento Valley,3/13/2017,072,0.15, ,0.00, ,499,R,12.2, ,76.1, ,45.5, ,60.0, ,100, ,39, ,69, ,49.7, ,3.5, ,84.2, ,55.3, 
6,Davis,Sacramento Valley,3/14/2017,073,0.14, ,0.00, ,486, ,14.4, ,79.7, ,46.4, ,62.5, ,93, ,49, ,74, ,54.2, ,3.1, ,73.3, ,55.5, 
6,Davis,Sacramento Valley,3/15/2017,074,0.08, ,0.00, ,264, ,13.6, ,71.4, ,53.7, ,60.8, ,93, ,56, ,75, ,52.8, ,6.0, ,144.3, ,56.5, 
6,Davis,Sacramento Valley,3/16/2017,075,0.12, ,0.00, ,419, ,13.5, ,73.4, ,50.1, ,60.5, ,97, ,47, ,75, ,52.6, ,3.2, ,75.8, ,56.8, 
6,Davis,Sacramento Valley,3/17/2017,076,0.14, ,0.00, ,475, ,13.3, ,77.3, ,46.8, ,61.5, ,100, ,42, ,72, ,52.2, ,3.7, ,88.8, ,57.2, 
6,Davis,Sacramento Valley,3/18/2017,077,0.08, ,0.00, ,235, ,10.9, ,70.5, ,52.2, ,59.5, ,87, ,44, ,63, ,46.7, ,4.8, ,116.2, ,57.2, 
6,Davis,Sacramento Valley,3/19/2017,078,0.11, ,0.00, ,365, ,13.9, ,72.7, ,53.1, ,61.4, ,97, ,47, ,75, ,53.3, ,3.8, ,90.6, ,57.3, 
6,Davis,Sacramento Valley,3/20/2017,079,0.06, ,0.52, ,212, ,13.2, ,64.2, ,52.4, ,57.9, ,100, ,61, ,81, ,52.0, ,5.8, ,139.1, ,57.7, 
6,Davis,Sacramento Valley,3/21/2017,080,0.15, ,0.58, ,449, ,14.1, ,66.3, ,53.5, ,59.5, ,100, ,56, ,81, ,53.7, ,9.9, ,237.1, ,57.8, 
6,Davis,Sacramento Valley,3/22/2017,081,0.13, ,1.04, ,455, ,11.5, ,63.6, ,46.1, ,54.6, ,100, ,51, ,79, ,48.3, ,5.9, ,141.1, ,57.7, 
6,Davis,Sacramento Valley,3/23/2017,082,0.14, ,0.00, ,496, ,10.3, ,63.2, ,40.8, ,52.5, ,100, ,49, ,76, ,45.3, ,5.0, ,119.6, ,57.1, 
6,Davis,Sacramento Valley,3/24/2017,083,0.02, ,0.20, ,117, ,12.8, ,55.8, ,51.1, ,53.0, ,100, ,79, ,93, ,51.0, ,7.0, ,167.4, ,56.7, 
6,Davis,Sacramento Valley,3/25/2017,084,0.12, ,0.00, ,437, ,12.5, ,65.3, ,48.0, ,55.8, ,100, ,58, ,82, ,50.5, ,4.5, ,108.0, ,56.5, 
6,Davis,Sacramento Valley,3/26/2017,085,0.09, ,0.01, ,309, ,12.0, ,63.1, ,47.0, ,54.6, ,100, ,62, ,82, ,49.3, ,7.0, ,167.9, ,56.7, 
6,Davis,Sacramento Valley,3/27/2017,086,0.16, ,0.00, ,550, ,10.1, ,65.6, ,45.3, ,55.8, ,91, ,43, ,66, ,44.7, ,5.3, ,128.3, ,56.7, 
6,Davis,Sacramento Valley,3/28/2017,087,0.25, ,0.00, ,550, ,9.1, ,71.7, ,50.3, ,61.4, ,74, ,35, ,49, ,42.0, ,12.5,Y,300.9,Y,56.5, 
6,Davis,Sacramento Valley,3/29/2017,088,0.16, ,0.00, ,524, ,12.0, ,76.7, ,47.5, ,63.4, ,87, ,42, ,60, ,49.3, ,3.6, ,87.6, ,57.1, 
6,Davis,Sacramento Valley,3/30/2017,089,0.25, ,0.00, ,568,R,7.8, ,66.8, ,53.3, ,60.5, ,74, ,23, ,43, ,38.2, ,12.6,Y,302.4,Y,58.1, 
6,Davis,Sacramento Valley,3/31/2017,090,0.31, ,0.00, ,578,R,6.2, ,71.4, ,51.3, ,60.8, ,44, ,25, ,34, ,32.5, ,17.1,R,411.4,R,56.5, 
6,Davis,Sacramento Valley,4/1/2017,091,0.20, ,0.00, ,555, ,9.4, ,76.7, ,53.6, ,64.0, ,65, ,32, ,46, ,43.0, ,6.5, ,156.8, ,56.9, 
6,Davis,Sacramento Valley,4/2/2017,092,0.23, ,0.00, ,572, ,9.8, ,80.3, ,48.9, ,65.0, ,90, ,18, ,46, ,43.9, ,7.0, ,169.0, ,57.8, 
6,Davis,Sacramento Valley,4/3/2017,093,0.26, ,0.00, ,600,R,5.9, ,76.0, ,52.5, ,62.8, ,62, ,14, ,30, ,31.3, ,8.8, ,212.1, ,57.5, 
6,Davis,Sacramento Valley,4/4/2017,094,0.16, ,0.00, ,503, ,10.2, ,73.9, ,49.9, ,61.2, ,81, ,33, ,55, ,45.1, ,3.4, ,81.7, ,57.6, 
6,Davis,Sacramento Valley,4/5/2017,095,0.16, ,0.00, ,423, ,8.7, ,74.2, ,50.3, ,61.2, ,75, ,21, ,47, ,41.0, ,4.9, ,118.7, ,58.3, 
6,Davis,Sacramento Valley,4/6/2017,096,0.06, ,0.95, ,159, ,9.3, ,61.3, ,49.3, ,55.6, ,97, ,35, ,61, ,42.5, ,5.6, ,133.3, ,57.7, 
6,Davis,Sacramento Valley,4/7/2017,097,0.07, ,0.76, ,265, ,12.6, ,62.8, ,47.7, ,54.5, ,97, ,70, ,87, ,50.6, ,9.1, ,218.0, ,56.6, 
6,Davis,Sacramento Valley,4/8/2017,098,0.10, ,0.05, ,417, ,9.2, ,59.3, ,43.9, ,50.0, ,93, ,52, ,75, ,42.4, ,5.4, ,129.8, ,56.4, 
6,Davis,Sacramento Valley,4/9/2017,099,0.15, ,0.00, ,573, ,8.8, ,62.4, ,39.3, ,50.9, ,99, ,35, ,69, ,41.1, ,3.9, ,94.1, ,55.8, 
6,Davis,Sacramento Valley,4/10/2017,100,0.15, ,0.00, ,544, ,10.6, ,67.8, ,42.4, ,55.7, ,90, ,49, ,70, ,46.0, ,3.5, ,84.5, ,56.1, 
6,Davis,Sacramento Valley,4/11/2017,101,0.07, ,0.01, ,229, ,12.7, ,65.1, ,53.1, ,58.2, ,94, ,54, ,77, ,50.9, ,5.7, ,135.9, ,57.0, 
6,Davis,Sacramento Valley,4/12/2017,102,0.13, ,0.00, ,326, ,12.8, ,66.1, ,52.4, ,58.5, ,98, ,58, ,76, ,51.1, ,10.9, ,260.7, ,57.2, 
6,Davis,Sacramento Valley,4/13/2017,103,0.14, ,0.32, ,431, ,10.3, ,62.8, ,44.1, ,53.9, ,97, ,55, ,73, ,45.4, ,7.7, ,183.6, ,57.1, 
6,Davis,Sacramento Valley,4/14/2017,104,0.19, ,0.00, ,616, ,7.6, ,63.6, ,38.5, ,51.9, ,89, ,30, ,57, ,37.3, ,6.3, ,151.2, ,56.4, 
6,Davis,Sacramento Valley,4/15/2017,105,0.17, ,0.00, ,539, ,8.5, ,68.9, ,40.5, ,55.9, ,86, ,29, ,56, ,40.3, ,4.3, ,102.8, ,55.6, 
6,Davis,Sacramento Valley,4/16/2017,106,0.02, ,0.35, ,128, ,12.1, ,58.8, ,46.6, ,52.8, ,100, ,65, ,89, ,49.7, ,4.4, ,105.3, ,55.9, 
6,Davis,Sacramento Valley,4/17/2017,107,0.03, ,0.05, ,173, ,14.7, ,62.5, ,53.7, ,57.0, ,100, ,72, ,93, ,54.9, ,3.6, ,87.6, ,56.2, 
6,Davis,Sacramento Valley,4/18/2017,108,0.17, ,0.01, ,545, ,13.7, ,69.8, ,49.1, ,59.7, ,100, ,59, ,78, ,52.9, ,4.9, ,117.6, ,57.3, 
6,Davis,Sacramento Valley,4/19/2017,109,0.18, ,0.04, ,674,R,12.9, ,69.2, ,56.4, ,63.4, ,100, ,52, ,65, ,51.2, ,8.3, ,200.3, ,57.7, 
6,Davis,Sacramento Valley,4/20/2017,110,0.20, ,0.00, ,630, ,11.5, ,69.5, ,49.3, ,60.1, ,100, ,38, ,65, ,48.1, ,5.2, ,125.4, ,58.0, 
6,Davis,Sacramento Valley,4/21/2017,111,0.22, ,0.00, ,637, ,10.6, ,79.6, ,49.0, ,63.2, ,78, ,29, ,54, ,46.2, ,6.1, ,145.9, ,58.0, 
6,Davis,Sacramento Valley,4/22/2017,112,0.14, ,0.00, ,414, ,11.4, ,73.4, ,49.5, ,60.9, ,84, ,42, ,63, ,48.1, ,5.9, ,141.8, ,58.2, 
6,Davis,Sacramento Valley,4/23/2017,113,0.21, ,0.00, ,633, ,11.3, ,74.2, ,47.4, ,60.4, ,91, ,40, ,63, ,47.8, ,5.9, ,141.7, ,58.5, 
6,Davis,Sacramento Valley,4/24/2017,114,0.14, ,0.00, ,378, ,11.6, ,67.7, ,52.8, ,59.3, ,75, ,59, ,67, ,48.4, ,7.2, ,173.5, ,58.7, 
6,Davis,Sacramento Valley,4/25/2017,115,0.17, ,0.00, ,510, ,11.1, ,70.8, ,49.1, ,61.2, ,85, ,39, ,60, ,47.3, ,4.0, ,96.1, ,58.9, 
6,Davis,Sacramento Valley,4/26/2017,116,0.14, ,0.00, ,404, ,14.7, ,71.3, ,52.8, ,61.9, ,97, ,64, ,78, ,54.9, ,8.4, ,201.6, ,60.0, 
6,Davis,Sacramento Valley,4/27/2017,117,0.22, ,0.00, ,623, ,11.2, ,76.6, ,48.8, ,62.7, ,100, ,26, ,57, ,47.4, ,5.6, ,135.1, ,60.1, 
6,Davis,Sacramento Valley,4/28/2017,118,0.32, ,0.00, ,667, ,6.5, ,73.3, ,54.0, ,63.3, ,63, ,19, ,33, ,33.6, ,12.8, ,306.8, ,59.8, 
6,Davis,Sacramento Valley,4/29/2017,119,0.28, ,0.00, ,677,R,7.6, ,81.2, ,53.4, ,66.5, ,65, ,19, ,34, ,37.3, ,8.0, ,191.9, ,59.5, 
6,Davis,Sacramento Valley,4/30/2017,120,0.23, ,0.00, ,658, ,11.5, ,85.5, ,46.4, ,67.1, ,91, ,26, ,51, ,48.3, ,3.4, ,81.7, ,60.4, 
6,Davis,Sacramento Valley,5/1/2017,121,0.33, ,0.00, ,665, ,10.6, ,88.1, ,59.1, ,74.1, ,71, ,22, ,37, ,46.1, ,9.7, ,232.0, ,61.8, 
6,Davis,Sacramento Valley,5/2/2017,122,0.34, ,0.00, ,660, ,12.3, ,89.7, ,66.1,Y,78.3,Y,53, ,28, ,37,Y,50.0,Y,10.1, ,243.3, ,63.4, 
6,Davis,Sacramento Valley,5/3/2017,123,0.28,R,0.00, ,658, ,14.9, ,94.3, ,65.9,Y,80.7,Y,76,H,24,H,42,Y,55.3,Y,6.4, ,154.1, ,64.9, 
6,Davis,Sacramento Valley,5/4/2017,124,0.25, ,0.00, ,603, ,15.8, ,91.2, ,56.9, ,72.9, ,82, ,30, ,57, ,56.9, ,6.4, ,153.5, ,66.2, 
6,Davis,Sacramento Valley,5/5/2017,125,0.26, ,0.00, ,662, ,11.9, ,82.1, ,52.5, ,65.0, ,87, ,26, ,57, ,49.2, ,8.1, ,195.3, ,65.8, 
6,Davis,Sacramento Valley,5/6/2017,126,0.19, ,0.00, ,602, ,9.9, ,69.1, ,46.7, ,58.8, ,87, ,39, ,59, ,44.3, ,5.4, ,128.7, ,64.1, 
6,Davis,Sacramento Valley,5/7/2017,127,0.29, ,0.00, ,665, ,9.1, ,77.3, ,57.4, ,66.0, ,63, ,31, ,42, ,42.1, ,10.1, ,241.8, ,63.6, 
6,Davis,Sacramento Valley,5/8/2017,128,0.25, ,0.00, ,670, ,10.9, ,85.8, ,48.1, ,67.3, ,86, ,21, ,48, ,46.7, ,4.6, ,109.4, ,64.0, 
6,Davis,Sacramento Valley,5/9/2017,129,0.25, ,0.00, ,683, ,12.6, ,90.3, ,50.8, ,69.9, ,86, ,21, ,50, ,50.6, ,4.7, ,113.1, ,64.8, 
6,Davis,Sacramento Valley,5/10/2017,130,0.26, ,0.00, ,671, ,11.6, ,74.5, ,52.0, ,62.3, ,77, ,45, ,60, ,48.5, ,11.2,Y,268.7,Y,65.4, 
6,Davis,Sacramento Valley,5/11/2017,131,0.23, ,0.00, ,687, ,11.7, ,73.5, ,51.6, ,60.6, ,82, ,49, ,65, ,48.7, ,9.3, ,222.4, ,64.3, 
6,Davis,Sacramento Valley,5/12/2017,132,0.22, ,0.00, ,693, ,7.8, ,68.4, ,47.9, ,58.0, ,74, ,30, ,47, ,38.0, ,6.2, ,149.6, ,64.2, 
6,Davis,Sacramento Valley,5/13/2017,133,0.23, ,0.00, ,719,R,7.4, ,70.8, ,42.1, ,57.3, ,75, ,24, ,46, ,36.8, ,4.8, ,114.4, ,63.2, 
6,Davis,Sacramento Valley,5/14/2017,134,0.20, ,0.00, ,618, ,8.6, ,70.8, ,42.7, ,58.1, ,84, ,31, ,52, ,40.7, ,5.5, ,131.8, ,62.7, 
6,Davis,Sacramento Valley,5/15/2017,135,0.25, ,0.00, ,697, ,9.9, ,78.3, ,43.1, ,61.1, ,86, ,31, ,54, ,44.2, ,6.6, ,159.1, ,62.5, 
6,Davis,Sacramento Valley,5/16/2017,136,0.14, ,0.00, ,367, ,10.7, ,68.2, ,49.0, ,58.6, ,79, ,48, ,64, ,46.3, ,8.1, ,193.4, ,62.3, 
6,Davis,Sacramento Valley,5/17/2017,137,0.27, ,0.00, ,729,R,7.9, ,76.4, ,44.4, ,61.3, ,92, ,17, ,43, ,38.6, ,6.2, ,148.1, ,61.9, 
6,Davis,Sacramento Valley,5/18/2017,138,0.31, ,0.00, ,731,R,7.9, ,85.0, ,46.0, ,67.7, ,79, ,14, ,34, ,38.5, ,7.3, ,174.9, ,61.6, 
6,Davis,Sacramento Valley,5/19/2017,139,0.27, ,0.00, ,721, ,9.4, ,89.9, ,53.0, ,72.4, ,60, ,17, ,35, ,43.0, ,3.8, ,92.1, ,62.4, 
6,Davis,Sacramento Valley,5/20/2017,140,0.27, ,0.00, ,706, ,12.2, ,93.2, ,52.2, ,74.2, ,79, ,21, ,42, ,49.9, ,4.1, ,98.4, ,63.7, 
6,Davis,Sacramento Valley,5/21/2017,141,0.28, ,0.00, ,702, ,12.5, ,95.5, ,55.5, ,76.7, ,73, ,20, ,40, ,50.5, ,4.0, ,95.1, ,65.1, 
6,Davis,Sacramento Valley,5/22/2017,142,0.27, ,0.00, ,706, ,14.3, ,96.0, ,56.6, ,76.6, ,77, ,22, ,46, ,54.1, ,3.7, ,89.6, ,66.4, 
6,Davis,Sacramento Valley,5/23/2017,143,0.28, ,0.00, ,712, ,15.1, ,96.8, ,56.8, ,76.2, ,81, ,27, ,49, ,55.6, ,4.2, ,100.9, ,67.9, 
6,Davis,Sacramento Valley,5/24/2017,144,0.24, ,0.00, ,596, ,13.1, ,85.0, ,54.9, ,66.2, ,81, ,39, ,59, ,51.6, ,8.4, ,200.5, ,67.8, 
6,Davis,Sacramento Valley,5/25/2017,145,0.22, ,0.00, ,593, ,11.9, ,72.3, ,52.6, ,61.3, ,81, ,48, ,64, ,49.1, ,9.5, ,227.6, ,66.2, 
6,Davis,Sacramento Valley,5/26/2017,146,0.24, ,0.00, ,703, ,11.5, ,71.2, ,50.5, ,61.1, ,82, ,49, ,63, ,48.3, ,7.5, ,179.5, ,65.1, 
6,Davis,Sacramento Valley,5/27/2017,147,0.24, ,0.00, ,706, ,12.7, ,79.7, ,52.0, ,65.1, ,81, ,43, ,60, ,50.9, ,5.1, ,122.7, ,65.1, 
6,Davis,Sacramento Valley,5/28/2017,148,0.24, ,0.00, ,707, ,14.7, ,85.1, ,52.6, ,67.8, ,88, ,43, ,63, ,54.8, ,4.4, ,106.0, ,65.8, 
6,Davis,Sacramento Valley,5/29/2017,149,0.23, ,0.00, ,650, ,15.1, ,85.0, ,54.8, ,66.8, ,88, ,45, ,67, ,55.7, ,5.5, ,131.5, ,66.5, 
6,Davis,Sacramento Valley,5/30/2017,150,0.22, ,0.00, ,595, ,13.7, ,79.5, ,53.3, ,65.8, ,89, ,47, ,63, ,53.0, ,6.9, ,165.7, ,66.6, 
6,Davis,Sacramento Valley,5/31/2017,151,0.21, ,0.00, ,618, ,15.1, ,80.5, ,56.7, ,67.2, ,93, ,43, ,66, ,55.7, ,4.5, ,107.9, ,66.4, 
6,Davis,Sacramento Valley,6/1/2017,152,0.25, ,0.00, ,722, ,14.5, ,85.4, ,56.0, ,69.8, ,91, ,33, ,58, ,54.5, ,4.4, ,104.6, ,66.8, 
6,Davis,Sacramento Valley,6/2/2017,153,0.24, ,0.00, ,712, ,15.5, ,90.5, ,55.4, ,70.9, ,87, ,28, ,60, ,56.4, ,3.9, ,94.2, ,67.4, 
6,Davis,Sacramento Valley,6/3/2017,154,0.23, ,0.00, ,629, ,14.5, ,88.3, ,59.2, ,71.5, ,81, ,27, ,55, ,54.5, ,4.3, ,103.3, ,68.3, 
6,Davis,Sacramento Valley,6/4/2017,155,0.28, ,0.00, ,735, ,13.2, ,87.1, ,54.7, ,70.0, ,88, ,31, ,53, ,51.9, ,5.6, ,135.3, ,68.2, 
6,Davis,Sacramento Valley,6/5/2017,156,0.27, ,0.00, ,718, ,12.6, ,90.0, ,49.0, ,71.0, ,89, ,24, ,49, ,50.7, ,4.4, ,106.1, ,67.6, 
6,Davis,Sacramento Valley,6/6/2017,157,0.27, ,0.00, ,727, ,13.8, ,88.4, ,54.5, ,69.4, ,87, ,25, ,56, ,53.1, ,5.0, ,119.9, ,68.4, 
6,Davis,Sacramento Valley,6/7/2017,158,0.21, ,0.00, ,483, ,13.0, ,83.7, ,59.6, ,71.7, ,83, ,39, ,49, ,51.5, ,7.8, ,188.1, ,68.9, 
6,Davis,Sacramento Valley,6/8/2017,159,0.12, ,0.15, ,398, ,14.3, ,70.9, ,55.5, ,62.8, ,92, ,60, ,73, ,54.1, ,4.7, ,113.2, ,67.8, 
6,Davis,Sacramento Valley,6/9/2017,160,0.23, ,0.00, ,615, ,14.5, ,76.2, ,52.0, ,65.5, ,96, ,42, ,68, ,54.6, ,7.3, ,174.7, ,68.2, 
6,Davis,Sacramento Valley,6/10/2017,161,0.26, ,0.00, ,743, ,9.9, ,75.2, ,47.5, ,62.4, ,83, ,33, ,52, ,44.3, ,5.7, ,136.5, ,67.4, 
6,Davis,Sacramento Valley,6/11/2017,162,0.14,R,0.61, ,474, ,10.5, ,67.5,Y,45.3, ,55.3,Y,89, ,45, ,71,Y,45.9,Y,5.2, ,124.7, ,66.6, 
6,Davis,Sacramento Valley,6/12/2017,163,0.23, ,0.00, ,687, ,4.8,Y,72.9, ,47.9, ,60.6, ,98, ,0, ,27,Y,26.1,Y,5.3, ,126.0, ,65.5, 
6,Davis,Sacramento Valley,6/13/2017,164,0.23, ,0.00, ,722, ,16.2, ,82.9, ,50.7, ,67.3, ,100, ,0, ,71, ,57.5, ,3.5, ,84.5, ,66.3, 
6,Davis,Sacramento Valley,6/14/2017,165,0.27, ,0.00, ,736, ,17.2,Y,88.9, ,54.2, ,72.5, ,100, ,42, ,63,Y,59.2,Y,4.3, ,104.0, ,67.8, 
6,Davis,Sacramento Valley,6/15/2017,166,0.27, ,0.00, ,724, ,6.7,Y,93.2, ,54.8, ,75.3, ,93, ,0, ,22,Y,34.4,Y,3.7, ,89.4, ,69.0, 
6,Davis,Sacramento Valley,6/16/2017,167,0.28, ,0.00, ,719, ,5.2,R,99.6, ,65.0,Y,82.7, ,100, ,0, ,,R,,I,4.5, ,109.1, ,70.9, 
6,Davis,Sacramento Valley,6/17/2017,168,0.35, ,0.00, ,726, ,0.3,R,97.6, ,70.1,R,84.8,Y,3,H,0,H,,R,,I,7.9, ,189.6, ,73.0, 
6,Davis,Sacramento Valley,6/18/2017,169,0.33,R,0.00, ,720, ,0.3,R,104.3,Y,,S,90.5,R,1,H,0,H,,R,,I,8.7, ,209.9, ,73.2, 
6,Davis,Sacramento Valley,6/19/2017,170,0.32, ,0.00, ,701, ,6.6,Y,103.8,Y,68.2,Y,85.9,Y,59, ,0, ,16,Y,34.0,Y,4.7, ,111.7, ,74.4, 
6,Davis,Sacramento Valley,6/20/2017,171,0.30, ,0.00, ,711, ,14.3, ,101.6, ,66.8,Y,81.4, ,86, ,0, ,39, ,54.1, ,4.4, ,104.5, ,75.8, 
6,Davis,Sacramento Valley,6/21/2017,172,0.32, ,0.00, ,933,R,22.0,R,104.2, ,,S,93.1,R,81, ,1, ,,R,,I,5.9, ,142.1, ,76.6, 
6,Davis,Sacramento Valley,6/22/2017,173,0.37,R,0.00, ,726, ,15.5, ,104.4, ,71.1,R,89.3,Y,60,H,18,H,33,Y,56.4,Y,8.5, ,203.1, ,76.5, 
6,Davis,Sacramento Valley,6/23/2017,174,0.29, ,0.00, ,727, ,18.4,Y,98.7, ,65.1, ,79.6, ,76, ,30, ,53,Y,61.1,Y,4.9, ,117.1, ,76.4, 
6,Davis,Sacramento Valley,6/24/2017,175,0.28, ,0.00, ,717, ,17.7, ,95.8, ,60.7, ,75.8, ,82, ,37, ,58, ,60.0, ,6.3, ,151.2, ,76.5, 
6,Davis,Sacramento Valley,6/25/2017,176,0.28, ,0.00, ,725, ,16.4, ,89.1, ,59.2, ,72.1, ,85, ,40, ,61, ,57.9, ,7.2, ,172.3, ,75.6, 
6,Davis,Sacramento Valley,6/26/2017,177,0.29, ,0.00, ,756,R,14.6, ,86.1, ,57.6, ,69.4, ,84, ,32, ,59, ,54.6, ,8.4, ,202.1, ,74.4, 
6,Davis,Sacramento Valley,6/27/2017,178,0.27, ,0.00, ,750,R,15.8, ,86.4, ,54.8, ,69.2, ,92, ,42, ,65, ,56.8, ,6.0, ,143.2, ,73.6, 
6,Davis,Sacramento Valley,6/28/2017,179,0.26, ,0.00, ,740, ,16.2, ,88.7, ,55.7, ,70.8, ,90, ,39, ,63, ,57.6, ,4.4, ,106.0, ,73.4, 
6,Davis,Sacramento Valley,6/29/2017,180,0.27, ,0.00, ,738, ,15.7, ,92.1, ,55.7, ,71.5, ,88, ,35, ,60, ,56.8, ,4.7, ,112.2, ,73.7, 
6,Davis,Sacramento Valley,6/30/2017,181,0.28, ,0.00, ,726, ,15.7, ,90.8, ,55.5, ,71.7, ,88, ,36, ,59, ,56.7, ,5.9, ,142.7, ,73.8, 
6,Davis,Sacramento Valley,7/1/2017,182,0.26, ,0.00, ,731, ,15.4, ,87.7, ,55.0, ,70.6, ,84, ,39, ,60, ,56.1, ,4.5, ,107.6, ,73.4, 
6,Davis,Sacramento Valley,7/2/2017,183,0.28, ,0.00, ,740, ,16.0, ,91.5, ,55.9, ,72.6, ,88, ,34, ,58, ,57.2, ,5.2, ,125.3, ,73.4, 
6,Davis,Sacramento Valley,7/3/2017,184,0.31, ,0.00, ,734, ,13.7, ,91.2, ,57.2, ,73.2, ,87, ,19, ,49, ,52.9, ,6.4, ,153.2, ,73.0, 
6,Davis,Sacramento Valley,7/4/2017,185,0.30, ,0.00, ,745,R,13.4, ,93.4, ,57.1, ,74.0, ,81, ,16, ,47, ,52.3, ,5.4, ,128.5, ,72.7, 
6,Davis,Sacramento Valley,7/5/2017,186,0.24, ,0.00, ,630, ,14.8, ,93.1, ,55.9, ,72.6, ,85, ,30, ,54, ,55.1, ,4.9, ,117.6, ,72.8, 
6,Davis,Sacramento Valley,7/6/2017,187,0.29, ,0.00, ,701, ,15.2, ,99.3, ,56.4, ,78.4, ,81, ,26, ,46, ,55.8, ,4.0, ,96.5, ,73.4, 
6,Davis,Sacramento Valley,7/7/2017,188,0.31, ,0.00, ,726, ,15.3, ,104.6, ,60.4, ,83.1, ,73, ,19, ,40, ,56.1, ,4.7, ,112.3, ,74.9, 
6,Davis,Sacramento Valley,7/8/2017,189,0.32, ,0.00, ,707, ,13.4, ,102.2, ,63.2, ,82.5, ,63, ,20, ,35, ,52.4, ,4.6, ,111.4, ,76.1, 
6,Davis,Sacramento Valley,7/9/2017,190,0.30, ,0.00, ,727, ,14.9, ,98.6, ,58.9, ,77.3, ,79, ,20, ,47, ,55.3, ,4.8, ,115.1, ,75.8, 
6,Davis,Sacramento Valley,7/10/2017,191,0.28, ,0.00, ,730, ,16.7, ,94.6, ,58.5, ,74.8, ,84, ,32, ,57, ,58.4, ,5.5, ,131.1, ,75.9, 
6,Davis,Sacramento Valley,7/11/2017,192,0.28, ,0.00, ,718, ,15.7, ,89.5, ,57.9, ,72.4, ,83, ,34, ,58, ,56.6, ,5.8, ,140.3, ,76.2, 
6,Davis,Sacramento Valley,7/12/2017,193,0.27, ,0.00, ,713, ,15.7, ,90.5, ,58.0, ,73.1, ,81, ,33, ,57, ,56.7, ,4.8, ,114.3, ,75.8, 
6,Davis,Sacramento Valley,7/13/2017,194,0.27, ,0.00, ,716, ,15.8, ,90.9, ,55.8, ,73.4, ,83, ,31, ,56, ,56.9, ,4.8, ,114.3, ,75.7, 
6,Davis,Sacramento Valley,7/14/2017,195,0.28, ,0.00, ,728, ,15.3, ,93.8, ,57.4, ,74.4, ,86, ,20, ,53, ,56.0, ,4.8, ,115.3, ,75.8, 
6,Davis,Sacramento Valley,7/15/2017,196,0.26, ,0.00, ,665, ,17.0, ,98.3, ,56.8, ,78.3, ,87, ,25, ,51, ,58.8, ,3.8, ,90.7, ,76.0, 
6,Davis,Sacramento Valley,7/16/2017,197,0.32, ,0.00, ,717, ,15.3, ,101.7, ,66.9,Y,84.8,Y,69, ,22, ,37,Y,56.0,Y,4.7, ,113.3, ,76.6, 
6,Davis,Sacramento Valley,7/17/2017,198,0.31, ,0.00, ,717, ,13.7, ,100.1, ,61.2, ,79.6, ,70, ,20, ,40, ,52.9, ,5.9, ,140.8, ,76.6, 
6,Davis,Sacramento Valley,7/18/2017,199,0.29, ,0.00, ,734,R,13.6, ,86.8, ,57.5, ,70.8, ,77, ,32, ,53, ,52.7, ,7.7, ,184.6, ,75.5, 
6,Davis,Sacramento Valley,7/19/2017,200,0.27, ,0.00, ,725, ,14.4, ,90.7, ,52.5, ,71.8, ,89, ,29, ,54, ,54.2, ,4.4, ,105.1, ,74.5, 
6,Davis,Sacramento Valley,7/20/2017,201,0.26, ,0.00, ,711, ,15.5, ,90.7, ,57.5, ,73.0, ,84, ,36, ,56, ,56.4, ,4.5, ,108.5, ,74.8, 
6,Davis,Sacramento Valley,7/21/2017,202,0.26, ,0.00, ,709, ,15.4, ,92.5, ,56.3, ,74.0, ,84, ,32, ,54, ,56.2, ,4.1, ,98.5, ,75.7, 
6,Davis,Sacramento Valley,7/22/2017,203,0.27, ,0.00, ,708, ,16.3, ,98.2, ,55.9, ,78.4, ,86, ,25, ,49, ,57.8, ,3.6, ,85.7, ,77.0, 
6,Davis,Sacramento Valley,7/23/2017,204,0.28, ,0.00, ,679, ,15.6, ,99.4, ,62.5, ,79.7, ,73, ,20, ,45, ,56.4, ,4.2, ,100.0, ,77.3, 
6,Davis,Sacramento Valley,7/24/2017,205,0.31, ,0.00, ,706, ,13.2, ,90.5, ,61.6, ,74.6, ,74, ,23, ,45, ,52.0, ,7.9, ,189.1, ,76.7, 
6,Davis,Sacramento Valley,7/25/2017,206,0.26, ,0.00, ,689, ,14.8, ,90.8, ,56.2, ,73.3, ,83, ,29, ,53, ,55.0, ,4.7, ,113.8, ,76.2, 
6,Davis,Sacramento Valley,7/26/2017,207,0.27, ,0.00, ,687, ,14.8, ,93.8, ,57.5, ,75.1, ,84, ,23, ,50, ,55.0, ,4.6, ,111.5, ,76.5, 
6,Davis,Sacramento Valley,7/27/2017,208,0.27, ,0.00, ,681, ,15.3, ,99.1, ,57.4, ,78.4, ,82, ,22, ,46, ,55.9, ,3.9, ,93.3, ,76.4, 
6,Davis,Sacramento Valley,7/28/2017,209,0.27, ,0.00, ,694, ,16.2, ,97.5, ,59.7, ,76.5, ,84, ,22, ,52, ,57.5, ,5.0, ,119.1, ,77.0, 
6,Davis,Sacramento Valley,7/29/2017,210,0.26, ,0.00, ,690, ,15.7, ,92.6, ,55.1, ,72.8, ,89, ,27, ,57, ,56.6, ,4.9, ,117.1, ,76.8, 
6,Davis,Sacramento Valley,7/30/2017,211,0.27, ,0.00, ,673, ,15.4, ,95.8, ,53.3, ,75.0, ,89, ,22, ,52, ,56.2, ,4.4, ,106.0, ,76.0, 
6,Davis,Sacramento Valley,7/31/2017,212,0.26, ,0.00, ,648, ,15.8, ,96.2, ,59.4, ,76.0, ,80, ,30, ,51, ,56.8, ,4.1, ,98.1, ,76.2, 
6,Davis,Sacramento Valley,8/1/2017,213,0.27, ,0.00, ,632, ,16.9, ,100.9, ,61.4, ,78.9, ,91, ,28, ,50, ,58.8, ,4.7, ,111.9, ,76.7, 
6,Davis,Sacramento Valley,8/2/2017,214,0.29, ,0.00, ,639, ,16.4, ,98.9, ,62.3, ,80.7, ,77, ,27, ,46, ,57.9, ,5.4, ,130.5, ,76.8, 
6,Davis,Sacramento Valley,8/3/2017,215,0.27, ,0.00, ,559, ,15.7, ,97.7, ,69.0,Y,81.6, ,65, ,30, ,43, ,56.7, ,5.3, ,127.0, ,76.7, 
6,Davis,Sacramento Valley,8/4/2017,216,0.17, ,0.00, ,355, ,17.6, ,87.6, ,70.2,Y,76.6, ,70, ,39, ,57, ,59.9, ,5.8, ,138.6, ,76.4, 
6,Davis,Sacramento Valley,8/5/2017,217,0.25, ,0.00, ,589, ,17.1, ,91.2, ,64.4, ,75.9, ,77, ,35, ,56, ,59.1, ,5.5, ,133.0, ,75.7, 
6,Davis,Sacramento Valley,8/6/2017,218,0.24, ,0.00, ,626, ,16.0, ,88.9, ,59.4, ,72.2, ,84, ,35, ,59, ,57.2, ,5.5, ,131.5, ,75.5, 
6,Davis,Sacramento Valley,8/7/2017,219,0.24, ,0.00, ,625, ,16.1, ,89.4, ,56.6, ,71.4, ,87, ,36, ,61, ,57.4, ,4.5, ,108.5, ,74.8, 
6,Davis,Sacramento Valley,8/8/2017,220,0.24, ,0.00, ,624, ,16.9, ,91.8, ,56.5, ,72.4, ,89, ,35, ,62, ,58.8, ,4.9, ,118.0, ,74.8, 
6,Davis,Sacramento Valley,8/9/2017,221,0.23, ,0.00, ,620, ,17.1, ,89.4, ,57.2, ,71.2, ,91, ,41, ,66, ,59.1, ,5.4, ,129.6, ,74.7, 
6,Davis,Sacramento Valley,8/10/2017,222,0.23, ,0.00, ,618, ,17.6, ,91.5, ,57.5, ,73.1, ,89, ,38, ,63, ,59.8, ,4.0, ,96.4, ,74.8, 
6,Davis,Sacramento Valley,8/11/2017,223,0.23, ,0.00, ,607, ,18.1,Y,93.9, ,60.5, ,75.4, ,87, ,34, ,60,Y,60.7,Y,3.5, ,83.3, ,75.7, 
6,Davis,Sacramento Valley,8/12/2017,224,0.24, ,0.00, ,624, ,16.8, ,93.7, ,60.6, ,74.1, ,86, ,34, ,59, ,58.6, ,4.8, ,114.3, ,76.6, 
6,Davis,Sacramento Valley,8/13/2017,225,0.25, ,0.00, ,623, ,15.9, ,87.8, ,57.1, ,71.0, ,88, ,37, ,61, ,57.1, ,6.3, ,152.0, ,75.9, 
6,Davis,Sacramento Valley,8/14/2017,226,0.22, ,0.00, ,606, ,16.4, ,80.7, ,59.5, ,67.9, ,87, ,51, ,70, ,57.9, ,7.6, ,183.2, ,75.0, 
6,Davis,Sacramento Valley,8/15/2017,227,0.22, ,0.00, ,627, ,15.6, ,80.6, ,54.4, ,66.1, ,95, ,46, ,71, ,56.6, ,5.8, ,140.0, ,74.0, 
6,Davis,Sacramento Valley,8/16/2017,228,0.23, ,0.00, ,598, ,15.9, ,86.8, ,55.0, ,70.3, ,89, ,38, ,63, ,57.0, ,5.2, ,125.6, ,73.7, 
6,Davis,Sacramento Valley,8/17/2017,229,0.23, ,0.00, ,601, ,16.9, ,92.4, ,59.1, ,73.9, ,89, ,35, ,59, ,58.7, ,4.4, ,104.7, ,74.1, 
6,Davis,Sacramento Valley,8/18/2017,230,0.22, ,0.00, ,599, ,17.3, ,92.8, ,58.9, ,73.0, ,85, ,38, ,62, ,59.4, ,4.6, ,109.9, ,74.3, 
6,Davis,Sacramento Valley,8/19/2017,231,0.23, ,0.00, ,596, ,17.3, ,90.3, ,59.1, ,72.7, ,85, ,42, ,63, ,59.4, ,4.7, ,112.3, ,74.6, 
6,Davis,Sacramento Valley,8/20/2017,232,0.22, ,0.00, ,574, ,17.0, ,89.6, ,58.3, ,72.7, ,89, ,38, ,62, ,58.9, ,5.1, ,121.9, ,74.4, 
6,Davis,Sacramento Valley,8/21/2017,233,0.20, ,0.00, ,517, ,16.8, ,85.6, ,61.8, ,71.9, ,82, ,44, ,63, ,58.5, ,5.5, ,130.9, ,74.2, 
6,Davis,Sacramento Valley,8/22/2017,234,0.21, ,0.00, ,540, ,16.9, ,92.3, ,59.8, ,73.5, ,88, ,37, ,60, ,58.7, ,4.3, ,103.1, ,73.8, 
6,Davis,Sacramento Valley,8/23/2017,235,0.24, ,0.00, ,590, ,17.1, ,95.7, ,59.7, ,76.1, ,83, ,33, ,56, ,59.0, ,4.7, ,113.0, ,74.2, 
6,Davis,Sacramento Valley,8/24/2017,236,0.22, ,0.00, ,594, ,16.0, ,89.4, ,58.2, ,71.5, ,86, ,36, ,61, ,57.2, ,5.0, ,120.3, ,74.3, 
6,Davis,Sacramento Valley,8/25/2017,237,0.22, ,0.00,H,615, ,14.7, ,94.7, ,52.3, ,72.6, ,94, ,22, ,54, ,54.8, ,3.5, ,83.6, ,73.9, 
6,Davis,Sacramento Valley,8/26/2017,238,0.26, ,0.00, ,598, ,14.3, ,104.7,Y,58.6, ,81.3,Y,81, ,17, ,39,Y,54.1,Y,4.4, ,104.7, ,74.0, 
6,Davis,Sacramento Valley,8/27/2017,239,0.27, ,0.00, ,573, ,13.6, ,106.2,Y,66.6,Y,85.8,Y,59, ,15, ,32,Y,52.7,Y,4.1, ,97.7, ,74.7, 
6,Davis,Sacramento Valley,8/28/2017,240,0.25, ,0.00, ,588, ,16.2, ,106.3,Y,64.0, ,84.6,Y,72, ,20, ,40,Y,57.6,Y,3.6, ,87.4, ,75.3, 
6,Davis,Sacramento Valley,8/29/2017,241,0.25, ,0.00, ,578, ,16.6, ,96.3, ,63.4, ,77.6, ,75, ,28, ,51, ,58.2, ,5.4, ,128.7, ,75.5, 
6,Davis,Sacramento Valley,8/30/2017,242,0.23, ,0.00, ,601, ,14.8, ,97.3, ,57.1, ,73.9, ,83, ,22, ,52, ,55.1, ,4.2, ,101.4, ,74.9, 
6,Davis,Sacramento Valley,8/31/2017,243,0.25, ,0.00, ,566, ,13.1, ,97.1, ,54.8, ,76.6, ,88, ,20, ,42, ,51.7, ,4.2, ,101.8, ,74.9, 
6,Davis,Sacramento Valley,9/1/2017,244,0.29, ,0.00, ,507, ,12.4, ,105.9,Y,66.7,Y,85.7,Y,45, ,16, ,29,Y,50.2,Y,6.0, ,144.8, ,74.7, 
6,Davis,Sacramento Valley,9/2/2017,245,0.23, ,0.00, ,508, ,15.9, ,107.6,Y,67.2,Y,85.9,Y,61, ,17, ,38,Y,57.0,Y,3.2, ,77.4, ,75.1, 
6,Davis,Sacramento Valley,9/3/2017,246,0.19, ,0.00, ,416, ,17.1, ,101.4, ,70.0,R,84.8,Y,69, ,26, ,42,Y,59.0,Y,3.4, ,81.9, ,76.0, 
6,Davis,Sacramento Valley,9/4/2017,247,0.19, ,0.00, ,346, ,17.1, ,93.7, ,68.5,Y,80.4, ,61, ,32, ,48, ,59.0, ,6.6, ,157.3, ,75.7, 
6,Davis,Sacramento Valley,9/5/2017,248,0.20, ,0.00, ,493, ,20.5,R,91.5, ,72.4,R,81.0, ,70, ,43, ,,R,,I,5.1, ,122.6, ,75.6, 
6,Davis,Sacramento Valley,9/6/2017,249,0.23, ,0.00, ,515, ,17.6,Y,92.4, ,67.0,Y,77.9, ,74, ,31, ,54,Y,59.9,Y,5.9, ,141.1, ,75.8, 
6,Davis,Sacramento Valley,9/7/2017,250,0.13, ,0.00, ,344, ,17.5, ,76.1, ,62.0, ,70.4, ,83, ,60, ,69, ,59.7, ,7.4, ,176.7, ,74.8, 
6,Davis,Sacramento Valley,9/8/2017,251,0.19, ,0.00, ,505, ,17.6,Y,87.8, ,58.4, ,72.4, ,92, ,42, ,65,Y,59.9,Y,4.0, ,95.9, ,74.0, 
6,Davis,Sacramento Valley,9/9/2017,252,0.19, ,0.00, ,524, ,17.4,Y,90.7, ,58.0, ,73.7, ,88, ,37, ,61,Y,59.5,Y,3.2, ,77.6, ,74.4, 
6,Davis,Sacramento Valley,9/10/2017,253,0.21, ,0.00, ,517, ,16.7, ,97.0, ,61.2, ,80.2,Y,84, ,26, ,48,Y,58.4,Y,4.2, ,99.9, ,75.4, 
6,Davis,Sacramento Valley,9/11/2017,254,0.21, ,0.00, ,478, ,16.4, ,97.7, ,67.0,Y,81.2,Y,69, ,27, ,45,Y,57.9,Y,4.4, ,105.9, ,75.8, 
6,Davis,Sacramento Valley,9/12/2017,255,0.20, ,0.00, ,488, ,17.7,Y,94.6, ,64.0,Y,77.7, ,77, ,32, ,54,Y,60.0,Y,4.8, ,116.2, ,76.0, 
6,Davis,Sacramento Valley,9/13/2017,256,0.19, ,0.00, ,502, ,17.6,Y,84.6, ,64.4,Y,72.4, ,77, ,49, ,65,Y,59.9,Y,7.0, ,168.8, ,75.7, 
6,Davis,Sacramento Valley,9/14/2017,257,0.14, ,0.00, ,385, ,15.0, ,78.1, ,58.4, ,67.0, ,84, ,47, ,66, ,55.4, ,7.3, ,176.3, ,74.4, 
6,Davis,Sacramento Valley,9/15/2017,258,0.17, ,0.00, ,504, ,14.3, ,84.2, ,54.7, ,68.6, ,87, ,36, ,60, ,54.1, ,4.1, ,97.9, ,73.3, 
6,Davis,Sacramento Valley,9/16/2017,259,0.16, ,0.00, ,457, ,13.4, ,86.5, ,52.7, ,68.3, ,86, ,23, ,57, ,52.3, ,3.3, ,79.8, ,73.3, 
6,Davis,Sacramento Valley,9/17/2017,260,0.18, ,0.00, ,496, ,13.3, ,84.3, ,51.7, ,68.0, ,88, ,26, ,57, ,52.2, ,3.7, ,88.0, ,73.2, 
6,Davis,Sacramento Valley,9/18/2017,261,0.18, ,0.00, ,417, ,15.2, ,83.9, ,57.1, ,68.7, ,88, ,43, ,64, ,55.8, ,7.7, ,184.9, ,72.7, 
6,Davis,Sacramento Valley,9/19/2017,262,0.18, ,0.00, ,469, ,10.3, ,78.5, ,52.5, ,66.4, ,73, ,30, ,47, ,45.3, ,5.0, ,119.8, ,71.7, 
6,Davis,Sacramento Valley,9/20/2017,263,0.17, ,0.00, ,395, ,12.8, ,80.1, ,56.3, ,66.8, ,73, ,44, ,57, ,51.0, ,7.2, ,172.9, ,71.0, 
6,Davis,Sacramento Valley,9/21/2017,264,0.17, ,0.00, ,482, ,9.6, ,72.8, ,48.9, ,61.3, ,75, ,33, ,52, ,43.4, ,5.5, ,130.9, ,70.2, 
6,Davis,Sacramento Valley,9/22/2017,265,0.16, ,0.00, ,475, ,9.4, ,74.0, ,44.5, ,60.5, ,85, ,30, ,52, ,43.0, ,4.3, ,102.3, ,69.2, 
6,Davis,Sacramento Valley,9/23/2017,266,0.23, ,0.00, ,485, ,6.8, ,78.7, ,53.1, ,65.5, ,57, ,20, ,32, ,34.7, ,8.2, ,197.6, ,68.3, 
6,Davis,Sacramento Valley,9/24/2017,267,0.22, ,0.00, ,472, ,7.4, ,81.8, ,54.5, ,67.2, ,48, ,20, ,33, ,36.8, ,6.5, ,156.7, ,67.6, 
6,Davis,Sacramento Valley,9/25/2017,268,0.20, ,0.00, ,475, ,8.1, ,86.2, ,55.6, ,69.8, ,46, ,19, ,33, ,39.2, ,4.3, ,104.1, ,67.3, 
6,Davis,Sacramento Valley,9/26/2017,269,0.23,R,0.00, ,465, ,9.9, ,90.5, ,59.1, ,74.8, ,55, ,20, ,33, ,44.2, ,5.5, ,132.5, ,67.6, 
6,Davis,Sacramento Valley,9/27/2017,270,0.15,R,0.00, ,469, ,9.5, ,90.1, ,55.3, ,71.8, ,54, ,19, ,36, ,43.2, ,1.1, ,27.3, ,68.2, 
6,Davis,Sacramento Valley,9/28/2017,271,0.15,R,0.00, ,465, ,10.1, ,90.1, ,52.7, ,70.5, ,73, ,17, ,40, ,44.7, ,1.0,I,24.0,I,68.6, 
6,Davis,Sacramento Valley,9/29/2017,272,0.13,R,0.00, ,410, ,13.1, ,83.9, ,52.7, ,67.4, ,78, ,33, ,57, ,51.7, ,2.2, ,52.7, ,68.5, 
6,Davis,Sacramento Valley,9/30/2017,273,0.16, ,0.00, ,425, ,13.3, ,83.9, ,52.5, ,67.6, ,91, ,33, ,58, ,52.2, ,4.7, ,113.4, ,68.5, 
6,Davis,Sacramento Valley,10/1/2017,274,0.27, ,0.00, ,435, ,7.0, ,80.5, ,61.3, ,70.9, ,46, ,15, ,27, ,35.3, ,10.4, ,249.4, ,67.7, 
6,Davis,Sacramento Valley,10/2/2017,275,0.14,R,0.00, ,452, ,5.7, ,77.0, ,49.3, ,65.0, ,39, ,15, ,27, ,30.1, ,1.1, ,27.3, ,65.9, 
6,Davis,Sacramento Valley,10/3/2017,276,0.14,R,0.00, ,430, ,6.4, ,77.9, ,45.8, ,62.5, ,57, ,20, ,33, ,33.0, ,1.8, ,44.1, ,64.7, 
6,Davis,Sacramento Valley,10/4/2017,277,0.14,R,0.00, ,432, ,7.3, ,80.1, ,44.3, ,61.2, ,71, ,20, ,40, ,36.5, ,2.1, ,49.7, ,64.3, 
6,Davis,Sacramento Valley,10/5/2017,278,0.16, ,0.00, ,436, ,6.9, ,82.3, ,42.9, ,62.9, ,63, ,17, ,35, ,35.2, ,2.9, ,69.1, ,64.1, 
6,Davis,Sacramento Valley,10/6/2017,279,0.15, ,0.00, ,437, ,7.4, ,90.8, ,46.6, ,66.4, ,56, ,13, ,34, ,36.9, ,2.2, ,52.6, ,64.0, 
6,Davis,Sacramento Valley,10/7/2017,280,0.14, ,0.00, ,420, ,9.3, ,86.6, ,47.0, ,66.4, ,68, ,21, ,42, ,42.5, ,1.7, ,42.0, ,64.4, 
6,Davis,Sacramento Valley,10/8/2017,281,0.22, ,0.00, ,410, ,6.8, ,78.4, ,52.9, ,67.4, ,71, ,16, ,30, ,34.6, ,8.0, ,191.7, ,64.4, 
6,Davis,Sacramento Valley,10/9/2017,282,0.18, ,0.00, ,401, ,5.9, ,80.9, ,53.4, ,67.7, ,54, ,18, ,26, ,31.1, ,5.0, ,121.1, ,63.3, 
6,Davis,Sacramento Valley,10/10/2017,283,0.12, ,0.00, ,356, ,7.7, ,81.1, ,45.0, ,62.8, ,73, ,20, ,39, ,37.7, ,1.4, ,34.7, ,63.1, 
6,Davis,Sacramento Valley,10/11/2017,284,0.15, ,0.00, ,366, ,6.5, ,74.9, ,49.5, ,61.5, ,77, ,15, ,35, ,33.7, ,4.2, ,100.4, ,62.9, 
6,Davis,Sacramento Valley,10/12/2017,285,0.17, ,0.00, ,418, ,4.7, ,75.2, ,47.2, ,61.5, ,36, ,13, ,25, ,25.7, ,5.7, ,137.6, ,61.7, 
6,Davis,Sacramento Valley,10/13/2017,286,0.14, ,0.00, ,400, ,6.2, ,77.8, ,44.3, ,60.3, ,54, ,21, ,35, ,32.3, ,3.2, ,76.4, ,60.6, 
6,Davis,Sacramento Valley,10/14/2017,287,0.17, ,0.00, ,401, ,6.1, ,77.4, ,47.9, ,63.9, ,51, ,17, ,30, ,31.8, ,6.1, ,146.2, ,60.5, 
6,Davis,Sacramento Valley,10/15/2017,288,0.13, ,0.00, ,388, ,6.6, ,80.1, ,44.9, ,60.3, ,64, ,20, ,37, ,34.0, ,2.0, ,48.4, ,60.2, 
6,Davis,Sacramento Valley,10/16/2017,289,0.12, ,0.00, ,339, ,6.5, ,83.3, ,47.9, ,62.9, ,51, ,16, ,33, ,33.5, ,2.0, ,47.7, ,60.0, 
6,Davis,Sacramento Valley,10/17/2017,290,0.09,R,0.00, ,300, ,8.1, ,81.6, ,45.5, ,61.0, ,70, ,23, ,44, ,39.1, ,1.4, ,33.1, ,60.0, 
6,Davis,Sacramento Valley,10/18/2017,291,0.11, ,0.00, ,351, ,8.5, ,80.0, ,42.2, ,60.9, ,74, ,25, ,47, ,40.3, ,1.8, ,43.5, ,60.3, 
6,Davis,Sacramento Valley,10/19/2017,292,0.09, ,0.14, ,302, ,13.2, ,72.8, ,52.5, ,60.9, ,92, ,52, ,72, ,51.9, ,4.9, ,117.8, ,60.6, 
6,Davis,Sacramento Valley,10/20/2017,293,0.07, ,0.01, ,269, ,10.5, ,64.6, ,45.9, ,55.8, ,87, ,51, ,69, ,45.9, ,2.5, ,60.3, ,61.0, 
6,Davis,Sacramento Valley,10/21/2017,294,0.09, ,0.00, ,353, ,9.8, ,71.0, ,42.6, ,56.2, ,93, ,38, ,64, ,44.0, ,1.7, ,40.9, ,60.4, 
6,Davis,Sacramento Valley,10/22/2017,295,0.11, ,0.00, ,363, ,11.0, ,75.7, ,43.8, ,61.1, ,94, ,40, ,60, ,47.0, ,3.5, ,83.5, ,60.2, 
6,Davis,Sacramento Valley,10/23/2017,296,0.11, ,0.00, ,348, ,13.3, ,83.1, ,52.4, ,67.8, ,84, ,37, ,57, ,52.1, ,2.4, ,57.0, ,61.0, 
6,Davis,Sacramento Valley,10/24/2017,297,0.11, ,0.00, ,346, ,12.6, ,88.0, ,51.4, ,67.8, ,91, ,28, ,54, ,50.7, ,1.7, ,41.8, ,61.8, 
6,Davis,Sacramento Valley,10/25/2017,298,0.11, ,0.00, ,343, ,12.4, ,86.2, ,51.0, ,66.7, ,82, ,31, ,56, ,50.3, ,1.6, ,38.1, ,62.2, 
6,Davis,Sacramento Valley,10/26/2017,299,0.11, ,0.00, ,341, ,11.0, ,86.6, ,49.3, ,66.2, ,80, ,23, ,50, ,47.1, ,1.7, ,40.1, ,62.6, 
6,Davis,Sacramento Valley,10/27/2017,300,0.10, ,0.00, ,340, ,10.1, ,85.7, ,50.7, ,65.9, ,68, ,25, ,46, ,44.8, ,1.5, ,36.4, ,62.5, 
6,Davis,Sacramento Valley,10/28/2017,301,0.09, ,0.00, ,325, ,11.2, ,88.2, ,48.4, ,65.5, ,74, ,28, ,52, ,47.6, ,1.3, ,31.9, ,62.4, 
6,Davis,Sacramento Valley,10/29/2017,302,0.08, ,0.00, ,291, ,12.1, ,81.3, ,47.7, ,61.6, ,86, ,38, ,65, ,49.6, ,1.7, ,41.1, ,62.4, 
6,Davis,Sacramento Valley,10/30/2017,303,0.08, ,0.00, ,288, ,11.7, ,68.7, ,48.5, ,57.2, ,90, ,52, ,73, ,48.6, ,3.3, ,78.2, ,62.1, 
6,Davis,Sacramento Valley,10/31/2017,304,0.07, ,0.00, ,307, ,10.6, ,70.4, ,41.2, ,54.9, ,93, ,47, ,72, ,46.0, ,1.7, ,40.4, ,61.1, 
6,Davis,Sacramento Valley,11/1/2017,305,0.08, ,0.00, ,303, ,10.8, ,70.0, ,42.1, ,55.7, ,93, ,48, ,71, ,46.5, ,2.2, ,53.9, ,60.6, 
6,Davis,Sacramento Valley,11/2/2017,306,0.05, ,0.00, ,176, ,11.2, ,69.2, ,48.1, ,57.5, ,90, ,47, ,69, ,47.5, ,2.9, ,70.3, ,60.2, 
6,Davis,Sacramento Valley,11/3/2017,307,0.04, ,0.01, ,127, ,12.7, ,65.4, ,55.6, ,59.3, ,85, ,56, ,74, ,50.9, ,3.1, ,73.8, ,60.2, 
6,Davis,Sacramento Valley,11/4/2017,308,0.05, ,0.15, ,194, ,11.3, ,65.4, ,43.7, ,55.6, ,97, ,45, ,75, ,47.7, ,3.4, ,81.5, ,60.2, 
6,Davis,Sacramento Valley,11/5/2017,309,0.07, ,0.00, ,312, ,8.5, ,60.8, ,39.5, ,49.4, ,95, ,46, ,71, ,40.3, ,1.9, ,45.8, ,59.0, 
6,Davis,Sacramento Valley,11/6/2017,310,0.07, ,0.00, ,281, ,9.2, ,63.1, ,40.9, ,50.3, ,93, ,45, ,75, ,42.5, ,1.8, ,42.6, ,58.4, 
6,Davis,Sacramento Valley,11/7/2017,311,0.08, ,0.00, ,309, ,8.3, ,64.4, ,38.6, ,49.8, ,88, ,44, ,68, ,39.6, ,2.0, ,49.0, ,57.6, 
6,Davis,Sacramento Valley,11/8/2017,312,0.02, ,0.00, ,81, ,10.8, ,62.5, ,41.3, ,53.4, ,96, ,58, ,77, ,46.5, ,2.4, ,57.8, ,56.9, 
6,Davis,Sacramento Valley,11/9/2017,313,0.06, ,0.00, ,225, ,14.6, ,68.2, ,54.6, ,59.8, ,97, ,58, ,83, ,54.7, ,3.9, ,92.8, ,58.0, 
6,Davis,Sacramento Valley,11/10/2017,314,0.03, ,0.00, ,131, ,14.0, ,66.1, ,49.7, ,57.7, ,95, ,71, ,86, ,53.6, ,2.8, ,66.4, ,58.8, 
6,Davis,Sacramento Valley,11/11/2017,315,0.06, ,0.00, ,275, ,11.2, ,65.3, ,40.2, ,52.1, ,100, ,59, ,84, ,47.5, ,1.4, ,34.6, ,58.6, 
6,Davis,Sacramento Valley,11/12/2017,316,0.06, ,0.00, ,252, ,11.2, ,66.3, ,43.2, ,53.9, ,98, ,55, ,79, ,47.5, ,1.2, ,28.9, ,58.2, 
6,Davis,Sacramento Valley,11/13/2017,317,0.05, ,0.00, ,175, ,13.6, ,69.0, ,51.0, ,58.5, ,91, ,62, ,81, ,52.7, ,2.9, ,69.9, ,58.4, 
6,Davis,Sacramento Valley,11/14/2017,318,0.07, ,0.00, ,289, ,10.0, ,64.8, ,41.5, ,55.0, ,98, ,42, ,68, ,44.4, ,1.9, ,46.3, ,58.6, 
6,Davis,Sacramento Valley,11/15/2017,319,0.01, ,0.35, ,74, ,12.5, ,57.7, ,50.6, ,53.7, ,95, ,72, ,89, ,50.4, ,2.0, ,48.7, ,58.3, 
6,Davis,Sacramento Valley,11/16/2017,320,0.00, ,0.57, ,56, ,14.8, ,58.5, ,53.7, ,56.6, ,98, ,89, ,95, ,55.1, ,3.3, ,79.9, ,58.4, 
6,Davis,Sacramento Valley,11/17/2017,321,0.07, ,0.00, ,282, ,9.7, ,60.2, ,46.3, ,52.8, ,90, ,55, ,71, ,43.7, ,3.4, ,80.7, ,58.2, 
6,Davis,Sacramento Valley,11/18/2017,322,0.07, ,0.00, ,279, ,7.4, ,61.2, ,41.2, ,49.9, ,80, ,42, ,61, ,36.9, ,3.0, ,71.4, ,57.1, 
6,Davis,Sacramento Valley,11/19/2017,323,0.05, ,0.00, ,241, ,8.6, ,60.5, ,35.2, ,48.8, ,88, ,49, ,73, ,40.5, ,1.5, ,37.1, ,55.8, 
6,Davis,Sacramento Valley,11/20/2017,324,0.00, ,0.01, ,51, ,12.6, ,57.9, ,51.6, ,54.3, ,96, ,76, ,88, ,50.7, ,2.5, ,61.0, ,56.1, 
6,Davis,Sacramento Valley,11/21/2017,325,0.04, ,0.00, ,195, ,13.5, ,65.8, ,50.6, ,56.2, ,98, ,72, ,87, ,52.5, ,2.5, ,61.1, ,56.8, 
6,Davis,Sacramento Valley,11/22/2017,326,0.03, ,0.01, ,167, ,14.5, ,67.6, ,48.8, ,56.9, ,100, ,75, ,92, ,54.6, ,1.9, ,45.3, ,57.1, 
6,Davis,Sacramento Valley,11/23/2017,327,0.01, ,0.00, ,78, ,15.1,Y,63.8, ,49.0, ,57.1, ,100, ,84, ,95,Y,55.6,Y,1.2, ,27.8, ,57.5, 
6,Davis,Sacramento Valley,11/24/2017,328,0.05, ,0.00, ,207, ,15.0,Y,67.1, ,49.9, ,58.5, ,100, ,75, ,90,Y,55.5,Y,2.3, ,54.7, ,58.0, 
6,Davis,Sacramento Valley,11/25/2017,329,0.03, ,0.00, ,153, ,14.4, ,62.7, ,51.1, ,57.4, ,95, ,79, ,89, ,54.3, ,1.6, ,37.7, ,58.5, 
6,Davis,Sacramento Valley,11/26/2017,330,0.00, ,0.06, ,40, ,15.4,Y,63.0, ,53.6,Y,58.9,Y,96, ,82, ,90,Y,56.1,Y,3.7, ,88.5, ,58.7, 
6,Davis,Sacramento Valley,11/27/2017,331,0.05,R,0.05, ,251, ,10.3, ,59.4, ,43.0, ,51.5, ,93, ,62, ,80, ,45.4, ,2.0, ,48.5, ,58.3, 
6,Davis,Sacramento Valley,11/28/2017,332,0.05,R,0.00, ,243, ,9.8, ,62.3, ,37.8, ,48.9, ,99, ,59, ,83, ,43.9, ,1.6, ,37.6, ,56.9, 
6,Davis,Sacramento Valley,11/29/2017,333,0.06, ,0.00, ,252, ,9.1, ,62.3, ,40.7, ,51.1, ,93, ,47, ,71, ,42.2, ,2.7, ,65.2, ,56.3, 
6,Davis,Sacramento Valley,11/30/2017,334,0.06, ,0.00, ,238, ,8.7, ,62.8, ,39.3, ,49.1, ,95, ,46, ,73, ,41.0, ,1.9, ,46.5, ,55.2, 
6,Davis,Sacramento Valley,12/1/2017,335,0.05,R,0.00, ,232, ,8.3, ,65.7, ,35.0, ,47.1, ,97, ,44, ,75, ,39.7, ,1.0, ,24.2, ,54.4, 
6,Davis,Sacramento Valley,12/2/2017,336,0.03, ,0.00, ,162, ,9.4, ,58.5, ,37.6, ,48.8, ,95, ,64, ,80, ,43.0, ,1.7, ,41.7, ,53.7, 
6,Davis,Sacramento Valley,12/3/2017,337,0.06, ,0.00, ,247, ,7.8, ,58.6, ,43.6, ,51.2, ,85, ,43, ,60, ,38.0, ,3.2, ,77.9, ,54.1, 
6,Davis,Sacramento Valley,12/4/2017,338,0.11, ,0.00, ,253, ,5.2, ,60.6, ,45.2, ,51.5, ,58, ,28, ,40, ,28.1, ,8.3, ,198.1, ,53.3, 
6,Davis,Sacramento Valley,12/5/2017,339,0.10, ,0.00, ,252, ,5.0, ,65.5, ,38.0, ,52.3, ,73, ,23, ,37, ,27.1, ,4.9, ,118.3, ,52.3, 
6,Davis,Sacramento Valley,12/6/2017,340,0.06, ,0.00, ,243, ,6.3, ,61.8, ,30.9, ,44.5, ,88, ,35, ,63, ,32.9, ,1.7, ,41.1, ,51.5, 
6,Davis,Sacramento Valley,12/7/2017,341,0.06, ,0.00, ,246, ,5.9, ,66.8, ,31.2, ,46.4, ,90, ,23, ,55, ,31.1, ,2.1, ,49.3, ,50.8, 
6,Davis,Sacramento Valley,12/8/2017,342,0.05, ,0.00, ,216, ,7.1, ,62.1, ,32.6, ,44.9, ,92, ,43, ,70, ,35.8, ,1.5, ,35.6, ,50.3, 
6,Davis,Sacramento Valley,12/9/2017,343,0.05, ,0.00, ,235, ,7.0, ,62.5, ,30.2, ,44.4, ,91, ,43, ,71, ,35.5, ,1.6, ,39.4, ,50.0, 
6,Davis,Sacramento Valley,12/10/2017,344,0.05, ,0.00, ,230, ,6.6, ,63.9, ,30.0, ,44.4, ,90, ,31, ,66, ,33.8, ,1.6, ,37.9, ,49.6, 
6,Davis,Sacramento Valley,12/11/2017,345,0.05, ,0.00, ,225, ,6.3, ,63.2, ,29.8, ,44.1, ,85, ,34, ,64, ,32.9, ,1.6, ,39.0, ,49.2, 
6,Davis,Sacramento Valley,12/12/2017,346,0.05, ,0.00, ,239, ,6.2, ,62.5, ,29.3, ,42.7, ,92, ,33, ,66, ,32.2, ,1.3, ,30.7, ,48.9, 
6,Davis,Sacramento Valley,12/13/2017,347,0.05, ,0.00, ,218, ,6.6, ,63.0, ,27.8, ,42.4, ,93, ,38, ,72, ,33.9, ,1.5, ,35.2, ,48.3, 
6,Davis,Sacramento Valley,12/14/2017,348,0.05, ,0.00, ,226, ,7.2, ,65.0, ,30.6, ,44.1, ,98, ,39, ,73, ,36.0, ,1.3, ,31.0, ,48.1, 
6,Davis,Sacramento Valley,12/15/2017,349,0.04,R,0.00, ,172, ,8.0, ,61.4, ,33.4, ,46.3, ,92, ,52, ,75, ,38.7, ,1.2, ,28.2, ,48.2, 
6,Davis,Sacramento Valley,12/16/2017,350,0.14, ,0.00, ,230, ,4.8, ,61.4, ,40.4, ,54.9, ,85, ,21, ,33, ,26.0, ,9.9, ,236.9, ,48.8, 
6,Davis,Sacramento Valley,12/17/2017,351,0.09, ,0.00, ,231, ,5.2, ,63.2, ,37.8, ,52.2, ,71, ,26, ,39, ,27.9, ,4.8, ,115.6, ,48.7, 
6,Davis,Sacramento Valley,12/18/2017,352,0.05, ,0.00, ,215, ,6.6, ,61.4, ,33.4, ,45.4, ,81, ,41, ,64, ,33.8, ,1.3, ,31.8, ,48.4, 
6,Davis,Sacramento Valley,12/19/2017,353,0.04, ,0.00, ,136, ,8.0, ,58.3, ,32.7, ,47.0, ,85, ,48, ,73, ,38.8, ,3.2, ,77.6, ,48.1, 
6,Davis,Sacramento Valley,12/20/2017,354,0.05, ,0.03, ,234, ,7.0, ,55.9, ,39.5, ,48.2, ,96, ,38, ,61, ,35.2, ,3.2, ,76.3, ,49.1, 
6,Davis,Sacramento Valley,12/21/2017,355,0.07, ,0.00, ,240, ,5.0, ,57.0, ,32.2, ,45.4, ,73, ,30, ,48, ,27.1, ,5.2, ,123.7, ,48.1, 
6,Davis,Sacramento Valley,12/22/2017,356,0.03,R,0.00, ,163, ,6.5, ,50.6, ,28.4, ,40.9, ,93, ,57, ,75, ,33.4, ,1.7, ,40.3, ,46.9, 
6,Davis,Sacramento Valley,12/23/2017,357,0.03,R,0.00, ,120, ,6.2, ,54.3, ,35.9, ,44.8, ,79, ,43, ,62, ,32.4, ,1.7, ,41.0, ,47.1, 
6,Davis,Sacramento Valley,12/24/2017,358,0.02, ,0.00, ,92, ,7.1, ,54.1, ,39.3, ,46.5, ,76, ,51, ,66, ,35.8, ,1.6, ,38.7, ,47.4, 
6,Davis,Sacramento Valley,12/25/2017,359,0.04, ,0.00, ,175, ,6.4, ,59.2, ,36.2, ,46.9, ,81, ,36, ,59, ,33.1, ,1.5, ,36.9, ,47.8, 
6,Davis,Sacramento Valley,12/26/2017,360,0.05, ,0.00, ,225, ,7.0, ,61.4, ,30.2, ,44.6, ,86, ,47, ,69, ,35.2, ,1.3, ,32.2, ,47.8, 
6,Davis,Sacramento Valley,12/27/2017,361,0.05, ,0.00, ,213, ,7.5, ,60.6, ,33.3, ,44.7, ,93, ,49, ,75, ,37.1, ,1.7, ,40.6, ,47.6, 
6,Davis,Sacramento Valley,12/28/2017,362,0.05, ,0.00, ,220, ,7.7, ,61.9, ,31.9, ,44.8, ,94, ,52, ,76, ,37.8, ,1.0, ,24.6, ,47.4, 
6,Davis,Sacramento Valley,12/29/2017,363,0.04, ,0.00, ,281,R,7.9, ,60.0, ,36.2, ,49.9, ,98, ,49, ,65, ,38.6, ,1.6, ,37.2, ,47.4, 
6,Davis,Sacramento Valley,12/30/2017,364,0.05, ,0.00, ,197, ,7.1, ,61.8, ,31.1, ,44.8, ,94, ,43, ,70, ,35.7, ,1.6, ,38.5, ,47.2, 
6,Davis,Sacramento Valley,12/31/2017,365,0.03, ,0.00, ,120, ,7.5, ,57.8, ,33.6, ,45.1, ,90, ,53, ,73, ,37.0, ,1.4, ,33.8, ,47.0, 
6,Davis,Sacramento Valley,1/1/2018,001,0.05, ,0.00, ,217, ,8.0, ,65.5, ,37.8, ,49.7, ,89, ,41, ,66, ,38.9, ,1.6, ,37.3, ,47.5, 
6,Davis,Sacramento Valley,1/2/2018,002,0.03, ,0.00, ,121, ,8.6, ,60.3, ,37.8, ,48.8, ,87, ,57, ,73, ,40.6, ,1.5, ,35.8, ,47.9, 
6,Davis,Sacramento Valley,1/3/2018,003,0.01, ,0.28, ,82, ,10.2, ,57.2, ,41.8, ,50.5, ,98, ,68, ,81, ,45.0, ,1.4, ,34.5, ,48.5, 
6,Davis,Sacramento Valley,1/4/2018,004,0.03, ,0.18, ,137, ,13.5,Y,61.1, ,49.1, ,54.3, ,100, ,82, ,94,Y,52.6,Y,1.9, ,44.5, ,49.7, 
6,Davis,Sacramento Valley,1/5/2018,005,0.01, ,0.03, ,82, ,14.8,Y,62.0, ,50.8, ,56.1,Y,100, ,85, ,96,Y,55.1,Y,2.4, ,57.3, ,51.1, 
6,Davis,Sacramento Valley,1/6/2018,006,0.04, ,0.00, ,214, ,11.5, ,58.4, ,41.5, ,50.4, ,100, ,75, ,92, ,48.2, ,2.1, ,50.4, ,52.0, 
6,Davis,Sacramento Valley,1/7/2018,007,0.00, ,0.00, ,46, ,9.9, ,50.1, ,38.9, ,45.4, ,100, ,91, ,96, ,44.3, ,1.7, ,41.4, ,50.8, 
6,Davis,Sacramento Valley,1/8/2018,008,0.00, ,2.41, ,18, ,11.9, ,50.8, ,47.6, ,49.4, ,100, ,95, ,99, ,49.2, ,2.7, ,65.8, ,50.4, 
6,Davis,Sacramento Valley,1/9/2018,009,0.01, ,0.48, ,78, ,13.7,Y,59.6, ,50.7, ,53.8, ,100, ,88, ,97,Y,53.0,Y,3.2, ,76.1, ,51.0, 
6,Davis,Sacramento Valley,1/10/2018,010,0.04, ,0.00, ,160, ,11.8, ,59.4, ,45.1, ,52.3, ,100, ,75, ,89, ,49.0, ,2.7, ,64.8, ,51.9, 
6,Davis,Sacramento Valley,1/11/2018,011,0.03, ,0.00, ,146, ,11.9, ,58.6, ,43.2, ,50.3, ,100, ,82, ,95, ,49.0, ,2.3, ,55.1, ,51.7, 
6,Davis,Sacramento Valley,1/12/2018,012,0.02, ,0.01, ,134, ,11.6, ,61.4, ,42.8, ,50.2, ,100, ,71, ,94, ,48.5, ,2.7, ,65.2, ,51.7, 
6,Davis,Sacramento Valley,1/13/2018,013,0.01, ,0.01, ,98, ,11.0, ,55.9, ,43.6, ,47.6, ,100, ,85, ,98, ,47.2, ,1.4, ,33.6, ,51.4, 
6,Davis,Sacramento Valley,1/14/2018,014,0.00, ,0.00, ,57, ,11.9, ,52.4, ,48.1, ,49.7, ,100, ,90, ,98, ,49.2, ,1.7, ,40.9, ,51.4, 
6,Davis,Sacramento Valley,1/15/2018,015,0.01, ,0.00, ,72, ,11.4, ,50.3, ,45.3, ,48.0, ,100, ,99, ,100, ,48.0, ,1.8, ,42.1, ,51.7, 
6,Davis,Sacramento Valley,1/16/2018,016,0.02, ,0.02, ,109, ,12.8, ,58.3, ,48.4, ,52.4, ,100, ,83, ,96, ,51.1, ,2.4, ,56.4, ,52.0, 
6,Davis,Sacramento Valley,1/17/2018,017,0.00, ,0.01, ,60, ,12.6, ,54.4, ,45.8, ,50.6, ,100, ,97, ,100, ,50.6, ,1.9, ,44.4, ,52.3, 
6,Davis,Sacramento Valley,1/18/2018,018,0.01, ,0.01, ,66, ,12.8, ,56.2, ,49.5, ,52.6, ,100, ,73, ,95, ,51.1, ,4.1, ,98.3, ,52.5, 
6,Davis,Sacramento Valley,1/19/2018,019,0.06, ,0.00, ,259, ,8.7, ,58.4, ,41.0, ,49.8, ,90, ,49, ,71, ,40.8, ,1.8, ,43.8, ,52.6, 
6,Davis,Sacramento Valley,1/20/2018,020,0.07, ,0.00, ,274, ,6.9, ,58.0, ,37.2, ,46.0, ,88, ,40, ,66, ,35.1, ,3.3, ,78.8, ,51.6, 
6,Davis,Sacramento Valley,1/21/2018,021,0.03, ,0.00, ,151, ,8.5, ,53.5, ,32.7, ,44.5, ,100, ,72, ,85, ,40.4, ,2.5, ,60.0, ,49.9, 
6,Davis,Sacramento Valley,1/22/2018,022,0.00, ,0.09, ,48, ,10.7, ,50.6, ,44.8, ,48.2, ,100, ,83, ,93, ,46.4, ,3.5, ,83.5, ,49.9, 
6,Davis,Sacramento Valley,1/23/2018,023,0.05, ,0.00, ,245, ,10.1, ,59.5, ,39.8, ,48.4, ,100, ,66, ,88, ,44.9, ,1.5, ,36.3, ,50.3, 
6,Davis,Sacramento Valley,1/24/2018,024,0.01, ,0.15, ,65, ,10.7, ,52.2, ,39.3, ,46.7, ,100, ,90, ,98, ,46.3, ,3.5, ,83.0, ,50.3, 
6,Davis,Sacramento Valley,1/25/2018,025,0.04, ,0.15, ,210, ,9.7, ,55.1, ,41.9, ,47.2, ,95, ,72, ,87, ,43.7, ,3.1, ,75.5, ,50.0, 
6,Davis,Sacramento Valley,1/26/2018,026,0.04, ,0.00, ,199, ,8.9, ,51.2, ,35.0, ,43.0, ,100, ,76, ,94, ,41.4, ,1.7, ,41.2, ,49.6, 
6,Davis,Sacramento Valley,1/27/2018,027,0.06, ,0.00, ,271, ,9.8, ,59.1, ,41.4, ,49.7, ,100, ,61, ,81, ,44.1, ,2.7, ,64.5, ,49.9, 
6,Davis,Sacramento Valley,1/28/2018,028,0.06, ,0.00, ,295, ,10.0, ,62.0, ,37.2, ,49.7, ,99, ,60, ,82, ,44.5, ,1.5, ,36.6, ,50.5, 
6,Davis,Sacramento Valley,1/29/2018,029,0.03,R,0.00, ,165, ,11.5, ,58.6, ,41.3, ,52.0, ,100, ,74, ,87, ,48.2, ,1.5,H,35.9,H,50.3, 
6,Davis,Sacramento Valley,1/30/2018,030,0.06,R,0.00, ,279, ,10.2, ,65.7, ,35.9, ,49.4, ,100, ,54, ,85, ,45.1, ,1.3, ,30.7, ,50.2, 
6,Davis,Sacramento Valley,1/31/2018,031,0.07, ,0.00, ,300, ,9.5, ,65.4, ,37.8, ,50.9, ,100, ,43, ,75, ,43.2, ,2.0, ,49.0, ,50.4, 
6,Davis,Sacramento Valley,2/1/2018,032,0.07,R,0.00, ,286, ,10.5, ,69.1, ,42.3, ,54.4, ,96, ,48, ,73, ,45.9, ,1.8, ,43.8, ,50.8, 
6,Davis,Sacramento Valley,2/2/2018,033,0.08, ,0.00, ,304, ,11.4, ,70.9,Y,42.7, ,56.3, ,100, ,49, ,74, ,48.1, ,2.1, ,51.0, ,51.5, 
6,Davis,Sacramento Valley,2/3/2018,034,0.08, ,0.00, ,311, ,11.8, ,72.7,Y,43.2, ,60.3,Y,93, ,49, ,66,Y,48.9,Y,1.9, ,46.1, ,52.2, 
6,Davis,Sacramento Valley,2/4/2018,035,0.07, ,0.00, ,287, ,12.5, ,73.1,Y,44.8, ,56.5, ,100, ,53, ,80, ,50.4, ,1.1, ,27.0, ,52.8, 
6,Davis,Sacramento Valley,2/5/2018,036,0.08, ,0.00, ,312, ,11.0, ,76.9,Y,42.8, ,58.0, ,98, ,38, ,67, ,47.0, ,1.3, ,31.5, ,53.1, 
6,Davis,Sacramento Valley,2/6/2018,037,0.15, ,0.00, ,337, ,6.7, ,73.1,Y,55.5,Y,63.5,Y,50, ,25, ,33,Y,34.2,Y,6.6, ,158.1, ,53.3, 
6,Davis,Sacramento Valley,2/7/2018,038,0.09, ,0.00, ,310, ,10.2, ,73.1,Y,43.4, ,56.9, ,83, ,44, ,64, ,45.0, ,2.1, ,50.2, ,53.0, 
6,Davis,Sacramento Valley,2/8/2018,039,0.08, ,0.00, ,329, ,10.0, ,73.8,Y,42.0, ,56.0, ,89, ,38, ,66, ,44.6, ,1.5, ,34.9, ,53.0, 
6,Davis,Sacramento Valley,2/9/2018,040,0.09,R,0.00, ,339, ,10.6, ,78.8,Y,41.5, ,58.1, ,91, ,33, ,64, ,46.2, ,1.5, ,36.5, ,53.1, 
6,Davis,Sacramento Valley,2/10/2018,041,0.14, ,0.00, ,312, ,7.0, ,69.0, ,42.2, ,56.1, ,95, ,21, ,46, ,35.4, ,6.0, ,143.6, ,53.3, 
6,Davis,Sacramento Valley,2/11/2018,042,0.07, ,0.00, ,205, ,6.0, ,63.1, ,34.9, ,50.8, ,75, ,26, ,47, ,31.6, ,3.9, ,92.6, ,51.6, 
6,Davis,Sacramento Valley,2/12/2018,043,0.13, ,0.00, ,468,R,5.6, ,60.7, ,46.0, ,54.2, ,86, ,30, ,39, ,29.6, ,12.0, ,287.6, ,50.3, 
6,Davis,Sacramento Valley,2/13/2018,044,0.14, ,0.00, ,369, ,4.8, ,63.6, ,38.1, ,51.3, ,64, ,24, ,37, ,26.3, ,9.0, ,216.7, ,50.1, 
6,Davis,Sacramento Valley,2/14/2018,045,0.09, ,0.00, ,316, ,6.8, ,67.3, ,34.1, ,48.0, ,85, ,22, ,60, ,34.6, ,4.6, ,110.7, ,49.5, 
6,Davis,Sacramento Valley,2/15/2018,046,0.16, ,0.00, ,384,R,5.1, ,63.8, ,39.2, ,50.3, ,93, ,19, ,41, ,27.7, ,9.9, ,238.1, ,49.7, 
6,Davis,Sacramento Valley,2/16/2018,047,0.11, ,0.01,H,377, ,5.6, ,64.7, ,33.6, ,48.4, ,66, ,29, ,49, ,30.0, ,3.9, ,94.0, ,50.0, 
6,Davis,Sacramento Valley,2/17/2018,048,0.10, ,0.00, ,372, ,8.1, ,68.0, ,35.9, ,52.3, ,85, ,37, ,60, ,39.1, ,3.6, ,87.3, ,50.4, 
6,Davis,Sacramento Valley,2/18/2018,049,0.14, ,0.00, ,394,R,7.3, ,60.9, ,39.0, ,50.6, ,91, ,36, ,58, ,36.4, ,9.1, ,217.8, ,51.4, 
6,Davis,Sacramento Valley,2/19/2018,050,0.10, ,0.00, ,387, ,4.4,Y,53.2, ,30.5, ,41.7, ,78, ,28, ,50,Y,24.2,Y,5.0, ,120.7, ,50.0, 
6,Davis,Sacramento Valley,2/20/2018,051,0.09, ,0.00, ,342, ,4.0,Y,53.5, ,29.2, ,41.1, ,69, ,30, ,46,Y,21.8,Y,4.3, ,103.5, ,48.3, 
6,Davis,Sacramento Valley,2/21/2018,052,0.10, ,0.00, ,395, ,4.8, ,56.6, ,30.6, ,42.7, ,79, ,30, ,51, ,25.9, ,4.5, ,108.2, ,47.9, 
6,Davis,Sacramento Valley,2/22/2018,053,0.11, ,0.06, ,382, ,6.4, ,57.8, ,34.1, ,43.4, ,96, ,37, ,67, ,33.3, ,6.7, ,160.2, ,48.1, 
6,Davis,Sacramento Valley,2/23/2018,054,0.13, ,0.00, ,416,R,4.1,Y,54.1, ,30.7, ,41.5, ,93, ,20, ,46,Y,22.5,Y,8.0, ,193.1, ,47.5, 
6,Davis,Sacramento Valley,2/24/2018,055,0.10, ,0.00, ,346, ,5.9, ,61.3, ,27.8,Y,44.1, ,81, ,40, ,60, ,31.1, ,5.2, ,124.7, ,46.4, 
6,Davis,Sacramento Valley,2/25/2018,056,0.12, ,0.00, ,414, ,6.7, ,63.1, ,35.6, ,49.6, ,81, ,35, ,55, ,34.2, ,6.6, ,157.9, ,47.3, 
6,Davis,Sacramento Valley,2/26/2018,057,0.05, ,0.04, ,197, ,8.7, ,55.1, ,40.1, ,47.4, ,96, ,62, ,79, ,41.0, ,7.2, ,172.1, ,48.8, 
6,Davis,Sacramento Valley,2/27/2018,058,0.18, ,0.00, ,432,R,3.6,Y,59.1, ,35.1, ,46.9, ,70, ,19, ,33,Y,19.3,Y,13.3,Y,320.3,Y,48.2, 
6,Davis,Sacramento Valley,2/28/2018,059,0.09, ,0.06, ,329, ,8.1, ,59.6, ,30.0, ,45.6, ,94, ,49, ,78, ,39.1, ,6.7, ,160.5, ,47.2, 
6,Davis,Sacramento Valley,3/1/2018,060,0.04, ,1.20, ,163, ,10.4, ,57.4, ,45.3, ,49.6, ,97, ,62, ,86, ,45.7, ,12.3,Y,294.5,Y,48.2, 
6,Davis,Sacramento Valley,3/2/2018,061,0.04, ,0.20, ,205, ,8.4, ,52.7, ,36.9, ,44.0, ,96, ,69, ,85, ,39.9, ,5.4, ,129.9, ,48.1, 
6,Davis,Sacramento Valley,3/3/2018,062,0.06, ,0.07, ,268, ,8.3, ,53.0, ,35.8, ,43.2, ,99, ,67, ,88, ,39.8, ,5.5, ,132.1, ,47.6, 
6,Davis,Sacramento Valley,3/4/2018,063,0.08, ,0.00, ,394, ,7.6, ,54.2, ,31.1, ,41.9,Y,100, ,57, ,84,Y,37.3,Y,4.0, ,95.7, ,47.6, 
6,Davis,Sacramento Valley,3/5/2018,064,0.12, ,0.00, ,460,R,7.1, ,60.2, ,33.9, ,46.1, ,91, ,42, ,67, ,35.9, ,6.1, ,147.1, ,48.1, 
6,Davis,Sacramento Valley,3/6/2018,065,0.11, ,0.00, ,430, ,7.8, ,65.4, ,35.1, ,49.3, ,89, ,38, ,65, ,38.2, ,3.7, ,88.4, ,48.3, 
6,Davis,Sacramento Valley,3/7/2018,066,0.11, ,0.00, ,342, ,8.7, ,68.5, ,44.4, ,55.4, ,86, ,35, ,58, ,40.9, ,4.3, ,102.4, ,49.4, 
6,Davis,Sacramento Valley,3/8/2018,067,0.10, ,0.03, ,354, ,12.3, ,69.2, ,48.7, ,58.0, ,96, ,41, ,74, ,50.0, ,4.4, ,105.2, ,51.3, 
6,Davis,Sacramento Valley,3/9/2018,068,0.10, ,0.00, ,381, ,11.8, ,67.9, ,44.1, ,56.5, ,98, ,49, ,76, ,48.9, ,2.4, ,58.4, ,52.6, 
6,Davis,Sacramento Valley,3/10/2018,069,0.04, ,0.00, ,166, ,11.8, ,62.8, ,45.1, ,55.1, ,99, ,62, ,80, ,49.0, ,4.1, ,99.4, ,53.3, 
6,Davis,Sacramento Valley,3/11/2018,070,0.13, ,0.00, ,457, ,11.0, ,71.9, ,41.3, ,56.0, ,100, ,41, ,71, ,47.0, ,3.5, ,84.0, ,53.2, 
6,Davis,Sacramento Valley,3/12/2018,071,0.11, ,0.00, ,361, ,13.8, ,73.3, ,46.7, ,60.1, ,96, ,54, ,78, ,53.2, ,4.6, ,110.7, ,54.3, 
6,Davis,Sacramento Valley,3/13/2018,072,0.04, ,0.31, ,156, ,13.4, ,62.4, ,49.0, ,57.0, ,98, ,66, ,84, ,52.4, ,7.8, ,187.5, ,55.5, 
6,Davis,Sacramento Valley,3/14/2018,073,0.07, ,0.04, ,296, ,10.3, ,59.0, ,42.6, ,50.2, ,99, ,59, ,83, ,45.4, ,5.6, ,134.7, ,54.2, 
6,Davis,Sacramento Valley,3/15/2018,074,0.02, ,0.48, ,114, ,9.8, ,52.4, ,36.3, ,46.2, ,97, ,83, ,92, ,44.0, ,6.6, ,159.4, ,52.4, 
6,Davis,Sacramento Valley,3/16/2018,075,0.08, ,0.00, ,309, ,9.3, ,57.4, ,41.0, ,49.0, ,96, ,61, ,79, ,42.8, ,7.4, ,178.5, ,51.9, 
6,Davis,Sacramento Valley,3/17/2018,076,0.07, ,0.11, ,311, ,8.6, ,55.7, ,37.6, ,46.0, ,97, ,61, ,81, ,40.7, ,4.8, ,114.6, ,51.7, 
6,Davis,Sacramento Valley,3/18/2018,077,0.09, ,0.00, ,374, ,8.6, ,57.6, ,33.0, ,46.2, ,100, ,54, ,80, ,40.5, ,2.5, ,60.8, ,51.2, 
6,Davis,Sacramento Valley,3/19/2018,078,0.12, ,0.00, ,473, ,9.0, ,66.7, ,36.1, ,51.0, ,99, ,32, ,71, ,41.7, ,3.6, ,86.1, ,51.8, 
6,Davis,Sacramento Valley,3/20/2018,079,0.02, ,0.48, ,114, ,11.1, ,56.9, ,47.0, ,51.9, ,100, ,69, ,84, ,47.4, ,4.1, ,97.2, ,52.5, 
6,Davis,Sacramento Valley,3/21/2018,080,0.02, ,0.76, ,128, ,15.7,Y,66.8, ,51.5, ,57.6, ,100, ,84, ,97,Y,56.7,Y,6.5, ,157.0, ,52.9, 
6,Davis,Sacramento Valley,3/22/2018,081,0.13, ,0.33, ,400, ,12.8, ,64.8, ,42.8, ,57.0, ,99, ,48, ,81, ,51.1, ,9.9, ,236.5, ,55.4, 
6,Davis,Sacramento Valley,3/23/2018,082,0.13, ,0.00, ,451, ,8.5, ,60.7, ,38.7, ,49.7, ,84, ,53, ,70, ,40.3, ,7.0, ,167.3, ,54.4, 
6,Davis,Sacramento Valley,3/24/2018,083,0.14, ,0.05, ,498, ,8.7, ,57.6, ,41.5, ,49.0, ,100, ,48, ,74, ,40.9, ,6.9, ,165.5, ,53.6, 
6,Davis,Sacramento Valley,3/25/2018,084,0.14, ,0.00, ,529, ,7.5, ,59.3, ,37.5, ,48.7, ,94, ,37, ,64, ,37.2, ,5.0, ,120.3, ,53.1, 
6,Davis,Sacramento Valley,3/26/2018,085,0.21, ,0.00, ,549,R,6.6, ,65.9, ,40.2, ,54.2, ,85, ,27, ,46, ,33.9, ,11.3, ,271.4, ,52.7, 
6,Davis,Sacramento Valley,3/27/2018,086,0.22, ,0.00, ,541, ,8.4, ,76.2, ,49.4, ,61.7, ,66, ,30, ,45, ,39.9, ,9.1, ,217.9, ,53.1, 
6,Davis,Sacramento Valley,3/28/2018,087,0.20, ,0.00, ,545, ,10.8, ,81.1, ,44.8, ,63.7, ,88, ,30, ,54, ,46.6, ,5.2, ,125.3, ,54.3, 
6,Davis,Sacramento Valley,3/29/2018,088,0.20, ,0.01, ,532, ,10.6, ,83.3, ,49.6, ,65.6, ,80, ,25, ,49, ,46.1, ,5.0, ,119.4, ,55.7, 
6,Davis,Sacramento Valley,3/30/2018,089,0.16, ,0.00, ,496, ,12.8, ,81.7, ,47.6, ,64.2, ,85, ,35, ,62, ,51.1, ,2.6, ,61.3, ,56.9, 
6,Davis,Sacramento Valley,3/31/2018,090,0.16, ,0.00, ,496, ,13.1, ,79.0, ,49.2, ,62.3, ,95, ,33, ,68, ,51.7, ,3.2, ,77.4, ,58.0, 
6,Davis,Sacramento Valley,4/1/2018,091,0.18, ,0.00, ,557, ,12.0, ,80.3, ,45.8, ,61.6, ,99, ,37, ,64, ,49.4, ,3.9, ,93.2, ,58.3, 
6,Davis,Sacramento Valley,4/2/2018,092,0.18, ,0.00, ,553, ,11.0, ,75.9, ,47.2, ,60.7, ,94, ,29, ,61, ,47.1, ,4.4, ,105.3, ,58.6, 
6,Davis,Sacramento Valley,4/3/2018,093,0.19, ,0.00, ,577, ,8.6, ,76.2, ,43.8, ,60.2, ,77, ,26, ,48, ,40.6, ,4.5, ,107.6, ,58.0, 
6,Davis,Sacramento Valley,4/4/2018,094,0.15, ,0.00, ,447, ,10.6, ,74.0, ,49.0, ,60.0, ,89, ,33, ,60, ,46.0, ,4.4, ,104.5, ,58.2, 
6,Davis,Sacramento Valley,4/5/2018,095,0.08, ,0.00, ,222, ,11.2, ,65.6, ,52.0, ,57.8, ,99, ,42, ,68, ,47.5, ,5.4, ,129.8, ,57.8, 
6,Davis,Sacramento Valley,4/6/2018,096,0.02, ,0.16, ,128, ,16.3,Y,61.8, ,54.1, ,57.9, ,100, ,98, ,99,Y,57.7,Y,7.4, ,177.9, ,57.5, 
6,Davis,Sacramento Valley,4/7/2018,097,0.16, ,0.20, ,498, ,14.0, ,68.9, ,51.1, ,60.6, ,100, ,56, ,78, ,53.6, ,8.6, ,207.0, ,58.6, 
6,Davis,Sacramento Valley,4/8/2018,098,0.18, ,0.00, ,597, ,11.0, ,68.5, ,46.5, ,57.3, ,95, ,45, ,68, ,46.9, ,4.8, ,115.9, ,58.6, 
6,Davis,Sacramento Valley,4/9/2018,099,0.17, ,0.00, ,548, ,12.8, ,74.5, ,44.9, ,61.7, ,97, ,45, ,68, ,51.0, ,3.3, ,79.6, ,58.2, 
6,Davis,Sacramento Valley,4/10/2018,100,0.09, ,0.00, ,277, ,13.1, ,70.2, ,48.9, ,61.7, ,95, ,49, ,70, ,51.8, ,5.2, ,124.7, ,59.2, 
6,Davis,Sacramento Valley,4/11/2018,101,0.10, ,0.05, ,304, ,10.2, ,62.2, ,45.3, ,52.5, ,97, ,50, ,76, ,45.0, ,7.9, ,189.4, ,58.3, 
6,Davis,Sacramento Valley,4/12/2018,102,0.16, ,0.00, ,578, ,7.7, ,64.0, ,40.6, ,52.2, ,83, ,38, ,58, ,37.7, ,4.5, ,107.8, ,57.0, 
6,Davis,Sacramento Valley,4/13/2018,103,0.21, ,0.00, ,615, ,8.7, ,71.4, ,42.2, ,57.2, ,81, ,33, ,54, ,40.9, ,7.0, ,168.9, ,56.6, 
6,Davis,Sacramento Valley,4/14/2018,104,0.19, ,0.00, ,610, ,11.7, ,76.4, ,47.8, ,61.7, ,93, ,38, ,62, ,48.6, ,3.6, ,86.9, ,57.3, 
6,Davis,Sacramento Valley,4/15/2018,105,0.19, ,0.02, ,549, ,9.8, ,65.8, ,45.3, ,55.4, ,89, ,48, ,65, ,44.0, ,9.3, ,224.2, ,58.3, 
6,Davis,Sacramento Valley,4/16/2018,106,0.09, ,0.08, ,353, ,9.2, ,58.6, ,40.4, ,47.7, ,97, ,62, ,82, ,42.5, ,5.5, ,131.6, ,56.8, 
6,Davis,Sacramento Valley,4/17/2018,107,0.14, ,0.01, ,550, ,8.9, ,64.2, ,35.9, ,50.7, ,100, ,33, ,70, ,41.4, ,3.9, ,94.6, ,55.7, 
6,Davis,Sacramento Valley,4/18/2018,108,0.11, ,0.00, ,381, ,8.4, ,63.6, ,45.5, ,52.7, ,86, ,37, ,62, ,40.0, ,4.0, ,95.6, ,56.0, 
6,Davis,Sacramento Valley,4/19/2018,109,0.22, ,0.00, ,642, ,7.8, ,71.7, ,39.6, ,57.0, ,89, ,27, ,49, ,38.0, ,6.1, ,147.3, ,55.9, 
6,Davis,Sacramento Valley,4/20/2018,110,0.22, ,0.00, ,646, ,10.2, ,80.4, ,43.6, ,63.2, ,81, ,29, ,51, ,44.9, ,5.0, ,121.1, ,57.0, 
6,Davis,Sacramento Valley,4/21/2018,111,0.21, ,0.00, ,638, ,12.9, ,83.3, ,47.6, ,64.7, ,95, ,31, ,62, ,51.3, ,4.4, ,105.5, ,58.9, 
6,Davis,Sacramento Valley,4/22/2018,112,0.22, ,0.00, ,636, ,13.0, ,85.1, ,50.8, ,68.4, ,94, ,27, ,55, ,51.6, ,3.9, ,92.4, ,60.3, 
6,Davis,Sacramento Valley,4/23/2018,113,0.25, ,0.00, ,652, ,11.2, ,85.5, ,52.5, ,69.2, ,83, ,21, ,46, ,47.5, ,4.9, ,118.8, ,61.1, 
6,Davis,Sacramento Valley,4/24/2018,114,0.22, ,0.00, ,644, ,12.9, ,82.1, ,50.5, ,64.1, ,92, ,21, ,63, ,51.2, ,4.4, ,105.4, ,62.6, 
6,Davis,Sacramento Valley,4/25/2018,115,0.22, ,0.00, ,653, ,11.8, ,83.9, ,45.2, ,62.9, ,92, ,32, ,60, ,48.9, ,4.6, ,110.6, ,63.1, 
6,Davis,Sacramento Valley,4/26/2018,116,0.21, ,0.00, ,634, ,11.0, ,74.6, ,49.6, ,60.2, ,81, ,40, ,62, ,47.1, ,6.4, ,152.8, ,62.9, 
6,Davis,Sacramento Valley,4/27/2018,117,0.22, ,0.00, ,658, ,10.1, ,69.3, ,47.8, ,58.3, ,82, ,43, ,61, ,44.8, ,8.2, ,197.7, ,62.2, 
6,Davis,Sacramento Valley,4/28/2018,118,0.13, ,0.00, ,404, ,10.0, ,65.9, ,46.8, ,56.6, ,91, ,48, ,64, ,44.7, ,6.6, ,158.8, ,61.4, 
6,Davis,Sacramento Valley,4/29/2018,119,0.14, ,0.00, ,489, ,10.5, ,68.5, ,45.5, ,56.9, ,88, ,43, ,66, ,45.8, ,3.9, ,94.4, ,60.6, 
6,Davis,Sacramento Valley,4/30/2018,120,0.17, ,0.00, ,537, ,11.1, ,70.2, ,44.4, ,57.4, ,93, ,45, ,69, ,47.2, ,4.5, ,108.1, ,60.7, 
6,Davis,Sacramento Valley,5/1/2018,121,0.25, ,0.00, ,671, ,9.8, ,78.5, ,47.6, ,62.5, ,89, ,22, ,51, ,44.1, ,7.2, ,174.0, ,61.1, 
6,Davis,Sacramento Valley,5/2/2018,122,0.22, ,0.00, ,667, ,11.9, ,78.6, ,46.1, ,62.4, ,92, ,34, ,62, ,49.0, ,5.2, ,125.4, ,61.7, 
6,Davis,Sacramento Valley,5/3/2018,123,0.21, ,0.00, ,659, ,12.8, ,77.6, ,49.2, ,62.1, ,90, ,47, ,67, ,51.0, ,4.7, ,112.0, ,62.6, 
6,Davis,Sacramento Valley,5/4/2018,124,0.22, ,0.00, ,652, ,12.2, ,85.4, ,49.4, ,66.0, ,92, ,29, ,56, ,49.9, ,3.8, ,90.9, ,63.3, 
6,Davis,Sacramento Valley,5/5/2018,125,0.16, ,0.00, ,440, ,12.3, ,80.2, ,52.1, ,64.8, ,84, ,40, ,59, ,50.0, ,4.5, ,107.2, ,63.8, 
6,Davis,Sacramento Valley,5/6/2018,126,0.20, ,0.00, ,591, ,11.7, ,78.3, ,49.1, ,63.0, ,81, ,41, ,59, ,48.7, ,5.3, ,127.9, ,63.6, 
6,Davis,Sacramento Valley,5/7/2018,127,0.23, ,0.00, ,687, ,12.8, ,87.1, ,48.8, ,67.4, ,90, ,27, ,56, ,51.0, ,3.9, ,94.7, ,64.1, 
6,Davis,Sacramento Valley,5/8/2018,128,0.25, ,0.00, ,676, ,13.5, ,88.5, ,53.4, ,69.4, ,86, ,26, ,55, ,52.6, ,5.2, ,124.3, ,65.2, 
6,Davis,Sacramento Valley,5/9/2018,129,0.24, ,0.00, ,678, ,13.4, ,80.5, ,55.1, ,67.0, ,85, ,41, ,59, ,52.4, ,6.0, ,143.2, ,65.6, 
6,Davis,Sacramento Valley,5/10/2018,130,0.23, ,0.00, ,644, ,13.5, ,83.4, ,50.2, ,66.9, ,88, ,40, ,60, ,52.6, ,4.6, ,110.7, ,65.7, 
6,Davis,Sacramento Valley,5/11/2018,131,0.39, ,0.00, ,691, ,8.3, ,81.8, ,55.0, ,69.5, ,84, ,18, ,34, ,39.8, ,14.5,R,347.4,R,65.4, 
6,Davis,Sacramento Valley,5/12/2018,132,0.30, ,0.00, ,686, ,9.8, ,83.9, ,56.0, ,69.2, ,74, ,21, ,40, ,44.0, ,9.5, ,226.9, ,64.6, 
6,Davis,Sacramento Valley,5/13/2018,133,0.24, ,0.00, ,689, ,12.0, ,78.2, ,52.9, ,63.7, ,81, ,41, ,59, ,49.3, ,6.7, ,161.7, ,64.6, 
6,Davis,Sacramento Valley,5/14/2018,134,0.23, ,0.00, ,687, ,12.5, ,75.7, ,51.0, ,62.0, ,86, ,49, ,66, ,50.5, ,6.5, ,156.7, ,64.9, 
6,Davis,Sacramento Valley,5/15/2018,135,0.24, ,0.00,H,681, ,12.0, ,77.0, ,51.5, ,62.7, ,85, ,40, ,61, ,49.3, ,6.9, ,164.7, ,65.0, 
6,Davis,Sacramento Valley,5/16/2018,136,0.17, ,0.10, ,500, ,12.1, ,71.5, ,52.6, ,59.8, ,93, ,46, ,69, ,49.6, ,5.8, ,138.7, ,64.6, 
6,Davis,Sacramento Valley,5/17/2018,137,0.23, ,0.00, ,679, ,13.1, ,80.0, ,49.4, ,64.1, ,95, ,41, ,64, ,51.7, ,5.1, ,121.2, ,64.4, 
6,Davis,Sacramento Valley,5/18/2018,138,0.24, ,0.00, ,675, ,14.2, ,82.4, ,52.2, ,65.8, ,90, ,46, ,66, ,54.0, ,5.6, ,134.0, ,65.6, 
6,Davis,Sacramento Valley,5/19/2018,139,0.25, ,0.00, ,696, ,12.6, ,79.8, ,53.1, ,63.8, ,83, ,40, ,62, ,50.7, ,7.6, ,182.8, ,66.2, 
6,Davis,Sacramento Valley,5/20/2018,140,0.22, ,0.00, ,682, ,12.3, ,74.7, ,50.2, ,61.1, ,89, ,47, ,67, ,50.0, ,6.7, ,161.9, ,65.9, 
6,Davis,Sacramento Valley,5/21/2018,141,0.24, ,0.00, ,685, ,13.2, ,83.2, ,47.9, ,64.6, ,93, ,40, ,63, ,51.9, ,5.5, ,131.6, ,65.9, 
6,Davis,Sacramento Valley,5/22/2018,142,0.24, ,0.00, ,698, ,13.8, ,77.7, ,54.2, ,63.2, ,89, ,49, ,70, ,53.2, ,8.4, ,201.0, ,66.9, 
6,Davis,Sacramento Valley,5/23/2018,143,0.24, ,0.02, ,705, ,13.2, ,73.5, ,53.5, ,62.2, ,87, ,51, ,69, ,51.9, ,7.6, ,182.9, ,66.9, 
6,Davis,Sacramento Valley,5/24/2018,144,0.23, ,0.00, ,647, ,12.6, ,76.9, ,51.3, ,61.6, ,88, ,45, ,67, ,50.6, ,7.5, ,181.0, ,66.3, 
6,Davis,Sacramento Valley,5/25/2018,145,0.11, ,0.10, ,352, ,12.8, ,67.6, ,54.0, ,59.3, ,94, ,53, ,74, ,51.0, ,7.0, ,166.8, ,65.4, 
6,Davis,Sacramento Valley,5/26/2018,146,0.15, ,0.00, ,490, ,13.9, ,74.6, ,55.3, ,63.8, ,93, ,45, ,69, ,53.4, ,3.6, ,86.3, ,64.9, 
6,Davis,Sacramento Valley,5/27/2018,147,0.28, ,0.00, ,725, ,13.2, ,89.0, ,51.5, ,71.2, ,91, ,22, ,50, ,51.9, ,5.3, ,126.5, ,65.7, 
6,Davis,Sacramento Valley,5/28/2018,148,0.30, ,0.00, ,731, ,14.1, ,93.7, ,57.1, ,77.1, ,80, ,20, ,44, ,53.8, ,5.4, ,130.2, ,67.4, 
6,Davis,Sacramento Valley,5/29/2018,149,0.29, ,0.00, ,719, ,15.0, ,98.1, ,60.7, ,77.5, ,77, ,22, ,47, ,55.5, ,4.6, ,111.4, ,68.9, 
6,Davis,Sacramento Valley,5/30/2018,150,0.28, ,0.00, ,662, ,11.3, ,75.2, ,52.6, ,63.1, ,76, ,39, ,57, ,47.7, ,11.2,Y,267.8,Y,68.7, 
6,Davis,Sacramento Valley,5/31/2018,151,0.21, ,0.00, ,633, ,10.5, ,73.0, ,51.3, ,61.0, ,76, ,41, ,57, ,45.7, ,5.8, ,140.3, ,66.6, 
6,Davis,Sacramento Valley,6/1/2018,152,0.27, ,0.00, ,731, ,11.4, ,85.3, ,48.1, ,67.9, ,88, ,22, ,49, ,47.9, ,5.1, ,123.5, ,66.4, 
6,Davis,Sacramento Valley,6/2/2018,153,0.28, ,0.00, ,735, ,12.1, ,94.8, ,54.0, ,75.9, ,77, ,17, ,40, ,49.6, ,3.8, ,91.1, ,67.4, 
6,Davis,Sacramento Valley,6/3/2018,154,0.29, ,0.00, ,723, ,14.5, ,99.2, ,58.3, ,78.5, ,81, ,18, ,44, ,54.5, ,4.1, ,97.3, ,69.0, 
6,Davis,Sacramento Valley,6/4/2018,155,0.30, ,0.00, ,744,R,12.8, ,92.8, ,57.5, ,72.2, ,79, ,20, ,48, ,51.2, ,6.3, ,151.1, ,70.7, 
6,Davis,Sacramento Valley,6/5/2018,156,0.27, ,0.01,H,741, ,12.0, ,83.9, ,51.9, ,67.4, ,76, ,31, ,53, ,49.5, ,5.7, ,137.9, ,70.2, 
6,Davis,Sacramento Valley,6/6/2018,157,0.26, ,0.00, ,725, ,12.9, ,81.2, ,53.2, ,65.1, ,84, ,39, ,61, ,51.4, ,7.3, ,176.0, ,69.3, 
6,Davis,Sacramento Valley,6/7/2018,158,0.25, ,0.00, ,717, ,13.3, ,82.3, ,53.5, ,66.4, ,85, ,37, ,60, ,52.2, ,6.1, ,145.8, ,69.0, 
6,Davis,Sacramento Valley,6/8/2018,159,0.28, ,0.00, ,727, ,12.4, ,89.0, ,51.9, ,69.8, ,80, ,28, ,50, ,50.3, ,5.3, ,127.2, ,69.4, 
6,Davis,Sacramento Valley,6/9/2018,160,0.28, ,0.00, ,702, ,10.3, ,79.2, ,58.1, ,67.9, ,71, ,19, ,44, ,45.2, ,7.6, ,181.9, ,69.4, 
6,Davis,Sacramento Valley,6/10/2018,161,0.28, ,0.00, ,741, ,8.0, ,81.7, ,51.5, ,66.7, ,64, ,18, ,36, ,38.7, ,6.0, ,143.2, ,68.4, 
6,Davis,Sacramento Valley,6/11/2018,162,0.28, ,0.00, ,732, ,12.1, ,88.6, ,51.6, ,71.6, ,75, ,22, ,46, ,49.5, ,5.3, ,127.1, ,68.3, 
6,Davis,Sacramento Valley,6/12/2018,163,0.30, ,0.00, ,726, ,13.7, ,96.9, ,57.3, ,78.0, ,79, ,24, ,42, ,52.9, ,5.0, ,119.4, ,69.4, 
6,Davis,Sacramento Valley,6/13/2018,164,0.28, ,0.00, ,659, ,14.7, ,97.0, ,58.5, ,76.1, ,79, ,24, ,48, ,54.9, ,5.0, ,120.1, ,70.4, 
6,Davis,Sacramento Valley,6/14/2018,165,0.26, ,0.00, ,650, ,14.0, ,87.9, ,57.3, ,71.2, ,80, ,26, ,54, ,53.5, ,6.3, ,150.6, ,70.8, 
6,Davis,Sacramento Valley,6/15/2018,166,0.23, ,0.00, ,514, ,13.3, ,80.7, ,56.3, ,67.1, ,79, ,39, ,58, ,52.1, ,8.3, ,198.4, ,70.3, 
6,Davis,Sacramento Valley,6/16/2018,167,0.21, ,0.00, ,526, ,13.2, ,82.0, ,52.1, ,63.9, ,89, ,41, ,65, ,52.0, ,8.3, ,199.7, ,69.5, 
6,Davis,Sacramento Valley,6/17/2018,168,0.18, ,0.00, ,495, ,13.2, ,78.3, ,51.7, ,64.4, ,88, ,43, ,64, ,51.9, ,5.5, ,131.6, ,68.6, 
6,Davis,Sacramento Valley,6/18/2018,169,0.22, ,0.00, ,564, ,14.5, ,87.2, ,55.8, ,70.0, ,85, ,34, ,58, ,54.5, ,4.5, ,108.5, ,69.4, 
6,Davis,Sacramento Valley,6/19/2018,170,0.23, ,0.00, ,562, ,14.9, ,91.4, ,55.4, ,72.3, ,87, ,32, ,55, ,55.2, ,4.3, ,104.4, ,70.8, 
6,Davis,Sacramento Valley,6/20/2018,171,0.25, ,0.00, ,599, ,13.9, ,89.0, ,54.6, ,69.5, ,85, ,34, ,56, ,53.3, ,5.8, ,140.2, ,70.8, 
6,Davis,Sacramento Valley,6/21/2018,172,0.25, ,0.00, ,647, ,13.5, ,93.4, ,50.5, ,70.9, ,88, ,17, ,52, ,52.5, ,4.0, ,95.6, ,70.6, 
6,Davis,Sacramento Valley,6/22/2018,173,0.27, ,0.00, ,619, ,14.5, ,98.9, ,57.5, ,79.0, ,79, ,21, ,43, ,54.6, ,3.9, ,92.7, ,71.9, 
6,Davis,Sacramento Valley,6/23/2018,174,0.35, ,0.00, ,581, ,12.7, ,98.5, ,68.4,Y,84.5, ,68, ,18, ,31, ,50.9, ,8.8, ,210.9, ,72.5, 
6,Davis,Sacramento Valley,6/24/2018,175,0.28, ,0.00, ,565, ,14.5, ,93.9, ,61.1, ,78.6,H,71,H,32,H,43, ,54.5, ,7.2, ,172.3, ,72.8, 
6,Davis,Sacramento Valley,6/25/2018,176,0.22, ,0.00, ,575, ,15.2, ,85.4, ,56.9, ,69.1, ,86, ,42, ,63, ,55.9, ,5.7, ,136.5, ,72.3, 
6,Davis,Sacramento Valley,6/26/2018,177,0.25, ,0.00, ,633, ,14.6, ,89.7, ,54.7, ,70.1, ,87, ,25, ,58, ,54.7, ,5.0, ,120.2, ,71.9, 
6,Davis,Sacramento Valley,6/27/2018,178,0.25, ,0.00, ,642, ,14.4, ,84.6, ,53.8, ,67.5, ,87, ,42, ,63, ,54.2, ,6.0, ,143.8, ,71.6, 
6,Davis,Sacramento Valley,6/28/2018,179,0.24, ,0.00, ,652, ,14.3, ,86.6, ,54.4, ,69.0, ,86, ,33, ,59, ,54.1, ,5.0, ,120.3, ,71.0, 
6,Davis,Sacramento Valley,6/29/2018,180,0.30, ,0.00, ,645, ,13.2, ,95.4, ,57.4, ,77.7, ,81, ,17, ,41, ,52.0, ,5.7, ,135.8, ,71.6, 
6,Davis,Sacramento Valley,6/30/2018,181,0.36,R,0.00, ,643, ,12.7, ,99.4, ,67.5,Y,85.5,Y,59,H,18,H,30,Y,51.0,Y,9.6,Y,229.2,Y,72.0, 
6,Davis,Sacramento Valley,7/1/2018,182,0.28, ,0.00, ,631, ,15.9, ,95.8, ,62.0, ,77.6, ,77, ,27, ,49, ,57.0, ,5.2, ,125.3, ,72.7, 
6,Davis,Sacramento Valley,7/2/2018,183,0.24, ,0.00, ,601, ,16.3, ,89.0, ,58.9, ,70.7, ,86, ,40, ,64, ,57.8, ,5.6, ,134.7, ,73.0, 
6,Davis,Sacramento Valley,7/3/2018,184,0.22, ,0.00, ,576, ,14.9, ,83.9, ,56.6, ,67.9, ,86, ,42, ,64, ,55.2, ,6.1, ,145.7, ,72.8, 
6,Davis,Sacramento Valley,7/4/2018,185,0.26, ,0.00, ,640, ,13.1, ,77.4, ,57.0, ,66.5, ,77, ,45, ,59, ,51.7, ,8.6, ,207.2, ,71.9, 
6,Davis,Sacramento Valley,7/5/2018,186,0.25, ,0.00, ,683, ,13.6, ,88.3, ,51.4, ,70.1, ,87, ,26, ,54, ,52.8, ,4.3, ,103.8, ,71.2, 
6,Davis,Sacramento Valley,7/6/2018,187,0.19, ,0.00, ,443, ,15.3, ,91.2, ,63.4, ,76.0, ,69, ,31, ,50, ,55.9, ,3.7, ,88.2, ,71.9, 
6,Davis,Sacramento Valley,7/7/2018,188,0.25, ,0.00, ,580, ,14.0, ,94.8, ,58.6, ,77.0, ,78, ,18, ,44, ,53.5, ,4.3, ,102.1, ,72.6, 
6,Davis,Sacramento Valley,7/8/2018,189,0.29, ,0.01, ,666, ,13.3, ,94.8, ,57.0, ,75.3, ,79, ,22, ,44, ,52.1, ,4.8, ,116.3, ,72.9, 
6,Davis,Sacramento Valley,7/9/2018,190,0.28, ,0.00, ,681, ,13.5, ,96.9, ,56.5, ,76.6, ,73, ,22, ,43, ,52.5, ,4.1, ,98.4, ,73.0, 
6,Davis,Sacramento Valley,7/10/2018,191,0.31, ,0.00, ,688, ,13.0, ,95.2, ,60.4, ,78.0, ,66, ,23, ,40, ,51.6, ,5.2, ,125.8, ,73.5, 
6,Davis,Sacramento Valley,7/11/2018,192,0.27, ,0.00, ,685, ,14.4, ,94.9, ,56.5, ,75.3, ,84, ,18, ,48, ,54.4, ,3.9, ,94.6, ,73.6, 
6,Davis,Sacramento Valley,7/12/2018,193,0.29, ,0.00, ,663, ,14.6, ,95.2, ,60.5, ,77.5, ,76, ,21, ,45, ,54.6, ,5.0, ,119.8, ,73.9, 
6,Davis,Sacramento Valley,7/13/2018,194,0.18, ,0.00, ,419, ,15.6, ,94.8, ,66.4,Y,78.6, ,76, ,24, ,47, ,56.4, ,3.4, ,81.3, ,74.1, 
6,Davis,Sacramento Valley,7/14/2018,195,0.28, ,0.00, ,650, ,17.6, ,96.3, ,63.8, ,78.0, ,75, ,35, ,54, ,59.8, ,5.1, ,123.2, ,74.4, 
6,Davis,Sacramento Valley,7/15/2018,196,0.26, ,0.00, ,672, ,16.8, ,92.4, ,60.2, ,73.9, ,85, ,38, ,59, ,58.6, ,5.1, ,121.6, ,74.7, 
6,Davis,Sacramento Valley,7/16/2018,197,0.27, ,0.01, ,690, ,16.0, ,97.9, ,57.1, ,75.2, ,83, ,27, ,54, ,57.3, ,4.1, ,98.9, ,74.7, 
6,Davis,Sacramento Valley,7/17/2018,198,0.27, ,0.00, ,699, ,16.2, ,97.8, ,57.1, ,75.6, ,85, ,23, ,53, ,57.5, ,4.2, ,102.0, ,75.0, 
6,Davis,Sacramento Valley,7/18/2018,199,0.26, ,0.00, ,684, ,17.3, ,99.7, ,58.6, ,76.5, ,86, ,24, ,56, ,59.5, ,4.3, ,103.3, ,75.2, 
6,Davis,Sacramento Valley,7/19/2018,200,0.28, ,0.00, ,672, ,15.7, ,97.2, ,59.1, ,76.9, ,84, ,20, ,50, ,56.8, ,4.9, ,116.4, ,75.6, 
6,Davis,Sacramento Valley,7/20/2018,201,0.31, ,0.00, ,643, ,14.4, ,93.9, ,61.7, ,77.6, ,69, ,29, ,45, ,54.3, ,7.6, ,181.8, ,75.2, 
6,Davis,Sacramento Valley,7/21/2018,202,0.29, ,0.00, ,630, ,15.9, ,95.8, ,65.8, ,78.7, ,63, ,34, ,47, ,57.0, ,6.6, ,158.2, ,75.0, 
6,Davis,Sacramento Valley,7/22/2018,203,0.27, ,0.00, ,641, ,16.2, ,95.3, ,63.2, ,77.6, ,74, ,33, ,50, ,57.6, ,5.1, ,121.9, ,75.5, 
6,Davis,Sacramento Valley,7/23/2018,204,0.27, ,0.00, ,655, ,16.6, ,98.9, ,61.8, ,77.7, ,74, ,30, ,51, ,58.2, ,4.8, ,114.8, ,76.0, 
6,Davis,Sacramento Valley,7/24/2018,205,0.27, ,0.00, ,663, ,17.2, ,99.1, ,60.4, ,78.0, ,82, ,30, ,52, ,59.2, ,4.4, ,106.8, ,76.3, 
6,Davis,Sacramento Valley,7/25/2018,206,0.27, ,0.00, ,676, ,16.4, ,102.8, ,56.9, ,78.6, ,92, ,23, ,49, ,57.8, ,3.9, ,93.2, ,75.7, 
6,Davis,Sacramento Valley,7/26/2018,207,0.26, ,0.00, ,623, ,16.6, ,96.5, ,62.0, ,76.4, ,74, ,33, ,53, ,58.2, ,4.6, ,110.6, ,76.1, 
6,Davis,Sacramento Valley,7/27/2018,208,0.24, ,0.01, ,622, ,16.0, ,93.3, ,57.9, ,73.1, ,81, ,35, ,58, ,57.3, ,4.3, ,103.9, ,76.1, 
6,Davis,Sacramento Valley,7/28/2018,209,0.24, ,0.00, ,607, ,16.0, ,96.0, ,57.9, ,74.1, ,80, ,29, ,55, ,57.1, ,4.1, ,98.0, ,75.8, 
6,Davis,Sacramento Valley,7/29/2018,210,0.20, ,0.00, ,489, ,15.8, ,92.3, ,58.6, ,71.6, ,81, ,36, ,59, ,56.8, ,4.1, ,97.3, ,75.4, 
6,Davis,Sacramento Valley,7/30/2018,211,0.21, ,0.00, ,546, ,16.8, ,93.4, ,58.8, ,72.7, ,88, ,35, ,61, ,58.6, ,3.6, ,85.7, ,74.6, 
6,Davis,Sacramento Valley,7/31/2018,212,0.23, ,0.00, ,581, ,16.3, ,93.8, ,57.8, ,73.8, ,84, ,35, ,57, ,57.8, ,3.8, ,91.9, ,74.9, 
6,Davis,Sacramento Valley,8/1/2018,213,0.24, ,0.00, ,601, ,15.4, ,90.4, ,57.6, ,72.3, ,84, ,36, ,57, ,56.1, ,4.4, ,106.1, ,75.0, 
6,Davis,Sacramento Valley,8/2/2018,214,0.23, ,0.00, ,607, ,15.0, ,91.7, ,56.3, ,71.7, ,85, ,33, ,57, ,55.5, ,4.0, ,95.8, ,74.7, 
6,Davis,Sacramento Valley,8/3/2018,215,0.21, ,0.00, ,515, ,14.3, ,92.2, ,55.5, ,72.8, ,86, ,30, ,52, ,54.1, ,3.7, ,88.6, ,74.4, 
6,Davis,Sacramento Valley,8/4/2018,216,0.28, ,0.00, ,617, ,14.3, ,96.7, ,61.2, ,77.4, ,83, ,21, ,45, ,54.1, ,5.8, ,139.0, ,74.6, 
6,Davis,Sacramento Valley,8/5/2018,217,0.22, ,0.00, ,578, ,13.9, ,90.8, ,56.6, ,72.8, ,82, ,26, ,51, ,53.4, ,3.3, ,80.2, ,74.5, 
6,Davis,Sacramento Valley,8/6/2018,218,0.22, ,0.00, ,533, ,13.9, ,93.8, ,58.9, ,75.7, ,80, ,25, ,46, ,53.4, ,3.4, ,82.0, ,74.5, 
6,Davis,Sacramento Valley,8/7/2018,219,0.19, ,0.01, ,489, ,14.8, ,87.2, ,57.0, ,70.2, ,87, ,35, ,59, ,55.1, ,3.5, ,84.6, ,73.8, 
6,Davis,Sacramento Valley,8/8/2018,220,0.20, ,0.00, ,537, ,16.2, ,91.2, ,54.5, ,72.2, ,88, ,35, ,60, ,57.5, ,2.7, ,64.3, ,73.4, 
6,Davis,Sacramento Valley,8/9/2018,221,0.25, ,0.01, ,596, ,15.5, ,98.6, ,55.5, ,77.2, ,86, ,25, ,49, ,56.4, ,3.7, ,88.8, ,74.0, 
6,Davis,Sacramento Valley,8/10/2018,222,0.24, ,0.00, ,595, ,15.7, ,99.1, ,58.7, ,77.0, ,81, ,26, ,50, ,56.7, ,3.7, ,89.0, ,74.7, 
6,Davis,Sacramento Valley,8/11/2018,223,0.26, ,0.00, ,613, ,14.9, ,97.2, ,61.1, ,77.6, ,79, ,23, ,46, ,55.3, ,4.7, ,112.1, ,75.2, 
6,Davis,Sacramento Valley,8/12/2018,224,0.25, ,0.00, ,611, ,14.4, ,95.1, ,58.6, ,74.0, ,82, ,15, ,50, ,54.3, ,5.3, ,128.4, ,74.8, 
6,Davis,Sacramento Valley,8/13/2018,225,0.24, ,0.00, ,611, ,15.3, ,91.0, ,57.4, ,71.3, ,86, ,33, ,58, ,55.9, ,4.8, ,115.7, ,74.3, 
6,Davis,Sacramento Valley,8/14/2018,226,0.22, ,0.01, ,595, ,15.3, ,84.3, ,55.9, ,67.7, ,86, ,40, ,66, ,56.0, ,5.4, ,129.9, ,73.6, 
6,Davis,Sacramento Valley,8/15/2018,227,0.23, ,0.00, ,607, ,15.4, ,86.5, ,56.0, ,69.2, ,90, ,39, ,63, ,56.2, ,5.7, ,136.5, ,73.2, 
6,Davis,Sacramento Valley,8/16/2018,228,0.24, ,0.00, ,611, ,14.3, ,92.2, ,57.0, ,73.0, ,87, ,16, ,52, ,54.1, ,4.8, ,114.6, ,73.0, 
6,Davis,Sacramento Valley,8/17/2018,229,0.25, ,0.00, ,620, ,13.8, ,96.8, ,58.1, ,75.0, ,81, ,20, ,47, ,53.2, ,4.3, ,103.9, ,73.4, 
6,Davis,Sacramento Valley,8/18/2018,230,0.25, ,0.00, ,630, ,12.9, ,98.2, ,54.2, ,75.8, ,80, ,20, ,43, ,51.4, ,4.1, ,99.1, ,73.9, 
6,Davis,Sacramento Valley,8/19/2018,231,0.24, ,0.00, ,599, ,13.2, ,94.8, ,55.0, ,73.1, ,83, ,15, ,47, ,52.0, ,4.3, ,102.5, ,73.8, 
6,Davis,Sacramento Valley,8/20/2018,232,0.23, ,0.00, ,610, ,14.1, ,87.8, ,52.5, ,69.0, ,86, ,32, ,58, ,53.6, ,4.9, ,117.7, ,73.4, 
6,Davis,Sacramento Valley,8/21/2018,233,0.18, ,0.00, ,538, ,14.9, ,77.6,Y,53.9, ,65.0, ,87, ,50, ,71, ,55.2, ,5.2, ,123.9, ,72.5, 
6,Davis,Sacramento Valley,8/22/2018,234,0.20, ,0.01, ,554, ,15.5, ,83.4, ,54.7, ,67.5, ,94, ,41, ,67, ,56.3, ,4.7, ,113.2, ,72.2, 
6,Davis,Sacramento Valley,8/23/2018,235,0.21, ,0.00, ,562, ,14.5, ,82.4, ,54.9, ,67.6, ,88, ,40, ,63, ,54.4, ,5.8, ,140.0, ,72.4, 
6,Davis,Sacramento Valley,8/24/2018,236,0.18, ,0.00, ,539, ,14.6, ,81.0, ,53.0, ,65.8, ,91, ,42, ,67, ,54.7, ,4.4, ,104.8, ,72.2, 
6,Davis,Sacramento Valley,8/25/2018,237,0.20, ,0.00, ,548, ,14.1, ,87.1, ,49.9, ,67.6, ,93, ,32, ,61, ,53.8, ,3.7, ,89.3, ,72.1, 
6,Davis,Sacramento Valley,8/26/2018,238,0.21, ,0.00, ,579, ,14.0, ,85.6, ,51.1, ,67.0, ,91, ,30, ,62, ,53.5, ,5.4, ,130.0, ,72.2, 
6,Davis,Sacramento Valley,8/27/2018,239,0.19, ,0.00, ,551, ,14.4, ,80.4, ,54.6, ,66.0, ,88, ,42, ,66, ,54.3, ,6.0, ,143.0, ,71.9, 
6,Davis,Sacramento Valley,8/28/2018,240,0.20, ,0.00, ,564, ,15.2, ,78.2, ,54.7, ,66.0, ,90, ,52, ,70, ,55.8, ,6.3, ,150.9, ,71.5, 
6,Davis,Sacramento Valley,8/29/2018,241,0.22, ,0.00, ,576, ,13.7, ,81.0, ,55.8, ,68.1, ,81, ,40, ,59, ,53.0, ,6.3, ,151.2, ,71.3, 
6,Davis,Sacramento Valley,8/30/2018,242,0.19, ,0.00, ,538, ,13.8, ,79.1, ,54.7, ,66.0, ,92, ,42, ,63, ,53.2, ,5.1, ,121.3, ,71.1, 
6,Davis,Sacramento Valley,8/31/2018,243,0.19, ,0.00, ,554, ,15.2, ,86.9, ,53.2, ,68.6, ,90, ,37, ,64, ,55.8, ,3.6, ,86.6, ,71.0, 
6,Davis,Sacramento Valley,9/1/2018,244,0.21, ,0.00, ,538, ,14.4, ,91.4, ,56.0, ,72.3, ,83, ,27, ,53, ,54.3, ,3.8, ,91.5, ,71.9, 
6,Davis,Sacramento Valley,9/2/2018,245,0.21, ,0.00, ,539, ,14.7, ,94.0, ,55.3, ,72.4, ,86, ,29, ,54, ,54.8, ,3.9, ,93.0, ,72.2, 
6,Davis,Sacramento Valley,9/3/2018,246,0.19, ,0.00, ,538, ,14.8, ,89.5, ,54.9, ,69.5, ,82, ,34, ,60, ,55.0, ,4.2, ,100.4, ,72.6, 
6,Davis,Sacramento Valley,9/4/2018,247,0.20, ,0.00, ,538, ,14.6, ,90.3, ,54.5, ,70.4, ,85, ,29, ,57, ,54.7, ,4.3, ,103.1, ,72.7, 
6,Davis,Sacramento Valley,9/5/2018,248,0.21, ,0.00, ,544, ,13.9, ,87.9, ,54.4, ,69.1, ,83, ,30, ,57, ,53.4, ,5.8, ,140.1, ,72.4, 
6,Davis,Sacramento Valley,9/6/2018,249,0.19, ,0.00, ,561, ,14.2, ,88.2, ,51.1, ,68.1, ,90, ,32, ,61, ,54.0, ,3.6, ,85.9, ,71.9, 
6,Davis,Sacramento Valley,9/7/2018,250,0.22, ,0.00, ,548, ,13.6, ,95.3, ,53.3, ,73.8, ,84, ,19, ,48, ,52.8, ,3.6, ,86.4, ,72.3, 
6,Davis,Sacramento Valley,9/8/2018,251,0.22, ,0.00, ,554, ,13.1, ,94.6, ,54.2, ,73.1, ,82, ,22, ,47, ,51.7, ,3.7, ,89.2, ,72.6, 
6,Davis,Sacramento Valley,9/9/2018,252,0.21, ,0.00, ,532, ,12.4, ,94.3, ,51.4, ,72.0, ,85, ,21, ,46, ,50.3, ,3.7, ,89.1, ,72.4, 
6,Davis,Sacramento Valley,9/10/2018,253,0.20, ,0.00, ,525, ,12.2, ,92.9, ,51.9, ,72.1, ,82, ,19, ,46, ,49.9, ,3.9, ,93.6, ,72.3, 
6,Davis,Sacramento Valley,9/11/2018,254,0.22, ,0.00, ,527, ,12.2, ,89.0, ,52.7, ,70.4, ,82, ,23, ,48, ,49.7, ,5.6, ,134.5, ,72.1, 
6,Davis,Sacramento Valley,9/12/2018,255,0.14, ,0.00, ,333, ,10.8, ,77.5, ,51.7, ,64.5, ,75, ,34, ,52, ,46.6, ,5.2, ,125.1, ,71.2, 
6,Davis,Sacramento Valley,9/13/2018,256,0.18, ,0.00, ,515, ,11.9, ,78.4, ,56.8, ,65.8, ,76, ,31, ,55, ,49.1, ,5.1, ,122.0, ,70.2, 
6,Davis,Sacramento Valley,9/14/2018,257,0.15, ,0.00, ,457, ,11.4, ,79.7, ,46.9, ,63.9, ,91, ,28, ,56, ,48.1, ,3.7, ,89.0, ,69.6, 
6,Davis,Sacramento Valley,9/15/2018,258,0.20, ,0.00, ,516, ,11.3, ,78.7, ,53.3, ,64.6, ,86, ,28, ,54, ,47.7, ,6.7, ,161.8, ,69.5, 
6,Davis,Sacramento Valley,9/16/2018,259,0.17, ,0.00, ,521, ,11.5, ,80.9, ,44.3, ,62.6, ,91, ,28, ,59, ,48.2, ,4.0, ,96.1, ,68.7, 
6,Davis,Sacramento Valley,9/17/2018,260,0.17, ,0.00, ,509, ,12.0, ,80.8, ,46.9, ,62.9, ,91, ,28, ,61, ,49.4, ,5.4, ,129.2, ,68.7, 
6,Davis,Sacramento Valley,9/18/2018,261,0.16, ,0.01, ,504, ,12.1, ,82.7, ,46.2, ,63.7, ,90, ,25, ,60, ,49.6, ,3.7, ,89.9, ,68.2, 
6,Davis,Sacramento Valley,9/19/2018,262,0.19, ,0.00, ,492, ,11.3, ,87.4, ,49.3, ,68.2, ,89, ,21, ,48, ,47.7, ,4.2, ,100.7, ,68.4, 
6,Davis,Sacramento Valley,9/20/2018,263,0.25, ,0.00, ,499, ,7.7, ,91.2, ,59.3, ,75.1, ,49, ,13, ,26, ,37.8, ,6.6, ,159.3, ,68.4, 
6,Davis,Sacramento Valley,9/21/2018,264,0.19, ,0.00, ,490, ,10.1, ,92.0, ,50.9, ,70.5, ,70, ,14, ,40, ,44.9, ,3.6, ,86.7, ,68.5, 
6,Davis,Sacramento Valley,9/22/2018,265,0.18, ,0.00, ,482, ,11.6, ,90.3, ,49.4, ,69.2, ,81, ,20, ,48, ,48.6, ,3.7, ,89.8, ,68.7, 
6,Davis,Sacramento Valley,9/23/2018,266,0.17, ,0.00, ,480, ,11.2, ,88.2, ,52.4, ,68.4, ,87, ,13, ,47, ,47.4, ,3.3, ,78.8, ,68.7, 
6,Davis,Sacramento Valley,9/24/2018,267,0.21, ,0.00, ,486, ,8.6, ,90.6, ,51.8, ,70.1, ,73, ,14, ,34, ,40.8, ,4.8, ,114.7, ,68.2, 
6,Davis,Sacramento Valley,9/25/2018,268,0.20, ,0.00, ,480, ,8.8, ,94.7, ,51.1, ,71.7, ,72, ,11, ,33, ,41.2, ,4.1, ,97.3, ,67.8, 
6,Davis,Sacramento Valley,9/26/2018,269,0.18, ,0.00, ,458, ,9.5, ,96.0, ,51.0, ,72.4, ,72, ,11, ,35, ,43.2, ,3.1, ,73.5, ,68.0, 
6,Davis,Sacramento Valley,9/27/2018,270,0.17, ,0.00, ,444, ,10.9, ,96.1, ,53.9, ,72.3, ,70, ,16, ,40, ,46.8, ,3.1, ,75.2, ,68.4, 
6,Davis,Sacramento Valley,9/28/2018,271,0.16, ,0.00, ,433, ,13.0, ,82.7, ,53.3, ,65.0, ,83, ,35, ,62, ,51.6, ,6.3, ,151.2, ,68.3, 
6,Davis,Sacramento Valley,9/29/2018,272,0.14, ,0.00, ,411, ,13.7, ,75.6, ,53.8, ,64.2, ,85, ,49, ,67, ,53.0, ,6.5, ,156.8, ,67.7, 
6,Davis,Sacramento Valley,9/30/2018,273,0.14, ,0.00, ,425, ,14.0, ,78.5, ,57.4, ,68.5, ,86, ,38, ,59, ,53.5, ,3.3, ,79.8, ,67.8, 
6,Davis,Sacramento Valley,10/1/2018,274,0.12, ,0.00, ,299, ,13.5, ,79.2, ,58.8, ,69.9, ,76, ,37, ,54, ,52.6, ,3.9, ,92.4, ,68.2, 
6,Davis,Sacramento Valley,10/2/2018,275,0.14, ,0.02, ,373, ,17.6,Y,80.1, ,62.9,Y,71.3, ,87, ,51, ,67,Y,59.9,Y,5.8, ,139.5, ,68.5, 
6,Davis,Sacramento Valley,10/3/2018,276,0.13, ,0.00, ,362, ,17.2,Y,82.0, ,61.7, ,70.7, ,85, ,45, ,67,Y,59.3,Y,5.3, ,126.3, ,69.2, 
6,Davis,Sacramento Valley,10/4/2018,277,0.12, ,0.00, ,348, ,15.2, ,74.5, ,55.9, ,65.6, ,88, ,57, ,70, ,55.8, ,6.8, ,162.2, ,69.3, 
6,Davis,Sacramento Valley,10/5/2018,278,0.12, ,0.00, ,379, ,14.7, ,78.6, ,53.1, ,65.7, ,98, ,42, ,68, ,54.8, ,3.9, ,92.7, ,68.6, 
6,Davis,Sacramento Valley,10/6/2018,279,0.22, ,0.00, ,421, ,11.2, ,81.3, ,55.3, ,69.4, ,78, ,25, ,46, ,47.6, ,9.7, ,233.5, ,68.2, 
6,Davis,Sacramento Valley,10/7/2018,280,0.31, ,0.00, ,426, ,7.3, ,80.9, ,61.7,Y,70.1, ,46, ,16, ,29, ,36.4, ,15.6,R,374.2,R,65.8, 
6,Davis,Sacramento Valley,10/8/2018,281,0.23, ,0.00, ,406, ,8.5, ,84.4, ,61.1, ,72.0, ,45, ,23, ,32, ,40.4, ,8.9, ,214.5, ,65.3, 
6,Davis,Sacramento Valley,10/9/2018,282,0.15, ,0.00, ,406, ,11.9, ,83.2, ,51.3, ,65.1, ,82, ,33, ,56, ,49.1, ,5.5, ,131.1, ,66.4, 
6,Davis,Sacramento Valley,10/10/2018,283,0.13, ,0.00, ,387, ,12.3, ,78.2, ,49.6, ,62.6, ,94, ,36, ,63, ,50.0, ,4.3, ,104.1, ,66.6, 
6,Davis,Sacramento Valley,10/11/2018,284,0.14, ,0.00, ,375, ,10.9, ,78.0, ,48.8, ,62.5, ,87, ,31, ,57, ,46.9, ,4.5, ,108.7, ,66.2, 
6,Davis,Sacramento Valley,10/12/2018,285,0.22, ,0.00, ,396, ,7.1, ,85.4, ,54.1, ,68.6, ,55, ,15, ,30, ,35.8, ,8.1, ,193.5, ,65.5, 
6,Davis,Sacramento Valley,10/13/2018,286,0.15, ,0.00, ,394, ,8.0, ,86.1, ,45.0, ,65.3, ,66, ,13, ,38, ,38.9, ,3.1, ,75.5, ,65.2, 
6,Davis,Sacramento Valley,10/14/2018,287,0.29, ,0.00, ,398, ,4.4, ,81.1, ,51.0, ,68.1, ,48, ,11, ,19, ,23.9, ,12.5,Y,300.9,Y,64.5, 
6,Davis,Sacramento Valley,10/15/2018,288,0.25, ,0.00, ,401, ,3.3,Y,82.0, ,52.5, ,66.3, ,24, ,8, ,15,Y,17.1,Y,9.8, ,235.6, ,62.9, 
6,Davis,Sacramento Valley,10/16/2018,289,0.16, ,0.00, ,390, ,5.5, ,84.6, ,44.3, ,63.4, ,54, ,11, ,28, ,29.5, ,4.4, ,104.4, ,63.1, 
6,Davis,Sacramento Valley,10/17/2018,290,0.13, ,0.00, ,375, ,7.2, ,81.8, ,42.6, ,61.5, ,67, ,17, ,39, ,36.1, ,2.6, ,62.9, ,63.1, 
6,Davis,Sacramento Valley,10/18/2018,291,0.12, ,0.00, ,368, ,8.5, ,83.3, ,42.8, ,61.0, ,82, ,17, ,46, ,40.3, ,2.6, ,63.0, ,63.0, 
6,Davis,Sacramento Valley,10/19/2018,292,0.13, ,0.00, ,366, ,8.0, ,84.4, ,44.0, ,62.9, ,73, ,19, ,41, ,38.6, ,3.2, ,76.4, ,63.0, 
6,Davis,Sacramento Valley,10/20/2018,293,0.12, ,0.00, ,362, ,9.1, ,83.3, ,45.2, ,62.8, ,73, ,21, ,47, ,42.2, ,2.6, ,61.4, ,63.0, 
6,Davis,Sacramento Valley,10/21/2018,294,0.11, ,0.00, ,349, ,9.9, ,83.8, ,44.1, ,62.0, ,83, ,22, ,52, ,44.2, ,3.0, ,71.8, ,63.1, 
6,Davis,Sacramento Valley,10/22/2018,295,0.11, ,0.00, ,351, ,10.2, ,80.8, ,42.2, ,59.5, ,84, ,26, ,59, ,45.0, ,3.2, ,76.8, ,63.0, 
6,Davis,Sacramento Valley,10/23/2018,296,0.09, ,0.00, ,318, ,9.9, ,73.9, ,41.6, ,56.8, ,88, ,38, ,63, ,44.3, ,2.8, ,66.2, ,62.8, 
6,Davis,Sacramento Valley,10/24/2018,297,0.10, ,0.00, ,319, ,10.1, ,77.6, ,44.3, ,60.2, ,83, ,33, ,56, ,44.7, ,2.5, ,60.8, ,62.4, 
6,Davis,Sacramento Valley,10/25/2018,298,0.12, ,0.00, ,329, ,10.4, ,83.3, ,47.9, ,64.5, ,76, ,26, ,50, ,45.6, ,3.5, ,85.0, ,62.7, 
6,Davis,Sacramento Valley,10/26/2018,299,0.10, ,0.00, ,318, ,11.8, ,81.0, ,47.6, ,63.0, ,82, ,34, ,60, ,48.9, ,2.8, ,66.4, ,63.2, 
6,Davis,Sacramento Valley,10/27/2018,300,0.09, ,0.00, ,285, ,13.3, ,80.2, ,48.5, ,64.4, ,87, ,39, ,65, ,52.2, ,3.0, ,71.2, ,63.7, 
6,Davis,Sacramento Valley,10/28/2018,301,0.10, ,0.00, ,281, ,13.3, ,79.4, ,52.4, ,64.6, ,92, ,45, ,64, ,52.2, ,4.5, ,108.1, ,64.1, 
6,Davis,Sacramento Valley,10/29/2018,302,0.15, ,0.00, ,282, ,7.9, ,73.6, ,50.2, ,62.1, ,65, ,25, ,41, ,38.3, ,8.1, ,193.4, ,63.8, 
6,Davis,Sacramento Valley,10/30/2018,303,0.26, ,0.00, ,327, ,5.9, ,76.2, ,58.6,Y,66.2, ,41, ,15, ,27, ,31.1, ,14.9,Y,358.2,Y,62.6, 
6,Davis,Sacramento Valley,10/31/2018,304,0.16, ,0.00, ,289, ,6.8, ,80.1, ,54.6, ,66.2, ,48, ,21, ,31, ,34.5, ,7.9, ,189.4, ,62.0, 
6,Davis,Sacramento Valley,11/1/2018,305,0.13, ,0.00, ,286, ,10.8, ,85.0, ,51.4, ,66.8, ,67, ,27, ,48, ,46.5, ,4.5, ,108.0, ,62.3, 
6,Davis,Sacramento Valley,11/2/2018,306,0.10, ,0.00, ,297, ,10.7, ,80.1, ,45.2, ,61.3, ,88, ,35, ,58, ,46.3, ,3.6, ,87.6, ,62.6, 
6,Davis,Sacramento Valley,11/3/2018,307,0.24,R,0.00, ,294, ,5.9, ,84.9,Y,62.0,Y,72.7,R,48, ,12, ,,R,,I,10.9, ,262.8, ,62.2, 
6,Davis,Sacramento Valley,11/4/2018,308,0.11, ,0.00, ,283, ,7.0, ,81.0, ,48.2, ,64.1, ,52, ,21, ,34, ,35.5, ,2.9, ,69.7, ,62.1, 
6,Davis,Sacramento Valley,11/5/2018,309,0.18, ,0.00, ,309, ,5.8, ,79.3, ,54.7, ,65.8,Y,47, ,10, ,26,Y,30.5,Y,7.9, ,189.8, ,61.9, 
6,Davis,Sacramento Valley,11/6/2018,310,0.19, ,0.00, ,311, ,4.5, ,77.5, ,45.8, ,62.9, ,43, ,11, ,23, ,24.5, ,9.0, ,216.2, ,61.0, 
6,Davis,Sacramento Valley,11/7/2018,311,0.16, ,0.00, ,299, ,4.5, ,74.0, ,39.2, ,57.9, ,54, ,14, ,27, ,24.4, ,7.0, ,168.1, ,60.1, 
6,Davis,Sacramento Valley,11/8/2018,312,0.28, ,0.00, ,286, ,3.2,Y,71.2, ,55.0, ,62.3, ,23, ,13, ,17,Y,16.4,Y,17.2,R,413.9,R,58.4, 
6,Davis,Sacramento Valley,11/9/2018,313,0.10, ,0.00, ,181, ,3.3,Y,63.4, ,37.2, ,51.5, ,56, ,14, ,26,Y,17.5,Y,4.9, ,118.5, ,57.5, 
6,Davis,Sacramento Valley,11/10/2018,314,0.08, ,0.00, ,210, ,4.0,Y,65.4, ,34.9, ,47.2, ,55, ,16, ,36,Y,21.5,Y,3.7, ,88.3, ,56.4, 
6,Davis,Sacramento Valley,11/11/2018,315,0.18, ,0.00, ,259, ,3.5,Y,69.8, ,37.9, ,55.7, ,48, ,13, ,23,Y,18.7,Y,9.7, ,233.7, ,55.4, 
6,Davis,Sacramento Valley,11/12/2018,316,0.06, ,0.00, ,222, ,5.0, ,67.8, ,30.8,Y,46.3, ,94, ,13, ,46, ,26.9, ,2.3, ,54.6, ,52.5, 
6,Davis,Sacramento Valley,11/13/2018,317,0.06, ,0.00, ,154, ,4.6,Y,63.2, ,35.7, ,47.3, ,57, ,23, ,41,Y,25.0,Y,2.8, ,66.2, ,52.7, 
6,Davis,Sacramento Valley,11/14/2018,318,0.07, ,0.00, ,218, ,4.6, ,65.1, ,31.2, ,46.5, ,66, ,20, ,43, ,25.3, ,2.9, ,69.4, ,52.5, 
6,Davis,Sacramento Valley,11/15/2018,319,0.05, ,0.00, ,182, ,5.4, ,61.8, ,32.6, ,44.5, ,71, ,32, ,54, ,29.1, ,2.6, ,61.6, ,52.3, 
6,Davis,Sacramento Valley,11/16/2018,320,0.05, ,0.00, ,182, ,5.5, ,65.4, ,31.2, ,45.3, ,79, ,26, ,53, ,29.4, ,2.2, ,51.9, ,51.9, 
6,Davis,Sacramento Valley,11/17/2018,321,0.06, ,0.00, ,214, ,5.6, ,67.4, ,31.6, ,46.1, ,79, ,25, ,53, ,29.8, ,2.1, ,49.7, ,51.6, 
6,Davis,Sacramento Valley,11/18/2018,322,0.06, ,0.00, ,208, ,5.4, ,65.9, ,29.2, ,45.0, ,73, ,26, ,53, ,28.7, ,2.5, ,61.2, ,51.5, 
6,Davis,Sacramento Valley,11/19/2018,323,0.07, ,0.00, ,196, ,5.8, ,66.8, ,33.4, ,47.6, ,70, ,26, ,51, ,30.6, ,3.4, ,80.6, ,51.0, 
6,Davis,Sacramento Valley,11/20/2018,324,0.06, ,0.00, ,219, ,6.1, ,65.3, ,31.8, ,47.7, ,74, ,33, ,54, ,31.9, ,2.2, ,53.0, ,51.1, 
6,Davis,Sacramento Valley,11/21/2018,325,0.01, ,1.06, ,43, ,11.1, ,55.4, ,41.6, ,50.6, ,100, ,62, ,88, ,47.3, ,4.0, ,96.5, ,51.3, 
6,Davis,Sacramento Valley,11/22/2018,326,0.06, ,0.13, ,206, ,12.7, ,63.3, ,50.3, ,55.7, ,100, ,62, ,84, ,50.9, ,8.8, ,211.1, ,52.3, 
6,Davis,Sacramento Valley,11/23/2018,327,0.00, ,0.16, ,54, ,14.9, ,58.4, ,52.5, ,55.6, ,100, ,96, ,99, ,55.3, ,9.5, ,228.3, ,53.4, 
6,Davis,Sacramento Valley,11/24/2018,328,0.05, ,0.19, ,205, ,14.9, ,64.6, ,50.6, ,58.0, ,100, ,72, ,91, ,55.2, ,6.1, ,146.1, ,54.8, 
6,Davis,Sacramento Valley,11/25/2018,329,0.06, ,0.00, ,246, ,11.2, ,64.0, ,44.3, ,53.1, ,98, ,56, ,82, ,47.6, ,3.0, ,72.2, ,55.2, 
6,Davis,Sacramento Valley,11/26/2018,330,0.03, ,0.01, ,145, ,11.7, ,64.1, ,42.2, ,52.4, ,99, ,66, ,87, ,48.6, ,2.7, ,65.0, ,54.8, 
6,Davis,Sacramento Valley,11/27/2018,331,0.00, ,0.10, ,45, ,13.7, ,56.6, ,47.0, ,53.6, ,99, ,91, ,98, ,53.0, ,4.0, ,96.9, ,54.8, 
6,Davis,Sacramento Valley,11/28/2018,332,0.03, ,0.42, ,153, ,14.7, ,65.1, ,54.3,Y,57.6, ,100, ,67, ,91, ,55.0, ,5.7, ,137.6, ,55.2, 
6,Davis,Sacramento Valley,11/29/2018,333,0.02, ,0.85, ,92, ,13.1, ,57.0, ,46.1, ,53.9, ,100, ,85, ,92, ,51.7, ,8.4, ,202.4, ,55.6, 
6,Davis,Sacramento Valley,11/30/2018,334,0.05, ,0.00, ,229, ,9.7, ,61.7, ,41.6, ,49.4, ,100, ,50, ,81, ,43.8, ,1.8, ,44.2, ,55.0, 
6,Davis,Sacramento Valley,12/1/2018,335,0.05, ,0.20, ,211, ,9.9, ,59.5, ,40.1, ,50.5, ,100, ,55, ,79, ,44.2, ,4.4, ,105.3, ,54.4, 
6,Davis,Sacramento Valley,12/2/2018,336,0.05, ,0.01, ,243, ,8.6, ,54.9, ,36.9, ,44.9, ,100, ,57, ,85, ,40.6, ,2.6, ,62.1, ,53.7, 
6,Davis,Sacramento Valley,12/3/2018,337,0.05, ,0.00, ,211, ,7.7, ,52.8, ,36.5, ,44.4, ,93, ,59, ,78, ,37.9, ,4.8, ,114.6, ,52.8, 
6,Davis,Sacramento Valley,12/4/2018,338,0.02, ,0.00, ,56, ,8.3, ,51.5, ,45.3, ,48.1, ,80, ,64, ,72, ,39.6, ,5.0, ,120.5, ,52.3, 
6,Davis,Sacramento Valley,12/5/2018,339,0.03, ,0.17, ,98, ,10.3, ,53.1, ,45.0, ,49.1, ,95, ,78, ,86, ,45.2, ,8.6, ,206.7, ,52.1, 
6,Davis,Sacramento Valley,12/6/2018,340,0.07, ,0.00, ,235, ,8.7, ,59.8, ,41.4, ,50.9, ,92, ,53, ,69, ,40.9, ,6.9, ,165.4, ,52.2, 
6,Davis,Sacramento Valley,12/7/2018,341,0.05, ,0.00, ,227, ,9.0, ,59.2, ,37.3, ,46.8, ,99, ,57, ,83, ,41.7, ,2.6, ,62.2, ,52.0, 
6,Davis,Sacramento Valley,12/8/2018,342,0.05, ,0.00, ,231, ,9.1, ,58.7, ,37.7, ,46.5, ,100, ,58, ,85, ,42.1, ,3.1, ,74.8, ,51.7, 
6,Davis,Sacramento Valley,12/9/2018,343,0.00, ,0.01, ,50, ,10.1, ,51.4, ,40.9, ,45.5, ,100, ,84, ,97, ,44.7, ,2.1, ,49.8, ,51.7, 
6,Davis,Sacramento Valley,12/10/2018,344,0.05, ,0.01, ,202, ,10.3, ,60.0, ,40.4, ,49.8, ,100, ,64, ,84, ,45.2, ,4.4, ,106.3, ,51.5, 
6,Davis,Sacramento Valley,12/11/2018,345,0.05, ,0.00, ,238, ,8.4, ,61.1, ,36.2, ,48.0, ,98, ,46, ,74, ,40.0, ,3.6, ,87.4, ,51.5, 
6,Davis,Sacramento Valley,12/12/2018,346,0.08, ,0.00, ,234, ,8.7, ,60.8, ,42.4, ,50.5, ,95, ,42, ,69, ,40.9, ,7.4, ,176.7, ,51.4, 
6,Davis,Sacramento Valley,12/13/2018,347,0.05, ,0.00, ,225, ,9.1, ,57.5, ,35.0, ,45.7, ,100, ,63, ,87, ,42.0, ,2.4, ,57.8, ,51.2, 
6,Davis,Sacramento Valley,12/14/2018,348,0.01, ,0.00, ,76, ,11.1, ,59.9, ,38.9, ,49.0, ,98, ,74, ,94, ,47.3, ,4.1, ,97.8, ,50.9, 
6,Davis,Sacramento Valley,12/15/2018,349,0.02, ,0.00, ,122, ,12.6, ,56.1, ,44.1, ,51.2, ,100, ,90, ,98, ,50.7, ,2.4, ,57.8, ,51.5, 
6,Davis,Sacramento Valley,12/16/2018,350,0.00, ,0.83, ,31, ,12.3, ,54.7, ,44.7, ,50.2, ,100, ,95, ,99, ,50.0, ,5.3, ,126.4, ,51.7, 
6,Davis,Sacramento Valley,12/17/2018,351,0.03, ,0.13, ,168, ,12.5, ,60.3, ,46.6, ,53.1, ,100, ,67, ,91, ,50.5, ,3.3, ,78.3, ,52.1, 
6,Davis,Sacramento Valley,12/18/2018,352,0.04, ,0.00, ,200, ,11.9, ,62.0, ,41.8, ,51.5, ,100, ,73, ,92, ,49.2, ,3.8, ,91.7, ,52.6, 
6,Davis,Sacramento Valley,12/19/2018,353,0.05, ,0.00, ,222, ,12.7, ,63.7, ,45.9, ,53.7, ,100, ,67, ,90, ,51.0, ,4.7, ,112.8, ,53.0, 
6,Davis,Sacramento Valley,12/20/2018,354,0.00, ,0.04, ,43, ,11.9, ,52.4, ,43.1, ,49.7, ,100, ,90, ,98, ,49.1, ,2.5, ,59.1, ,53.1, 
6,Davis,Sacramento Valley,12/21/2018,355,0.02, ,0.07, ,125, ,12.1, ,57.0, ,44.6, ,51.1, ,100, ,80, ,94, ,49.5, ,5.3, ,127.4, ,53.0, 
6,Davis,Sacramento Valley,12/22/2018,356,0.04, ,0.00, ,154, ,8.2, ,54.4, ,40.4, ,47.8, ,90, ,56, ,73, ,39.5, ,4.7, ,114.0, ,52.6, 
6,Davis,Sacramento Valley,12/23/2018,357,0.03, ,0.01, ,136, ,10.5, ,55.7, ,42.7, ,48.9, ,99, ,74, ,89, ,45.8, ,3.7, ,87.7, ,52.2, 
6,Davis,Sacramento Valley,12/24/2018,358,0.00, ,0.46, ,49, ,12.0, ,55.6, ,46.9, ,50.2, ,100, ,84, ,97, ,49.3, ,5.6, ,134.9, ,52.3, 
6,Davis,Sacramento Valley,12/25/2018,359,0.09, ,0.03, ,235, ,8.9, ,60.7, ,41.8, ,51.5, ,100, ,47, ,69, ,41.6, ,10.1, ,241.4, ,52.1, 
6,Davis,Sacramento Valley,12/26/2018,360,0.07, ,0.00, ,223, ,7.2, ,58.8, ,39.9, ,49.3, ,81, ,46, ,60, ,36.1, ,5.4, ,128.7, ,51.7, 
6,Davis,Sacramento Valley,12/27/2018,361,0.11, ,0.00, ,237, ,6.7, ,56.9, ,37.2, ,47.2, ,96, ,39, ,60, ,34.2, ,11.0, ,263.4, ,51.1, 
6,Davis,Sacramento Valley,12/28/2018,362,0.12, ,0.00, ,241, ,5.4, ,55.2, ,42.1, ,47.8, ,60, ,39, ,48, ,29.0, ,12.3,Y,296.1,Y,50.1, 
6,Davis,Sacramento Valley,12/29/2018,363,0.06, ,0.00, ,225, ,6.7, ,56.4, ,34.4, ,45.3, ,90, ,45, ,65, ,34.4, ,3.4, ,81.5, ,49.7, 
6,Davis,Sacramento Valley,12/30/2018,364,0.05, ,0.00, ,230, ,8.0, ,56.4, ,32.2, ,44.3, ,100, ,58, ,81, ,38.7, ,3.5, ,83.5, ,49.5, 
6,Davis,Sacramento Valley,12/31/2018,365,0.14, ,0.00, ,244, ,5.3, ,54.2, ,38.4, ,46.6, ,93, ,33, ,49, ,28.6, ,15.2,R,363.9,R,49.0, 
6,Davis,Sacramento Valley,1/1/2019,001,0.12, ,0.00, ,241, ,4.1, ,54.6, ,35.0, ,44.8, ,69, ,25, ,41, ,22.4, ,10.9,Y,262.4,Y,48.1, 
6,Davis,Sacramento Valley,1/2/2019,002,0.05, ,0.00, ,231, ,6.2, ,53.4, ,29.3, ,40.0, ,93, ,47, ,73, ,32.2, ,2.2, ,53.0, ,47.7, 
6,Davis,Sacramento Valley,1/3/2019,003,0.04, ,0.00, ,197, ,6.8, ,53.0, ,30.9, ,40.4, ,97, ,56, ,79, ,34.6, ,3.3, ,78.7, ,47.2, 
6,Davis,Sacramento Valley,1/4/2019,004,0.04, ,1.50, ,198, ,7.3, ,55.8, ,32.8, ,41.0, ,100, ,49, ,83, ,36.4, ,2.2, ,51.9, ,45.4, 
6,Davis,Sacramento Valley,1/5/2019,005,0.00, ,0.29, ,29, ,9.3, ,51.3, ,34.5, ,43.4, ,100, ,78, ,97, ,42.5, ,6.7, ,161.1, ,45.8, 
6,Davis,Sacramento Valley,1/6/2019,006,0.00, ,1.98, ,32, ,11.0, ,50.8, ,43.3, ,47.2, ,100, ,96, ,100, ,47.1, ,10.6, ,255.2, ,46.4, 
6,Davis,Sacramento Valley,1/7/2019,007,0.02, ,0.00, ,128, ,11.5, ,57.3, ,47.5, ,50.6, ,100, ,73, ,92, ,48.2, ,5.9, ,141.8, ,47.6, 
6,Davis,Sacramento Valley,1/8/2019,008,0.00, ,0.11, ,49, ,12.1, ,54.2, ,47.6, ,50.5, ,100, ,89, ,96, ,49.5, ,4.1, ,98.9, ,48.4, 
6,Davis,Sacramento Valley,1/9/2019,009,0.05, ,0.06, ,179, ,13.6, ,61.5, ,49.7, ,55.6,Y,100, ,76, ,90,Y,52.7,Y,8.0, ,192.0, ,49.4, 
6,Davis,Sacramento Valley,1/10/2019,010,0.02, ,0.01, ,134, ,11.6, ,52.0, ,43.6, ,48.5, ,100, ,100, ,100, ,48.5, ,3.3, ,79.5, ,50.3, 
6,Davis,Sacramento Valley,1/11/2019,011,0.02, ,0.02, ,99, ,12.4, ,56.0, ,47.2, ,50.9, ,100, ,88, ,97, ,50.2, ,4.6, ,109.6, ,50.6, 
6,Davis,Sacramento Valley,1/12/2019,012,0.05, ,0.00, ,240, ,11.1, ,61.7, ,41.6, ,50.4, ,100, ,65, ,89, ,47.3, ,3.1, ,73.3, ,50.7, 
6,Davis,Sacramento Valley,1/13/2019,013,0.05, ,0.00, ,216, ,10.4, ,59.8, ,40.7, ,48.4, ,100, ,67, ,90, ,45.6, ,3.9, ,93.7, ,50.4, 
6,Davis,Sacramento Valley,1/14/2019,014,0.02, ,0.09, ,74, ,9.8, ,52.4, ,39.0, ,47.5, ,100, ,61, ,87, ,43.9, ,4.7, ,113.5, ,50.0, 
6,Davis,Sacramento Valley,1/15/2019,015,0.00, ,1.15, ,36, ,11.8, ,53.5, ,44.3, ,49.1, ,100, ,97, ,100, ,49.0, ,5.3, ,126.1, ,49.6, 
6,Davis,Sacramento Valley,1/16/2019,016,0.00, ,1.70, ,30, ,13.6, ,57.3, ,51.2, ,53.7, ,100, ,88, ,96, ,52.7, ,10.5, ,253.0, ,50.4, 
6,Davis,Sacramento Valley,1/17/2019,017,0.04, ,0.02, ,149, ,12.7, ,60.0, ,51.4, ,55.4, ,95, ,70, ,85, ,50.8, ,9.3, ,222.1, ,52.5, 
6,Davis,Sacramento Valley,1/18/2019,018,0.03, ,0.01, ,146, ,12.8, ,61.2, ,49.7, ,54.0, ,100, ,65, ,90, ,51.0, ,2.8, ,67.2, ,52.5, 
6,Davis,Sacramento Valley,1/19/2019,019,0.06, ,0.00, ,239, ,14.1, ,65.1, ,52.3,Y,56.8,Y,100, ,73, ,89,Y,53.7,Y,3.1, ,74.7, ,53.0, 
6,Davis,Sacramento Valley,1/20/2019,020,0.06, ,0.02, ,176, ,12.6, ,63.4, ,47.0, ,54.5, ,100, ,70, ,87, ,50.6, ,10.0, ,239.8, ,53.6, 
6,Davis,Sacramento Valley,1/21/2019,021,0.07, ,0.00, ,280, ,8.3, ,57.9, ,39.9, ,49.6, ,89, ,53, ,69, ,39.8, ,6.0, ,143.9, ,53.0, 
6,Davis,Sacramento Valley,1/22/2019,022,0.09, ,0.00, ,267, ,6.8, ,58.8, ,42.9, ,49.3, ,80, ,39, ,57, ,34.7, ,8.7, ,207.9, ,51.7, 
6,Davis,Sacramento Valley,1/23/2019,023,0.06, ,0.00, ,270, ,8.6, ,57.7, ,34.0, ,45.8, ,100, ,56, ,82, ,40.7, ,3.3, ,78.6, ,50.6, 
6,Davis,Sacramento Valley,1/24/2019,024,0.06, ,0.00, ,289, ,9.3, ,59.7, ,35.8, ,47.0, ,100, ,57, ,84, ,42.5, ,2.6, ,63.3, ,50.1, 
6,Davis,Sacramento Valley,1/25/2019,025,0.08, ,0.00, ,295, ,9.0, ,63.5, ,38.2, ,48.3, ,100, ,41, ,78, ,41.7, ,3.6, ,85.4, ,49.7, 
6,Davis,Sacramento Valley,1/26/2019,026,0.05, ,0.00, ,207, ,10.2, ,62.3, ,35.3, ,48.5, ,100, ,52, ,87, ,44.9, ,2.1, ,50.4, ,49.4, 
6,Davis,Sacramento Valley,1/27/2019,027,0.08, ,0.00, ,280, ,10.8, ,66.7, ,39.7, ,52.4, ,100, ,48, ,80, ,46.5, ,4.0, ,95.9, ,49.7, 
6,Davis,Sacramento Valley,1/28/2019,028,0.05, ,0.00, ,214, ,12.0, ,65.1, ,44.3, ,53.3, ,100, ,59, ,86, ,49.4, ,2.3, ,55.6, ,50.3, 
6,Davis,Sacramento Valley,1/29/2019,029,0.06, ,0.00, ,233, ,12.8, ,66.3, ,46.7, ,54.5, ,100, ,59, ,88, ,51.1, ,2.6, ,61.3, ,51.0, 
6,Davis,Sacramento Valley,1/30/2019,030,0.05, ,0.01, ,242, ,12.8, ,64.2, ,44.9, ,53.0, ,100, ,69, ,93, ,51.2, ,2.6, ,63.1, ,51.6, 
6,Davis,Sacramento Valley,1/31/2019,031,0.07, ,0.00, ,273, ,13.0, ,65.8, ,46.8, ,55.2, ,100, ,64, ,87, ,51.5, ,3.2, ,76.3, ,52.1, 
6,Davis,Sacramento Valley,2/1/2019,032,0.02, ,0.51, ,115, ,13.5, ,58.4, ,49.9, ,53.7, ,100, ,79, ,96, ,52.5, ,6.0, ,143.8, ,52.4, 
6,Davis,Sacramento Valley,2/2/2019,033,0.04, ,0.66, ,158, ,12.5, ,60.5, ,50.5, ,54.4, ,99, ,64, ,86, ,50.4, ,9.4, ,226.0, ,52.5, 
6,Davis,Sacramento Valley,2/3/2019,034,0.05, ,0.15, ,182, ,11.6, ,59.2, ,48.4, ,51.9, ,100, ,72, ,88, ,48.4, ,10.7, ,256.4, ,52.3, 
6,Davis,Sacramento Valley,2/4/2019,035,0.04, ,0.46, ,192, ,9.1, ,51.2, ,39.3, ,46.8, ,99, ,64, ,84, ,42.2, ,9.1, ,218.7, ,51.7, 
6,Davis,Sacramento Valley,2/5/2019,036,0.06, ,0.00, ,305, ,6.6, ,53.2, ,33.3, ,41.5, ,98, ,44, ,74, ,34.0, ,4.7, ,112.6, ,50.3, 
6,Davis,Sacramento Valley,2/6/2019,037,0.07, ,0.01, ,332, ,7.1, ,52.3, ,31.8, ,41.0, ,100, ,51, ,81, ,35.8, ,3.1, ,74.4, ,49.1, 
6,Davis,Sacramento Valley,2/7/2019,038,0.05, ,0.00, ,274, ,7.2, ,51.8, ,32.0, ,41.1, ,100, ,55, ,82, ,36.2, ,2.5, ,61.1, ,48.3, 
6,Davis,Sacramento Valley,2/8/2019,039,0.03, ,0.36, ,165, ,8.5, ,50.7, ,38.3, ,43.8, ,100, ,64, ,87, ,40.3, ,4.7, ,113.9, ,47.9, 
6,Davis,Sacramento Valley,2/9/2019,040,0.02, ,0.13, ,125, ,9.7, ,51.2, ,40.1, ,45.6, ,100, ,79, ,93, ,43.6, ,9.1, ,217.5, ,48.1, 
6,Davis,Sacramento Valley,2/10/2019,041,0.07, ,0.00, ,298, ,6.8, ,55.5, ,35.4, ,44.6, ,98, ,42, ,68, ,34.8, ,4.5, ,108.5, ,48.3, 
6,Davis,Sacramento Valley,2/11/2019,042,0.06, ,0.00, ,283, ,7.3, ,53.7, ,33.0, ,42.7, ,100, ,52, ,79, ,36.6, ,4.0, ,95.5, ,47.8, 
6,Davis,Sacramento Valley,2/12/2019,043,0.01, ,0.19, ,78, ,7.7, ,45.4,Y,35.2, ,41.2, ,100, ,79, ,88, ,37.8, ,3.6, ,86.3, ,47.3, 
6,Davis,Sacramento Valley,2/13/2019,044,0.00, ,2.22, ,51, ,11.6, ,58.0, ,41.3, ,48.6, ,100, ,81, ,100, ,48.5, ,6.6, ,159.4, ,46.8, 
6,Davis,Sacramento Valley,2/14/2019,045,0.07, ,0.72, ,221, ,12.5, ,61.7, ,47.6, ,54.9, ,100, ,66, ,85, ,50.5, ,13.5,Y,323.8,Y,50.3, 
6,Davis,Sacramento Valley,2/15/2019,046,0.06, ,0.20, ,254, ,8.8, ,54.0, ,39.8, ,46.2, ,94, ,62, ,83, ,41.2, ,6.8, ,164.1, ,49.8, 
6,Davis,Sacramento Valley,2/16/2019,047,0.08, ,0.00, ,317, ,8.2, ,55.9, ,40.1, ,47.0, ,97, ,53, ,75, ,39.5, ,6.6, ,157.8, ,48.9, 
6,Davis,Sacramento Valley,2/17/2019,048,0.08, ,0.03, ,333, ,7.5, ,51.6, ,38.0, ,44.0, ,95, ,54, ,77, ,37.2, ,5.8, ,138.5, ,48.4, 
6,Davis,Sacramento Valley,2/18/2019,049,0.12, ,0.00, ,394,R,5.5, ,53.7, ,38.7, ,44.9, ,71, ,38, ,54, ,29.5, ,10.2, ,245.5, ,47.7, 
6,Davis,Sacramento Valley,2/19/2019,050,0.10, ,0.00, ,394, ,5.9, ,56.3, ,36.7, ,46.1, ,79, ,34, ,55, ,31.0, ,7.5, ,179.6, ,47.0, 
6,Davis,Sacramento Valley,2/20/2019,051,0.07,H,0.02,H,341,H,7.7,H,57.0, ,39.3, ,49.3,H,97,H,46,H,64, ,37.7, ,4.0,H,96.6,H,47.5,H
6,Davis,Sacramento Valley,2/21/2019,052,0.14, ,0.00, ,405, ,5.9, ,54.7, ,34.7, ,45.2, ,98, ,34, ,58, ,31.2, ,11.7, ,281.2, ,47.4, 
6,Davis,Sacramento Valley,2/22/2019,053,0.12, ,0.00, ,414,R,4.6,Y,56.2, ,36.7, ,45.6, ,80, ,30, ,44,Y,25.0,Y,8.2, ,197.3, ,47.0, 
6,Davis,Sacramento Valley,2/23/2019,054,0.06, ,0.00, ,224, ,6.8, ,55.1, ,34.6, ,45.2, ,89, ,41, ,66, ,34.6, ,4.2, ,100.7, ,46.7, 
6,Davis,Sacramento Valley,2/24/2019,055,0.06, ,0.00, ,212, ,9.5, ,57.1, ,43.7, ,49.8, ,96, ,61, ,78, ,43.2, ,5.1, ,121.5, ,47.1, 
6,Davis,Sacramento Valley,2/25/2019,056,0.01, ,0.29, ,72, ,11.1, ,54.4, ,46.2, ,50.7, ,97, ,73, ,88, ,47.2, ,8.1, ,193.8, ,47.9, 
6,Davis,Sacramento Valley,2/26/2019,057,0.00, ,1.83, ,48, ,12.5, ,53.9, ,49.8, ,51.3, ,100, ,89, ,97, ,50.5, ,7.8, ,186.2, ,49.0, 
6,Davis,Sacramento Valley,2/27/2019,058,0.06, ,0.83, ,216, ,12.5, ,61.7, ,49.1, ,53.1, ,100, ,80, ,91, ,50.4, ,10.5, ,252.4, ,49.2, 
6,Davis,Sacramento Valley,2/28/2019,059,0.09, ,0.00, ,339, ,8.9, ,58.2, ,47.3, ,51.5, ,86, ,49, ,69, ,41.5, ,4.5, ,107.4, ,50.0, 
6,Davis,Sacramento Valley,3/1/2019,060,0.05, ,0.00, ,216, ,10.3, ,57.7, ,44.8, ,51.0, ,96, ,63, ,81, ,45.3, ,3.3, ,78.1, ,50.1, 
6,Davis,Sacramento Valley,3/2/2019,061,0.01, ,0.93, ,113, ,12.1, ,55.6, ,47.2, ,50.3, ,100, ,88, ,98, ,49.7, ,6.8, ,164.1, ,50.4, 
6,Davis,Sacramento Valley,3/3/2019,062,0.08, ,0.00, ,310, ,12.7, ,64.1, ,46.5, ,54.4, ,100, ,72, ,88, ,50.8, ,6.1, ,147.0, ,50.6, 
6,Davis,Sacramento Valley,3/4/2019,063,0.08, ,0.00, ,297, ,11.5, ,60.0, ,46.6, ,53.0, ,99, ,63, ,84, ,48.2, ,5.2, ,123.8, ,51.4, 
6,Davis,Sacramento Valley,3/5/2019,064,0.01, ,0.16, ,94, ,12.8, ,55.6, ,49.0, ,52.3, ,100, ,86, ,95, ,51.0, ,6.1, ,146.5, ,51.6, 
6,Davis,Sacramento Valley,3/6/2019,065,0.05, ,1.07, ,216, ,13.5, ,58.8, ,51.6, ,54.4, ,100, ,70, ,93, ,52.6, ,10.4, ,249.3, ,52.0, 
6,Davis,Sacramento Valley,3/7/2019,066,0.07, ,0.00, ,273, ,10.0, ,59.0, ,44.4, ,51.5, ,96, ,56, ,77, ,44.6, ,7.0, ,168.1, ,52.2, 
6,Davis,Sacramento Valley,3/8/2019,067,0.10, ,0.00, ,404, ,7.8, ,58.1, ,40.0, ,48.2, ,90, ,45, ,68, ,38.0, ,5.5, ,132.7, ,51.7, 
6,Davis,Sacramento Valley,3/9/2019,068,0.04, ,0.28, ,166, ,9.1, ,53.7, ,42.9, ,47.0, ,91, ,69, ,83, ,42.1, ,6.8, ,163.8, ,50.9, 
6,Davis,Sacramento Valley,3/10/2019,069,0.08, ,0.04, ,332, ,9.7, ,58.4, ,45.0, ,49.7, ,99, ,63, ,80, ,43.7, ,5.6, ,135.0, ,50.4, 
6,Davis,Sacramento Valley,3/11/2019,070,0.15, ,0.00, ,484,R,8.0, ,65.1, ,43.6, ,52.8, ,80, ,35, ,58, ,38.7, ,7.9, ,188.6, ,50.7, 
6,Davis,Sacramento Valley,3/12/2019,071,0.15, ,0.00, ,425, ,7.7, ,65.9, ,38.8, ,53.2, ,89, ,37, ,56, ,37.9, ,7.2, ,172.5, ,50.6, 
6,Davis,Sacramento Valley,3/13/2019,072,0.18, ,0.00, ,505,R,5.8, ,61.1, ,43.4, ,51.5, ,62, ,29, ,44, ,30.6, ,11.0, ,264.3, ,50.5, 
6,Davis,Sacramento Valley,3/14/2019,073,0.16, ,0.00, ,504,R,6.4, ,64.3, ,43.4, ,53.0, ,81, ,27, ,47, ,33.3, ,7.2, ,172.7, ,50.2, 
6,Davis,Sacramento Valley,3/15/2019,074,0.14, ,0.00, ,499, ,7.7, ,67.2, ,36.6, ,52.4, ,97, ,26, ,57, ,37.7, ,3.9, ,94.7, ,50.1, 
6,Davis,Sacramento Valley,3/16/2019,075,0.14, ,0.00, ,505,R,9.3, ,73.0, ,38.1, ,55.1, ,100, ,33, ,63, ,42.5, ,3.2, ,76.4, ,50.3, 
6,Davis,Sacramento Valley,3/17/2019,076,0.14, ,0.00, ,484, ,10.1, ,72.6, ,39.6, ,56.4, ,99, ,36, ,65, ,44.9, ,2.9, ,69.9, ,51.0, 
6,Davis,Sacramento Valley,3/18/2019,077,0.15, ,0.00, ,503, ,11.0, ,76.9, ,43.2, ,59.1, ,97, ,31, ,64, ,47.1, ,3.3, ,79.7, ,51.5, 
6,Davis,Sacramento Valley,3/19/2019,078,0.11, ,0.06, ,353, ,11.4, ,72.6, ,47.7, ,60.0, ,95, ,44, ,65, ,48.0, ,3.6, ,86.4, ,52.2, 
6,Davis,Sacramento Valley,3/20/2019,079,0.10, ,0.28, ,344, ,11.7, ,63.5, ,45.4, ,54.2, ,100, ,53, ,81, ,48.6, ,6.9, ,164.8, ,53.0, 
6,Davis,Sacramento Valley,3/21/2019,080,0.14, ,0.00, ,521, ,9.8, ,65.2, ,37.6, ,51.9, ,100, ,48, ,75, ,44.1, ,3.7, ,89.7, ,52.5, 
6,Davis,Sacramento Valley,3/22/2019,081,0.02, ,0.46, ,144, ,11.7, ,55.3, ,42.9, ,50.7, ,100, ,83, ,92, ,48.6, ,4.9, ,117.5, ,52.3, 
6,Davis,Sacramento Valley,3/23/2019,082,0.12, ,0.42, ,428, ,11.9, ,65.7, ,45.5, ,54.9, ,100, ,45, ,81, ,49.1, ,5.2, ,124.9, ,52.5, 
6,Davis,Sacramento Valley,3/24/2019,083,0.12, ,0.00, ,458, ,10.3, ,63.9, ,41.6, ,52.3, ,100, ,49, ,77, ,45.4, ,3.8, ,90.0, ,52.9, 
6,Davis,Sacramento Valley,3/25/2019,084,0.03, ,0.58, ,155, ,12.5, ,62.4, ,46.4, ,53.6, ,100, ,61, ,89, ,50.5, ,5.6, ,134.1, ,52.7, 
6,Davis,Sacramento Valley,3/26/2019,085,0.08, ,0.15, ,256, ,11.6, ,65.6, ,48.9, ,56.8, ,100, ,12, ,73, ,48.4, ,4.0, ,95.9, ,53.3, 
6,Davis,Sacramento Valley,3/27/2019,086,0.08, ,0.31, ,255, ,10.8, ,63.5, ,48.5, ,55.8, ,100, ,0, ,71, ,46.7, ,8.1, ,194.5, ,54.3, 
6,Davis,Sacramento Valley,3/28/2019,087,0.11, ,0.33, ,271, ,4.6,Y,62.3, ,46.9, ,52.1, ,100,H,0,H,34,Y,24.9,Y,4.9, ,118.7, ,54.0, 
6,Davis,Sacramento Valley,3/29/2019,088,0.16, ,0.00, ,528, ,2.6,Y,64.7, ,39.6, ,52.4, ,89,H,0,H,19,Y,11.4,Y,4.0, ,96.9, ,53.6, 
6,Davis,Sacramento Valley,3/30/2019,089,0.18,H,0.00, ,546, ,0.1,R,70.9, ,41.9, ,56.0, ,3,H,0,H,,R,,I,5.1, ,122.5, ,53.2, 
6,Davis,Sacramento Valley,3/31/2019,090,0.16,H,0.00, ,502, ,0.2,R,74.1, ,42.5, ,59.3, ,16,H,0,H,,R,,I,3.5, ,82.9, ,53.1, 
6,Davis,Sacramento Valley,4/1/2019,091,0.09, ,0.05, ,219, ,0.8,R,67.0, ,50.8, ,58.0, ,57,H,0,H,,R,,I,2.9, ,68.7, ,54.0, 
6,Davis,Sacramento Valley,4/2/2019,092,0.17,H,0.03, ,303, ,0.0,R,65.1, ,51.2, ,56.8, ,0,H,0,H,,R,,I,6.6, ,157.6, ,54.7, 
6,Davis,Sacramento Valley,4/3/2019,093,0.18,H,0.00, ,379, ,0.0,R,65.2, ,51.9, ,57.8, ,0,H,0,H,,R,,I,5.5, ,133.1, ,55.1, 
6,Davis,Sacramento Valley,4/4/2019,094,0.16,H,0.00, ,344, ,0.0,R,64.7, ,51.9, ,58.2, ,0,H,0,H,,R,,I,5.9, ,142.1, ,55.6, 
6,Davis,Sacramento Valley,4/5/2019,095,0.18,H,0.07, ,212, ,0.0,R,63.3, ,50.2, ,55.5, ,0,H,0,H,,R,,I,5.6, ,135.1, ,55.6, 
6,Davis,Sacramento Valley,4/6/2019,096,0.15,H,0.00, ,300, ,0.0,R,67.6, ,52.9, ,59.5, ,0,H,0,H,,R,,I,5.0, ,121.0, ,55.7, 
6,Davis,Sacramento Valley,4/7/2019,097,0.19,H,0.00, ,515, ,0.0,R,74.9, ,54.9,Y,64.3, ,0,H,0,H,,R,,I,5.5, ,131.6, ,56.5, 
6,Davis,Sacramento Valley,4/8/2019,098,0.20,H,0.00, ,427, ,0.0,R,74.1, ,55.5,Y,63.9, ,0,H,0,H,,R,,I,7.0, ,168.0, ,57.7, 
6,Davis,Sacramento Valley,4/9/2019,099,0.22,H,0.01,H,613,R,3.7,Y,74.4, ,48.8, ,59.0, ,53,H,0,H,22,Y,19.8,Y,8.6, ,207.3, ,57.9, 
6,Davis,Sacramento Valley,4/10/2019,100,0.26, ,0.00, ,616,R,7.1, ,71.3, ,47.9, ,60.0, ,60, ,27, ,40, ,35.9, ,11.1, ,267.0, ,56.6, 
6,Davis,Sacramento Valley,4/11/2019,101,0.14, ,0.00, ,357, ,8.8, ,68.7, ,49.1, ,59.9, ,75, ,33, ,50, ,41.1, ,7.2, ,172.2, ,56.2, 
6,Davis,Sacramento Valley,4/12/2019,102,0.24, ,0.00, ,618,R,8.5, ,74.3, ,48.4, ,60.6, ,74, ,27, ,47, ,40.5, ,8.9, ,214.4, ,55.9, 
6,Davis,Sacramento Valley,4/13/2019,103,0.20, ,0.00, ,586, ,10.5, ,76.9, ,46.1, ,61.9, ,81, ,34, ,56, ,45.8, ,5.0, ,118.8, ,56.1, 
6,Davis,Sacramento Valley,4/14/2019,104,0.19, ,0.00, ,512, ,10.9, ,74.9, ,49.1, ,60.7, ,91, ,44, ,60, ,46.8, ,8.3, ,199.7, ,56.8, 
6,Davis,Sacramento Valley,4/15/2019,105,0.06, ,0.03, ,163, ,9.1, ,59.3, ,48.8, ,53.2, ,92, ,47, ,66, ,42.2, ,6.5, ,156.9, ,56.5, 
6,Davis,Sacramento Valley,4/16/2019,106,0.13, ,0.00, ,454, ,11.1, ,67.6, ,48.3, ,56.2, ,96, ,42, ,72, ,47.3, ,5.5, ,132.2, ,55.6, 
6,Davis,Sacramento Valley,4/17/2019,107,0.20, ,0.00, ,630, ,11.2, ,78.1, ,43.3, ,61.4, ,96, ,28, ,60, ,47.5, ,3.8, ,90.6, ,55.9, 
6,Davis,Sacramento Valley,4/18/2019,108,0.21, ,0.00, ,631, ,12.8, ,83.3, ,47.3, ,66.1, ,94, ,33, ,58, ,51.0, ,3.2, ,76.7, ,57.1, 
6,Davis,Sacramento Valley,4/19/2019,109,0.20, ,0.00, ,535, ,13.7, ,83.7, ,50.6, ,66.5, ,93, ,32, ,61, ,52.9, ,5.2, ,125.2, ,58.5, 
6,Davis,Sacramento Valley,4/20/2019,110,0.22, ,0.00, ,595, ,12.6, ,72.6, ,51.9, ,61.3, ,89, ,50, ,68, ,50.6, ,9.6, ,231.6, ,59.1, 
6,Davis,Sacramento Valley,4/21/2019,111,0.25, ,0.00, ,657,R,9.9, ,78.6, ,45.4, ,62.5, ,97, ,23, ,51, ,44.2, ,7.1, ,171.4, ,58.9, 
6,Davis,Sacramento Valley,4/22/2019,112,0.31, ,0.00, ,659,R,9.0, ,86.6, ,50.6, ,69.9, ,74, ,18, ,36, ,41.9, ,8.8, ,212.3, ,58.7, 
6,Davis,Sacramento Valley,4/23/2019,113,0.26, ,0.00, ,632, ,12.6, ,89.5, ,61.0,Y,74.5,Y,76, ,26, ,43,Y,50.6,Y,6.2, ,147.9, ,59.6, 
6,Davis,Sacramento Valley,4/24/2019,114,0.23, ,0.00, ,631, ,16.2,Y,91.1, ,56.9, ,74.0,Y,89, ,31, ,56,Y,57.5,Y,3.4, ,81.1, ,61.1, 
6,Davis,Sacramento Valley,4/25/2019,115,0.23, ,0.00, ,650, ,15.0, ,88.0, ,55.3, ,70.1, ,87, ,34, ,60, ,55.4, ,4.5, ,108.2, ,62.7, 
6,Davis,Sacramento Valley,4/26/2019,116,0.22, ,0.00, ,642, ,12.9, ,87.7, ,49.1, ,67.3, ,93, ,25, ,57, ,51.4, ,4.4, ,105.9, ,62.7, 
6,Davis,Sacramento Valley,4/27/2019,117,0.22, ,0.00, ,653, ,13.3, ,78.4, ,50.3, ,63.5, ,96, ,44, ,67, ,52.2, ,5.5, ,131.4, ,62.8, 
6,Davis,Sacramento Valley,4/28/2019,118,0.19, ,0.00, ,602, ,12.5, ,79.1, ,49.0, ,62.3, ,93, ,35, ,65, ,50.5, ,5.0, ,118.8, ,62.2, 
6,Davis,Sacramento Valley,4/29/2019,119,0.23, ,0.00, ,655, ,12.1, ,75.7, ,48.7, ,62.0, ,97, ,42, ,64, ,49.5, ,6.7, ,161.3, ,62.3, 
6,Davis,Sacramento Valley,4/30/2019,120,0.21, ,0.00, ,601, ,10.3, ,71.2, ,51.3, ,60.4, ,79, ,38, ,57, ,45.2, ,7.3, ,175.5, ,61.9, 
6,Davis,Sacramento Valley,5/1/2019,121,0.25, ,0.00, ,695,R,7.8, ,79.1, ,46.4, ,63.1, ,89, ,12, ,40, ,38.3, ,5.4, ,129.5, ,61.4, 
6,Davis,Sacramento Valley,5/2/2019,122,0.23, ,0.01,H,686,R,9.0, ,81.5, ,48.8, ,64.6, ,86, ,20, ,43, ,41.7, ,4.2, ,99.7, ,61.3, 
6,Davis,Sacramento Valley,5/3/2019,123,0.23, ,0.00, ,671, ,9.4, ,82.2, ,49.0, ,65.1, ,91, ,20, ,45, ,43.0, ,4.0, ,96.4, ,61.8, 
6,Davis,Sacramento Valley,5/4/2019,124,0.23, ,0.00, ,701,R,9.6, ,81.1, ,43.7, ,61.3, ,88, ,19, ,52, ,43.4, ,4.6, ,109.5, ,62.2, 
6,Davis,Sacramento Valley,5/5/2019,125,0.23, ,0.00, ,693,R,10.7, ,75.7, ,43.8, ,59.2, ,94, ,43, ,62, ,46.4, ,6.9, ,165.4, ,62.1, 
6,Davis,Sacramento Valley,5/6/2019,126,0.21, ,0.00, ,640, ,11.5, ,69.3, ,49.4, ,59.1, ,83, ,55, ,67, ,48.3, ,7.7, ,185.1, ,62.0, 
6,Davis,Sacramento Valley,5/7/2019,127,0.21, ,0.00, ,668, ,12.9, ,75.0, ,48.4, ,61.7, ,96, ,48, ,69, ,51.2, ,5.1, ,123.1, ,62.0, 
6,Davis,Sacramento Valley,5/8/2019,128,0.22, ,0.00, ,674, ,13.8, ,82.0, ,50.4, ,64.1, ,93, ,37, ,67, ,53.2, ,4.6, ,111.1, ,62.6, 
6,Davis,Sacramento Valley,5/9/2019,129,0.22, ,0.00, ,664, ,14.1, ,77.0, ,50.8, ,62.9, ,97, ,52, ,72, ,53.7, ,5.6, ,135.3, ,63.4, 
6,Davis,Sacramento Valley,5/10/2019,130,0.27, ,0.00, ,683, ,11.9, ,84.9, ,51.0, ,68.3, ,93, ,21, ,50, ,49.2, ,7.7, ,184.1, ,63.6, 
6,Davis,Sacramento Valley,5/11/2019,131,0.23, ,0.00, ,691, ,13.1, ,81.8, ,50.3, ,64.2, ,95, ,39, ,64, ,51.8, ,6.1, ,146.7, ,63.8, 
6,Davis,Sacramento Valley,5/12/2019,132,0.23, ,0.00, ,682, ,13.3, ,81.9, ,49.9, ,64.5, ,92, ,44, ,64, ,52.2, ,5.3, ,127.2, ,64.1, 
6,Davis,Sacramento Valley,5/13/2019,133,0.26, ,0.00, ,650, ,11.2, ,84.4, ,50.1, ,65.8, ,88, ,28, ,51, ,47.4, ,6.5, ,156.6, ,64.1, 
6,Davis,Sacramento Valley,5/14/2019,134,0.18, ,0.00, ,477, ,11.9, ,74.6, ,53.0, ,62.1, ,79, ,44, ,63, ,49.2, ,7.1, ,171.5, ,63.8, 
6,Davis,Sacramento Valley,5/15/2019,135,0.06, ,1.14, ,204, ,14.7, ,64.7, ,53.5, ,59.1, ,97, ,72, ,86, ,54.8, ,8.0, ,192.7, ,63.4, 
6,Davis,Sacramento Valley,5/16/2019,136,0.13, ,0.11, ,397, ,11.8, ,61.4, ,51.9, ,55.4, ,91, ,66, ,79, ,48.9, ,10.3, ,248.1, ,62.3, 
6,Davis,Sacramento Valley,5/17/2019,137,0.20, ,0.00, ,644, ,11.4, ,68.5, ,49.1, ,58.2, ,89, ,49, ,69, ,47.9, ,6.1, ,145.3, ,61.6, 
6,Davis,Sacramento Valley,5/18/2019,138,0.03, ,0.82, ,162, ,12.0, ,58.0,Y,49.3, ,52.6, ,98, ,65, ,88, ,49.3, ,6.4, ,154.2, ,,S
6,Davis,Sacramento Valley,5/19/2019,139,0.10, ,0.50, ,378, ,11.9, ,59.5,Y,46.3, ,52.3, ,99, ,72, ,89, ,49.2, ,5.4, ,128.6, ,81.2,R
6,Davis,Sacramento Valley,5/20/2019,140,0.20, ,0.00, ,671, ,11.2, ,68.0, ,43.3, ,55.7, ,100, ,49, ,74, ,47.5, ,6.6, ,159.6, ,69.0, 
6,Davis,Sacramento Valley,5/21/2019,141,0.19, ,0.26, ,552, ,11.2, ,66.9, ,49.4, ,57.9, ,91, ,50, ,68, ,47.5, ,9.0, ,215.1, ,,S
6,Davis,Sacramento Valley,5/22/2019,142,0.25, ,0.00, ,676, ,11.9, ,76.2, ,47.6, ,63.0, ,98, ,35, ,60, ,49.1, ,8.1, ,194.1, ,,S
6,Davis,Sacramento Valley,5/23/2019,143,0.25, ,0.00, ,657, ,12.6, ,78.0, ,58.3, ,67.8, ,79, ,40, ,54, ,50.6, ,7.4, ,177.1, ,,S
6,Davis,Sacramento Valley,5/24/2019,144,0.23, ,0.00, ,694, ,14.2, ,75.5, ,54.5, ,63.6, ,87, ,55, ,71, ,54.0, ,6.8, ,163.5, ,,S
6,Davis,Sacramento Valley,5/25/2019,145,0.13, ,0.00, ,387, ,13.2, ,72.2, ,52.0, ,59.8, ,96, ,54, ,75, ,52.0, ,8.5, ,203.9, ,,S
6,Davis,Sacramento Valley,5/26/2019,146,0.12, ,0.05, ,424, ,11.0, ,62.7, ,50.4, ,55.5, ,90, ,53, ,73, ,47.0, ,6.0, ,143.6, ,,S
6,Davis,Sacramento Valley,5/27/2019,147,0.20, ,0.00, ,615, ,12.4, ,71.8, ,51.3, ,60.4, ,93, ,48, ,69, ,50.3, ,5.9, ,142.4, ,,S
6,Davis,Sacramento Valley,5/28/2019,148,0.24, ,0.00, ,701, ,14.0, ,82.9, ,50.5, ,66.5, ,95, ,36, ,63, ,53.6, ,5.0, ,119.2, ,,S
6,Davis,Sacramento Valley,5/29/2019,149,0.25, ,0.00, ,700, ,14.7, ,85.6, ,54.2, ,68.8, ,93, ,36, ,61, ,54.9, ,5.2, ,125.6, ,,S
6,Davis,Sacramento Valley,5/30/2019,150,0.23, ,0.00, ,669, ,15.1, ,79.9, ,55.0, ,67.0, ,88, ,49, ,67, ,55.7, ,5.0, ,119.7, ,,S
6,Davis,Sacramento Valley,5/31/2019,151,0.27, ,0.00, ,741,R,14.3, ,87.4, ,54.5, ,71.9, ,94, ,23, ,54, ,54.2, ,4.6, ,110.9, ,,S
6,Davis,Sacramento Valley,6/1/2019,152,0.28, ,0.00, ,719, ,15.6, ,89.7, ,59.8, ,74.3, ,90, ,30, ,54, ,56.5, ,5.2, ,124.7, ,,S
6,Davis,Sacramento Valley,6/2/2019,153,0.25, ,0.00, ,699, ,15.7, ,83.5, ,56.8, ,68.6, ,85, ,46, ,66, ,56.6, ,5.0, ,119.6, ,,S
6,Davis,Sacramento Valley,6/3/2019,154,0.25, ,0.00, ,708, ,16.7, ,89.0, ,55.3, ,71.8, ,91, ,44, ,63, ,58.5, ,4.1, ,98.4, ,,S
6,Davis,Sacramento Valley,6/4/2019,155,0.27, ,0.00, ,713, ,18.6,Y,93.8, ,59.1, ,78.0, ,82, ,39, ,57,Y,61.4,Y,3.9, ,94.7, ,,S
6,Davis,Sacramento Valley,6/5/2019,156,0.29, ,0.00, ,701, ,17.9,Y,95.6, ,63.6, ,79.6, ,91, ,30, ,52,Y,60.3,Y,4.8, ,115.6, ,,S
6,Davis,Sacramento Valley,6/6/2019,157,0.31, ,0.00, ,746,R,12.2, ,84.0, ,57.0, ,70.0, ,79, ,22, ,49, ,49.8, ,8.6, ,207.1, ,,S
6,Davis,Sacramento Valley,6/7/2019,158,0.36, ,0.00, ,756,R,6.8,Y,78.9, ,51.1, ,67.4, ,72, ,16, ,30,Y,34.6,Y,10.9, ,261.0, ,,S
6,Davis,Sacramento Valley,6/8/2019,159,0.46, ,0.00, ,758,R,7.0,Y,85.4, ,61.2, ,73.7, ,37, ,19, ,24,Y,35.2,Y,17.0,R,408.0,R,,S
6,Davis,Sacramento Valley,6/9/2019,160,0.37, ,0.00, ,725, ,8.6, ,90.6, ,66.8,Y,77.7, ,51, ,20, ,27, ,40.8, ,9.3, ,222.5, ,,S
6,Davis,Sacramento Valley,6/10/2019,161,0.31, ,0.00, ,725, ,12.6, ,99.6, ,61.3, ,81.3, ,68, ,15, ,34, ,50.6, ,5.1, ,121.4, ,,S
6,Davis,Sacramento Valley,6/11/2019,162,0.29, ,0.00, ,742, ,15.3, ,100.6, ,64.8,Y,84.2,Y,82, ,16, ,38,Y,56.0,Y,4.0, ,95.8, ,,S
6,Davis,Sacramento Valley,6/12/2019,163,0.28, ,0.00, ,641, ,16.6, ,101.1, ,66.7,Y,82.3, ,75, ,18, ,44, ,58.2, ,4.6, ,110.9, ,,S
6,Davis,Sacramento Valley,6/13/2019,164,0.27, ,0.00, ,696, ,16.4, ,90.3, ,59.5, ,73.7, ,80, ,39, ,58, ,57.9, ,5.9, ,142.7, ,,S
6,Davis,Sacramento Valley,6/14/2019,165,0.25, ,0.00, ,725, ,15.2, ,86.6, ,55.3, ,68.7, ,88, ,43, ,64, ,55.8, ,5.3, ,126.8, ,,S
6,Davis,Sacramento Valley,6/15/2019,166,0.25, ,0.00, ,717, ,14.3, ,80.2, ,53.4, ,65.0, ,91, ,49, ,68, ,54.1, ,6.1, ,145.2, ,,S
6,Davis,Sacramento Valley,6/16/2019,167,0.25, ,0.00, ,712, ,15.0, ,87.1, ,51.2, ,67.5, ,97, ,38, ,65, ,55.4, ,4.7, ,113.2, ,,S
6,Davis,Sacramento Valley,6/17/2019,168,0.27, ,0.02,H,730, ,16.4, ,94.6, ,55.9, ,73.4, ,93, ,32, ,58, ,57.8, ,4.2, ,101.0, ,,S
6,Davis,Sacramento Valley,6/18/2019,169,0.33, ,0.00, ,653, ,16.0, ,100.5, ,62.7, ,84.7,Y,91, ,17, ,39,Y,57.2,Y,6.6, ,159.1, ,79.8,Y
6,Davis,Sacramento Valley,6/19/2019,170,0.29, ,0.01,H,741, ,15.9, ,96.9, ,59.0, ,75.2, ,87, ,20, ,53, ,57.1, ,5.1, ,123.3, ,77.7, 
6,Davis,Sacramento Valley,6/20/2019,171,0.26, ,0.00, ,707, ,14.4, ,87.6, ,57.6, ,69.6, ,91, ,27, ,58, ,54.2, ,6.3, ,150.7, ,75.6, 
6,Davis,Sacramento Valley,6/21/2019,172,0.37, ,0.00, ,773,R,9.0, ,87.3, ,58.0, ,74.1, ,75, ,16, ,31, ,41.8, ,9.4, ,225.0, ,71.3, 
6,Davis,Sacramento Valley,6/22/2019,173,0.38, ,0.00, ,768,R,10.5, ,91.1, ,59.8, ,77.5, ,65, ,18, ,33, ,45.9, ,9.7, ,232.9, ,71.4, 
6,Davis,Sacramento Valley,6/23/2019,174,0.29, ,0.00, ,741, ,14.1, ,93.8, ,55.3, ,75.8, ,89, ,21, ,46, ,53.7, ,4.5, ,107.8, ,75.1, 
6,Davis,Sacramento Valley,6/24/2019,175,0.28, ,0.00, ,709, ,15.2, ,92.0, ,56.6, ,74.6, ,90, ,29, ,52, ,55.9, ,4.9, ,118.5, ,76.6, 
6,Davis,Sacramento Valley,6/25/2019,176,0.30, ,0.00, ,743, ,13.8, ,90.6, ,56.4, ,73.5, ,93, ,27, ,49, ,53.2, ,5.8, ,138.5, ,76.3, 
6,Davis,Sacramento Valley,6/26/2019,177,0.30, ,0.00, ,741, ,11.8, ,78.6, ,57.0, ,67.4, ,75, ,38, ,51, ,48.8, ,9.4, ,224.5, ,72.1, 
6,Davis,Sacramento Valley,6/27/2019,178,0.25, ,0.00, ,711, ,11.8, ,79.4, ,53.0, ,66.2, ,88, ,32, ,54, ,48.9, ,5.5, ,130.9, ,72.3, 
6,Davis,Sacramento Valley,6/28/2019,179,0.27, ,0.00, ,721, ,12.4, ,83.7, ,56.8, ,69.7, ,86, ,24, ,50, ,50.2, ,4.6, ,110.2, ,73.8, 
6,Davis,Sacramento Valley,6/29/2019,180,0.27, ,0.00, ,745, ,12.0, ,86.5, ,51.6, ,69.1, ,96, ,21, ,49, ,49.3, ,4.3, ,103.6, ,73.5, 
6,Davis,Sacramento Valley,6/30/2019,181,0.28, ,0.00, ,755,R,13.1, ,86.6, ,54.8, ,70.1, ,91, ,25, ,52, ,51.7, ,4.8, ,116.2, ,74.3, 
6,Davis,Sacramento Valley,7/1/2019,182,0.26, ,0.00, ,713, ,14.0, ,86.1, ,52.2, ,69.1, ,95, ,37, ,58, ,53.6, ,4.6, ,111.6, ,74.4, 
6,Davis,Sacramento Valley,7/2/2019,183,0.27, ,0.00, ,731, ,14.6, ,85.3, ,53.6, ,70.0, ,94, ,37, ,58, ,54.7, ,5.1, ,123.4, ,75.2, 
6,Davis,Sacramento Valley,7/3/2019,184,0.27, ,0.00, ,727, ,14.5, ,86.9, ,54.9, ,70.7, ,93, ,35, ,57, ,54.5, ,5.2, ,125.9, ,75.4, 
6,Davis,Sacramento Valley,7/4/2019,185,0.27, ,0.00, ,728, ,15.3, ,89.5, ,53.9, ,72.6, ,94, ,33, ,56, ,55.9, ,4.6, ,110.0, ,75.9, 
6,Davis,Sacramento Valley,7/5/2019,186,0.28, ,0.00, ,724, ,15.3, ,93.5, ,56.3, ,73.9, ,91, ,26, ,54, ,55.9, ,5.0, ,119.4, ,76.7, 
6,Davis,Sacramento Valley,7/6/2019,187,0.27, ,0.00, ,700, ,15.0, ,91.2, ,54.9, ,72.1, ,95, ,27, ,56, ,55.3, ,4.6, ,110.1, ,76.3, 
6,Davis,Sacramento Valley,7/7/2019,188,0.25, ,0.00, ,651, ,14.4, ,83.2, ,55.7, ,68.1, ,91, ,41, ,61, ,54.3, ,6.5, ,155.5, ,74.1, 
6,Davis,Sacramento Valley,7/8/2019,189,0.26, ,0.00, ,712, ,14.1, ,80.4, ,55.7, ,66.4, ,85, ,46, ,64, ,53.8, ,7.4, ,176.4, ,72.9, 
6,Davis,Sacramento Valley,7/9/2019,190,0.25, ,0.00, ,709, ,15.3, ,83.7, ,52.9, ,68.0, ,94, ,41, ,66, ,56.1, ,5.2, ,124.8, ,74.1, 
6,Davis,Sacramento Valley,7/10/2019,191,0.26, ,0.00, ,706, ,16.9, ,88.2, ,58.5, ,72.3, ,97, ,38, ,62, ,58.7, ,4.5, ,106.9, ,76.1, 
6,Davis,Sacramento Valley,7/11/2019,192,0.27, ,0.00, ,714, ,17.0, ,91.2, ,57.5, ,74.2, ,96, ,37, ,59, ,58.8, ,4.6, ,111.5, ,77.3, 
6,Davis,Sacramento Valley,7/12/2019,193,0.27, ,0.00, ,722, ,17.0, ,93.7, ,57.6, ,75.1, ,95, ,29, ,57, ,58.8, ,4.3, ,103.7, ,77.4, 
6,Davis,Sacramento Valley,7/13/2019,194,0.27, ,0.00, ,727, ,16.9, ,94.5, ,56.6, ,74.3, ,94, ,30, ,58, ,58.7, ,4.7, ,112.0, ,77.0, 
6,Davis,Sacramento Valley,7/14/2019,195,0.28, ,0.00, ,731, ,15.8, ,90.5, ,57.0, ,74.2, ,92, ,33, ,55, ,56.8, ,4.9, ,117.1, ,76.2, 
6,Davis,Sacramento Valley,7/15/2019,196,0.28, ,0.00, ,714, ,16.3, ,93.5, ,57.5, ,76.5, ,89, ,31, ,53, ,57.8, ,5.0, ,119.1, ,77.7, 
6,Davis,Sacramento Valley,7/16/2019,197,0.27, ,0.00, ,696, ,16.2, ,89.7, ,58.9, ,73.3, ,94, ,33, ,58, ,57.5, ,5.1, ,121.8, ,77.1, 
6,Davis,Sacramento Valley,7/17/2019,198,0.26, ,0.00, ,696, ,16.5, ,92.1, ,55.7, ,74.3, ,94, ,34, ,57, ,58.1, ,4.4, ,106.3, ,76.1, 
6,Davis,Sacramento Valley,7/18/2019,199,0.28, ,0.00, ,702, ,16.2, ,85.5, ,61.2, ,72.4, ,82, ,41, ,60, ,57.5, ,8.3, ,200.2, ,74.9, 
6,Davis,Sacramento Valley,7/19/2019,200,0.26, ,0.00, ,713, ,15.7, ,85.4, ,55.7, ,69.8, ,96, ,34, ,63, ,56.8, ,6.0, ,143.3, ,74.5, 
6,Davis,Sacramento Valley,7/20/2019,201,0.25, ,0.00, ,706, ,16.3, ,84.7, ,54.8, ,69.8, ,96, ,39, ,66, ,57.8, ,5.4, ,130.6, ,74.2, 
6,Davis,Sacramento Valley,7/21/2019,202,0.23, ,0.00, ,631, ,16.4, ,89.7, ,54.7, ,72.6, ,96, ,37, ,60, ,57.9, ,4.2, ,101.7, ,75.0, 
6,Davis,Sacramento Valley,7/22/2019,203,0.27, ,0.00, ,699, ,16.3, ,95.5, ,59.1, ,77.5, ,91, ,25, ,51, ,57.8, ,4.3, ,103.1, ,76.9, 
6,Davis,Sacramento Valley,7/23/2019,204,0.28, ,0.00, ,696, ,15.2, ,95.3, ,58.3, ,75.2, ,90, ,26, ,51, ,55.8, ,5.6, ,134.8, ,75.5, 
6,Davis,Sacramento Valley,7/24/2019,205,0.28, ,0.01,H,710, ,13.8, ,97.2, ,53.9, ,76.9, ,91, ,17, ,44, ,53.1, ,4.6, ,111.0, ,76.1, 
6,Davis,Sacramento Valley,7/25/2019,206,0.28, ,0.00, ,631, ,13.5, ,97.3, ,58.1, ,77.7, ,86, ,15, ,42, ,52.6, ,5.0, ,121.1, ,76.2, 
6,Davis,Sacramento Valley,7/26/2019,207,0.27, ,0.00, ,695, ,13.7, ,91.7, ,59.6, ,74.7, ,80, ,16, ,47, ,53.0, ,5.5, ,131.3, ,74.6, 
6,Davis,Sacramento Valley,7/27/2019,208,0.27, ,0.00, ,696, ,15.6, ,101.0, ,55.3, ,78.7, ,95, ,21, ,46, ,56.5, ,3.5, ,82.9, ,76.2, 
6,Davis,Sacramento Valley,7/28/2019,209,0.29, ,0.00, ,689, ,16.9, ,100.4, ,62.3, ,82.1, ,85, ,24, ,45, ,58.8, ,4.4, ,105.7, ,78.0, 
6,Davis,Sacramento Valley,7/29/2019,210,0.27, ,0.00, ,700, ,15.8, ,89.0, ,58.8, ,72.6, ,85, ,37, ,58, ,56.9, ,6.8, ,164.1, ,75.4, 
6,Davis,Sacramento Valley,7/30/2019,211,0.25, ,0.00, ,703, ,15.0, ,85.4, ,55.2, ,69.4, ,93, ,33, ,61, ,55.4, ,5.1, ,121.8, ,73.9, 
6,Davis,Sacramento Valley,7/31/2019,212,0.25, ,0.00, ,701, ,14.5, ,91.6, ,52.1, ,70.8, ,96, ,22, ,56, ,54.4, ,4.5, ,108.9, ,74.2, 
6,Davis,Sacramento Valley,8/1/2019,213,0.24, ,0.00, ,686, ,16.4, ,87.3, ,54.7, ,70.5, ,95, ,41, ,64, ,57.9, ,5.1, ,121.7, ,73.6, 
6,Davis,Sacramento Valley,8/2/2019,214,0.25, ,0.00, ,679, ,17.2, ,92.3, ,56.6, ,74.3, ,95, ,35, ,59, ,59.2, ,4.3, ,102.8, ,75.1, 
6,Davis,Sacramento Valley,8/3/2019,215,0.26, ,0.00, ,683, ,17.0, ,96.2, ,58.0, ,76.5, ,95, ,24, ,55, ,59.0, ,4.4, ,105.1, ,75.9, 
6,Davis,Sacramento Valley,8/4/2019,216,0.25, ,0.00, ,687, ,17.1, ,94.0, ,57.8, ,73.8, ,97, ,32, ,60, ,59.0, ,4.4, ,106.0, ,75.2, 
6,Davis,Sacramento Valley,8/5/2019,217,0.25, ,0.00, ,678, ,15.8, ,93.4, ,55.9, ,73.8, ,95, ,21, ,56, ,56.9, ,4.0, ,96.9, ,75.7, 
6,Davis,Sacramento Valley,8/6/2019,218,0.26, ,0.00, ,641, ,15.2, ,94.7, ,59.6, ,75.2, ,92, ,16, ,51, ,55.9, ,4.8, ,114.5, ,75.6, 
6,Davis,Sacramento Valley,8/7/2019,219,0.25, ,0.00, ,656, ,15.7, ,90.5, ,57.5, ,71.2, ,95, ,37, ,60, ,56.8, ,6.2, ,148.9, ,73.5, 
6,Davis,Sacramento Valley,8/8/2019,220,0.25, ,0.00, ,670, ,14.6, ,84.1, ,54.4, ,68.5, ,90, ,39, ,62, ,54.8, ,7.1, ,170.6, ,71.4, 
6,Davis,Sacramento Valley,8/9/2019,221,0.19, ,0.00, ,520, ,14.8, ,87.0, ,54.9, ,70.0, ,91, ,32, ,59, ,55.0, ,4.2, ,101.6, ,71.3, 
6,Davis,Sacramento Valley,8/10/2019,222,0.24, ,0.00, ,635, ,16.3, ,83.6, ,60.8, ,71.2, ,92, ,39, ,62, ,57.7, ,5.9, ,141.4, ,72.1, 
6,Davis,Sacramento Valley,8/11/2019,223,0.25, ,0.00, ,659, ,14.4, ,87.7, ,57.5, ,72.8, ,96, ,24, ,52, ,54.3, ,5.2, ,124.3, ,72.0, 
6,Davis,Sacramento Valley,8/12/2019,224,0.26, ,0.00, ,655, ,14.5, ,93.0, ,55.1, ,76.4, ,94, ,25, ,47, ,54.5, ,4.4, ,104.9, ,72.5, 
6,Davis,Sacramento Valley,8/13/2019,225,0.25, ,0.00, ,654, ,14.9, ,99.4, ,56.9, ,78.2, ,92, ,20, ,45, ,55.3, ,3.5, ,84.5, ,73.4, 
6,Davis,Sacramento Valley,8/14/2019,226,0.26, ,0.01,H,657, ,15.4, ,100.3, ,59.5, ,81.8,Y,88, ,15, ,41,Y,56.1,Y,3.9, ,93.0, ,74.5, 
6,Davis,Sacramento Valley,8/15/2019,227,0.27, ,0.00, ,643, ,16.3, ,101.8, ,64.2, ,83.9,Y,84, ,22, ,41,Y,57.7,Y,4.4, ,104.7, ,75.4, 
6,Davis,Sacramento Valley,8/16/2019,228,0.27, ,0.00, ,639, ,16.2, ,99.6, ,61.4, ,81.3, ,85, ,25, ,44, ,57.5, ,5.0, ,119.6, ,75.3, 
6,Davis,Sacramento Valley,8/17/2019,229,0.24, ,0.00, ,640, ,15.9, ,86.5, ,58.8, ,71.5, ,87, ,42, ,60, ,57.0, ,6.2, ,149.2, ,72.9, 
6,Davis,Sacramento Valley,8/18/2019,230,0.24, ,0.00, ,650, ,14.8, ,83.6, ,55.5, ,68.9, ,92, ,37, ,61, ,55.1, ,6.4, ,154.1, ,70.5, 
6,Davis,Sacramento Valley,8/19/2019,231,0.22, ,0.00, ,639, ,15.9, ,82.9, ,54.9, ,68.3, ,95, ,45, ,67, ,57.1, ,5.2, ,125.1, ,70.3, 
6,Davis,Sacramento Valley,8/20/2019,232,0.22, ,0.00, ,623, ,15.9, ,86.6, ,55.0, ,69.8, ,96, ,36, ,64, ,57.1, ,4.2, ,101.3, ,70.6, 
6,Davis,Sacramento Valley,8/21/2019,233,0.23, ,0.00, ,619, ,16.8, ,92.8, ,52.8, ,74.6, ,96, ,33, ,57, ,58.5, ,3.8, ,91.4, ,71.0, 
6,Davis,Sacramento Valley,8/22/2019,234,0.26, ,0.00, ,613, ,18.5,Y,95.5, ,64.7,Y,80.3, ,93, ,27, ,52,Y,61.2,Y,5.2, ,125.6, ,72.5, 
6,Davis,Sacramento Valley,8/23/2019,235,0.25, ,0.00, ,610, ,16.5, ,95.5, ,60.6, ,77.0, ,91, ,26, ,52, ,58.1, ,4.6, ,111.1, ,72.4, 
6,Davis,Sacramento Valley,8/24/2019,236,0.24, ,0.00, ,600, ,16.0, ,96.6, ,58.7, ,76.9, ,91, ,27, ,51, ,57.2, ,4.1, ,99.5, ,71.9, 
6,Davis,Sacramento Valley,8/25/2019,237,0.25, ,0.00, ,603, ,16.1, ,98.2, ,60.7, ,79.3, ,90, ,25, ,47, ,57.4, ,4.0, ,96.4, ,72.4, 
6,Davis,Sacramento Valley,8/26/2019,238,0.24, ,0.00, ,603, ,15.4, ,98.7, ,58.0, ,78.5, ,91, ,24, ,46, ,56.1, ,3.8, ,90.9, ,72.2, 
6,Davis,Sacramento Valley,8/27/2019,239,0.24, ,0.00, ,576, ,15.2, ,96.6, ,58.0, ,76.5, ,91, ,26, ,49, ,55.7, ,4.2, ,101.3, ,71.9, 
6,Davis,Sacramento Valley,8/28/2019,240,0.23, ,0.00, ,568, ,16.1, ,90.6, ,59.3, ,74.2, ,89, ,35, ,56, ,57.4, ,5.6, ,133.4, ,71.3, 
6,Davis,Sacramento Valley,8/29/2019,241,0.23, ,0.00, ,589, ,16.6, ,89.3, ,60.7, ,73.1, ,90, ,37, ,60, ,58.2, ,6.1, ,146.1, ,70.8, 
6,Davis,Sacramento Valley,8/30/2019,242,0.21, ,0.00, ,603, ,15.9, ,91.5, ,54.5, ,72.2, ,92, ,28, ,59, ,57.0, ,3.9, ,93.2, ,72.3, 
6,Davis,Sacramento Valley,8/31/2019,243,0.22, ,0.00, ,591, ,15.6, ,95.2, ,56.4, ,76.2, ,97, ,25, ,51, ,56.5, ,3.0, ,71.2, ,74.1, 
6,Davis,Sacramento Valley,9/1/2019,244,0.23, ,0.00, ,592, ,14.4, ,96.2, ,57.7, ,76.7, ,95, ,17, ,46, ,54.3, ,3.5, ,83.6, ,74.7, 
6,Davis,Sacramento Valley,9/2/2019,245,0.24, ,0.00, ,575, ,15.0, ,96.3, ,57.3, ,75.1, ,95, ,17, ,50, ,55.3, ,5.0, ,119.1, ,74.3, 
6,Davis,Sacramento Valley,9/3/2019,246,0.21, ,0.00, ,590, ,15.5, ,91.5, ,56.6, ,73.1, ,95, ,30, ,56, ,56.3, ,3.5, ,84.3, ,73.8, 
6,Davis,Sacramento Valley,9/4/2019,247,0.19, ,0.00, ,496, ,14.6, ,94.6, ,56.4, ,75.1, ,94, ,24, ,49, ,54.7, ,3.8, ,90.1, ,73.8, 
6,Davis,Sacramento Valley,9/5/2019,248,0.22, ,0.00, ,538, ,15.0, ,90.9, ,58.8, ,72.8, ,91, ,27, ,55, ,55.5, ,6.0, ,143.2, ,72.3, 
6,Davis,Sacramento Valley,9/6/2019,249,0.21, ,0.00, ,580, ,14.6, ,88.6, ,56.9, ,71.2, ,94, ,26, ,56, ,54.6, ,4.5, ,107.0, ,71.6, 
6,Davis,Sacramento Valley,9/7/2019,250,0.19, ,0.00, ,517, ,15.1, ,79.4, ,58.2, ,66.4, ,88, ,46, ,68, ,55.6, ,7.7, ,183.8, ,69.6, 
6,Davis,Sacramento Valley,9/8/2019,251,0.19, ,0.00, ,556, ,14.7, ,82.3, ,52.5, ,67.4, ,96, ,39, ,64, ,54.9, ,5.1, ,122.0, ,69.8, 
6,Davis,Sacramento Valley,9/9/2019,252,0.20, ,0.00, ,541, ,14.1, ,84.0, ,52.3, ,68.0, ,94, ,36, ,60, ,53.8, ,5.3, ,127.4, ,69.9, 
6,Davis,Sacramento Valley,9/10/2019,253,0.17, ,0.00, ,538, ,13.4, ,80.7, ,50.6, ,66.1, ,96, ,34, ,61, ,52.3, ,3.8, ,90.5, ,69.2, 
6,Davis,Sacramento Valley,9/11/2019,254,0.21, ,0.00, ,531, ,12.3, ,87.1, ,54.1, ,70.5, ,93, ,23, ,48, ,50.0, ,4.7, ,112.3, ,69.7, 
6,Davis,Sacramento Valley,9/12/2019,255,0.20, ,0.00, ,524, ,12.7, ,90.5, ,54.0, ,72.6, ,88, ,25, ,46, ,50.9, ,3.4, ,82.7, ,70.3, 
6,Davis,Sacramento Valley,9/13/2019,256,0.21, ,0.00, ,526, ,11.3, ,96.7, ,53.1, ,76.1, ,85, ,15, ,37, ,47.7, ,3.2, ,76.6, ,70.9, 
6,Davis,Sacramento Valley,9/14/2019,257,0.21, ,0.00, ,513, ,12.3, ,95.8, ,53.7, ,74.9, ,89, ,15, ,42, ,50.1, ,4.3, ,102.7, ,70.8, 
6,Davis,Sacramento Valley,9/15/2019,258,0.20, ,0.00, ,486, ,14.9, ,86.4, ,55.4, ,69.8, ,90, ,33, ,60, ,55.3, ,7.9, ,189.4, ,68.3, 
6,Davis,Sacramento Valley,9/16/2019,259,0.17, ,0.00, ,425, ,14.3, ,77.5, ,55.9, ,68.1, ,91, ,30, ,61, ,54.2, ,7.2, ,172.2, ,68.9, 
6,Davis,Sacramento Valley,9/17/2019,260,0.18, ,0.00, ,506, ,12.2, ,80.1, ,52.6, ,66.2, ,82, ,32, ,55, ,49.8, ,5.3, ,128.0, ,68.8, 
6,Davis,Sacramento Valley,9/18/2019,261,0.17, ,0.00, ,393, ,14.2, ,78.5, ,57.7, ,67.5, ,83, ,40, ,62, ,53.9, ,7.3, ,175.6, ,67.9, 
6,Davis,Sacramento Valley,9/19/2019,262,0.18, ,0.00, ,470, ,11.6, ,78.7, ,51.8, ,64.9, ,90, ,32, ,55, ,48.4, ,5.9, ,140.4, ,67.8, 
6,Davis,Sacramento Valley,9/20/2019,263,0.21, ,0.00, ,430, ,9.7, ,83.7, ,52.7, ,69.8, ,64, ,22, ,39, ,43.8, ,7.5, ,179.7, ,67.6, 
6,Davis,Sacramento Valley,9/21/2019,264,0.21, ,0.00, ,460, ,10.5, ,86.2, ,58.0, ,72.3, ,56, ,23, ,39, ,45.7, ,6.6, ,159.1, ,67.8, 
6,Davis,Sacramento Valley,9/22/2019,265,0.15, ,0.00, ,379, ,11.6, ,87.3, ,51.9, ,69.8, ,73, ,24, ,46, ,48.4, ,4.3, ,103.8, ,67.0, 
6,Davis,Sacramento Valley,9/23/2019,266,0.26, ,0.02, ,444, ,11.6, ,88.7, ,58.8, ,74.9, ,74, ,23, ,39, ,48.4, ,10.4,Y,250.7,Y,67.8, 
6,Davis,Sacramento Valley,9/24/2019,267,0.28, ,0.00, ,431, ,11.3, ,97.4, ,70.8,R,83.0,Y,40,H,16,H,29,Y,47.7,Y,9.9, ,237.6, ,68.9, 
6,Davis,Sacramento Valley,9/25/2019,268,0.21, ,0.41, ,432, ,15.2, ,98.1, ,60.4, ,81.9,Y,85,H,22,H,41,Y,55.8,Y,5.5, ,131.4, ,69.8, 
6,Davis,Sacramento Valley,9/26/2019,269,0.20, ,0.00, ,425, ,15.3, ,91.9, ,64.1,Y,76.0, ,70, ,33, ,50, ,55.9, ,6.7, ,160.5, ,70.5, 
6,Davis,Sacramento Valley,9/27/2019,270,0.15, ,0.33, ,425, ,14.9, ,75.0, ,56.7, ,65.8, ,84, ,54, ,69, ,55.2, ,7.7, ,185.0, ,68.3, 
6,Davis,Sacramento Valley,9/28/2019,271,0.12, ,0.00, ,357, ,11.5, ,72.1, ,47.6, ,60.2, ,89, ,39, ,64, ,48.2, ,6.4, ,154.5, ,66.6, 
6,Davis,Sacramento Valley,9/29/2019,272,0.16, ,0.42, ,434, ,9.0, ,71.1, ,41.8,Y,57.3, ,92, ,31, ,56, ,41.7, ,5.5, ,133.0, ,63.9, 
6,Davis,Sacramento Valley,9/30/2019,273,0.12, ,0.00, ,403, ,8.9, ,67.4, ,44.3, ,56.4, ,85, ,37, ,57, ,41.4, ,4.2, ,101.4, ,63.8, 
6,Davis,Sacramento Valley,10/1/2019,274,0.17, ,0.00, ,449, ,7.3, ,73.3, ,45.0, ,57.6, ,75, ,22, ,45, ,36.4, ,5.7, ,136.2, ,63.0, 
6,Davis,Sacramento Valley,10/2/2019,275,0.15, ,0.00, ,431, ,6.9, ,77.5, ,42.1, ,59.8, ,60, ,21, ,39, ,34.9, ,3.3, ,78.9, ,62.6, 
6,Davis,Sacramento Valley,10/3/2019,276,0.16, ,0.00, ,552,R,9.4, ,77.3, ,48.0, ,66.3, ,90, ,26, ,42, ,42.9, ,6.3, ,150.3, ,63.3, 
6,Davis,Sacramento Valley,10/4/2019,277,0.19, ,0.00, ,443, ,6.9, ,76.0, ,46.0, ,59.7, ,73, ,19, ,40, ,35.1, ,6.9, ,166.8, ,61.8, 
6,Davis,Sacramento Valley,10/5/2019,278,0.19, ,0.00, ,435, ,6.8, ,81.0, ,40.3, ,62.2, ,79, ,17, ,36, ,34.7, ,5.5, ,131.3, ,61.1, 
6,Davis,Sacramento Valley,10/6/2019,279,0.18, ,0.00, ,424, ,7.7, ,84.1, ,52.8, ,67.2, ,55, ,18, ,34, ,37.7, ,4.5, ,108.7, ,62.2, 
6,Davis,Sacramento Valley,10/7/2019,280,0.15, ,0.00, ,389, ,8.6, ,89.5, ,49.7, ,67.4, ,70, ,17, ,38, ,40.6, ,3.2, ,76.9, ,63.1, 
6,Davis,Sacramento Valley,10/8/2019,281,0.14, ,0.00, ,369, ,9.9, ,85.8, ,49.3, ,66.8, ,74, ,22, ,44, ,44.3, ,3.4, ,80.6, ,63.6, 
6,Davis,Sacramento Valley,10/9/2019,282,0.30, ,0.00, ,427, ,4.9, ,74.9, ,50.7, ,64.1, ,70, ,11, ,24, ,26.4, ,14.8,Y,355.2,Y,61.4, 
6,Davis,Sacramento Valley,10/10/2019,283,0.28, ,0.01, ,421, ,3.4,Y,76.6, ,47.7, ,62.9, ,34, ,11, ,17,Y,18.0,Y,13.3,Y,319.3,Y,60.0, 
6,Davis,Sacramento Valley,10/11/2019,284,0.16, ,0.00, ,387, ,5.0, ,77.2, ,43.1, ,59.3, ,57, ,16, ,29, ,27.2, ,4.8, ,115.4, ,58.9, 
6,Davis,Sacramento Valley,10/12/2019,285,0.13, ,0.00, ,388, ,6.6, ,78.6, ,40.8, ,58.6, ,63, ,19, ,39, ,33.8, ,2.5, ,59.4, ,59.3, 
6,Davis,Sacramento Valley,10/13/2019,286,0.13, ,0.00, ,376, ,7.0, ,78.7, ,40.8, ,58.9, ,82, ,19, ,41, ,35.3, ,2.9, ,70.5, ,59.4, 
6,Davis,Sacramento Valley,10/14/2019,287,0.14, ,0.00, ,401, ,7.2, ,81.5, ,42.4, ,59.9, ,72, ,17, ,41, ,36.2, ,3.4, ,82.0, ,59.5, 
6,Davis,Sacramento Valley,10/15/2019,288,0.12, ,0.00, ,396, ,8.5, ,79.8, ,39.7, ,58.2, ,93, ,21, ,51, ,40.4, ,2.6, ,62.6, ,59.5, 
6,Davis,Sacramento Valley,10/16/2019,289,0.10, ,0.00, ,280, ,9.2, ,74.9, ,42.9, ,58.7, ,76, ,28, ,55, ,42.4, ,4.3, ,104.4, ,59.1, 
6,Davis,Sacramento Valley,10/17/2019,290,0.14, ,0.00, ,380, ,10.4, ,73.0, ,50.5, ,61.8, ,95, ,29, ,55, ,45.7, ,5.3, ,126.4, ,60.2, 
6,Davis,Sacramento Valley,10/18/2019,291,0.12, ,0.00, ,373, ,10.0, ,74.7, ,44.5, ,59.2, ,81, ,36, ,58, ,44.4, ,4.2, ,100.5, ,59.9, 
6,Davis,Sacramento Valley,10/19/2019,292,0.09, ,0.00, ,277, ,12.7, ,75.7, ,47.2, ,60.2, ,93, ,50, ,71, ,50.9, ,5.1, ,122.2, ,59.4, 
6,Davis,Sacramento Valley,10/20/2019,293,0.15, ,0.00, ,365, ,8.7, ,78.4, ,52.6, ,63.6, ,78, ,25, ,44, ,41.0, ,6.1, ,145.8, ,60.4, 
6,Davis,Sacramento Valley,10/21/2019,294,0.23, ,0.00, ,374, ,8.8, ,85.0, ,50.4, ,69.1, ,77, ,20, ,36, ,41.1, ,9.7, ,232.7, ,59.9, 
6,Davis,Sacramento Valley,10/22/2019,295,0.16, ,0.00, ,368, ,9.4, ,84.6, ,51.6, ,68.4, ,65, ,22, ,39, ,42.8, ,5.2, ,124.7, ,60.8, 
6,Davis,Sacramento Valley,10/23/2019,296,0.27, ,0.00, ,355, ,7.9, ,86.6, ,58.6, ,74.2,Y,66, ,12, ,27,Y,38.5,Y,11.9, ,286.4, ,61.1, 
6,Davis,Sacramento Valley,10/24/2019,297,0.26,R,0.00, ,360, ,4.7, ,87.2, ,54.5, ,72.8,Y,36, ,10, ,17,Y,25.5,Y,10.3, ,247.1, ,60.7, 
6,Davis,Sacramento Valley,10/25/2019,298,0.13, ,0.00, ,352, ,6.5, ,86.5, ,44.9, ,65.0, ,65, ,13, ,31, ,33.7, ,3.1, ,73.3, ,59.9, 
6,Davis,Sacramento Valley,10/26/2019,299,0.15, ,0.00, ,348, ,7.4, ,82.7, ,46.7, ,64.4, ,53, ,16, ,36, ,36.9, ,4.8, ,115.2, ,60.0, 
6,Davis,Sacramento Valley,10/27/2019,300,0.34, ,0.00, ,356, ,3.5,Y,70.5, ,52.3, ,60.1, ,29, ,11, ,20,Y,18.5,Y,22.7,R,543.9,R,57.0, 
6,Davis,Sacramento Valley,10/28/2019,301,0.15, ,0.00, ,357, ,3.2,Y,69.5, ,41.0, ,56.5, ,45, ,12, ,20,Y,16.2,Y,6.3, ,151.3, ,56.5, 
6,Davis,Sacramento Valley,10/29/2019,302,0.22, ,0.00, ,347, ,3.4,Y,68.3, ,37.0, ,53.9, ,72, ,12, ,24,Y,18.3,Y,12.1, ,290.7, ,54.2, 
6,Davis,Sacramento Valley,10/30/2019,303,0.17, ,0.00, ,338, ,2.4,Y,67.8, ,44.1, ,55.0, ,31, ,11, ,16,Y,10.1,Y,8.2, ,197.0, ,54.0, 
6,Davis,Sacramento Valley,10/31/2019,304,0.13, ,0.00, ,342, ,3.3,Y,71.3, ,40.7, ,53.0, ,45, ,11, ,24,Y,17.1,Y,4.4, ,106.6, ,53.3, 
6,Davis,Sacramento Valley,11/1/2019,305,0.09, ,0.00, ,335, ,4.9, ,71.8, ,30.5,Y,50.3, ,89, ,14, ,39, ,26.5, ,1.8, ,42.0, ,52.9, 
6,Davis,Sacramento Valley,11/2/2019,306,0.11, ,0.00, ,328, ,5.1, ,76.0, ,36.5, ,54.2, ,56, ,16, ,36, ,27.6, ,2.6, ,63.5, ,53.5, 
6,Davis,Sacramento Valley,11/3/2019,307,0.09, ,0.00, ,317, ,6.4, ,77.0, ,35.4, ,55.1, ,86, ,19, ,43, ,33.0, ,1.7, ,40.4, ,54.0, 
6,Davis,Sacramento Valley,11/4/2019,308,0.09, ,0.00, ,316, ,7.1, ,78.6, ,42.6, ,57.2, ,64, ,21, ,44, ,35.6, ,2.0, ,49.0, ,54.9, 
6,Davis,Sacramento Valley,11/5/2019,309,0.09, ,0.00, ,313, ,8.0, ,80.3, ,37.7, ,57.2, ,89, ,25, ,50, ,38.9, ,1.8, ,44.3, ,55.3, 
6,Davis,Sacramento Valley,11/6/2019,310,0.09, ,0.01, ,300, ,8.4, ,77.8, ,39.7, ,57.0, ,76, ,27, ,53, ,40.0, ,2.4, ,57.5, ,55.6, 
6,Davis,Sacramento Valley,11/7/2019,311,0.09, ,0.00, ,297, ,8.7, ,76.9, ,37.5, ,56.5, ,92, ,29, ,56, ,40.9, ,2.4, ,56.6, ,55.3, 
6,Davis,Sacramento Valley,11/8/2019,312,0.11, ,0.00, ,305, ,7.6, ,78.4, ,40.0, ,57.0, ,76, ,23, ,48, ,37.4, ,2.9, ,70.4, ,55.3, 
6,Davis,Sacramento Valley,11/9/2019,313,0.10, ,0.00, ,305, ,7.4, ,80.9, ,39.4, ,57.6, ,71, ,22, ,45, ,36.6, ,2.6, ,61.7, ,55.4, 
6,Davis,Sacramento Valley,11/10/2019,314,0.09, ,0.00, ,291, ,8.2, ,76.4, ,41.3, ,56.6, ,84, ,24, ,52, ,39.4, ,2.8, ,66.5, ,55.7, 
6,Davis,Sacramento Valley,11/11/2019,315,0.08, ,0.00, ,257, ,8.7, ,75.7, ,42.2, ,57.8, ,74, ,30, ,53, ,41.0, ,1.9, ,45.9, ,55.8, 
6,Davis,Sacramento Valley,11/12/2019,316,0.08, ,0.00, ,246, ,9.3, ,73.9, ,43.0, ,57.1, ,82, ,35, ,58, ,42.7, ,2.6, ,62.4, ,55.8, 
6,Davis,Sacramento Valley,11/13/2019,317,0.07, ,0.00, ,230, ,9.5, ,72.5, ,44.4, ,57.4, ,81, ,38, ,59, ,43.2, ,2.2, ,53.7, ,55.8, 
6,Davis,Sacramento Valley,11/14/2019,318,0.09, ,0.00, ,255, ,11.7, ,68.8, ,52.0, ,58.5, ,82, ,49, ,70, ,48.7, ,6.4, ,153.6, ,56.7, 
6,Davis,Sacramento Valley,11/15/2019,319,0.08, ,0.00, ,269, ,11.0, ,67.7, ,44.6, ,55.5, ,96, ,51, ,73, ,46.9, ,5.0, ,120.0, ,56.3, 
6,Davis,Sacramento Valley,11/16/2019,320,0.08, ,0.00, ,267, ,10.2, ,71.1, ,41.9, ,54.5, ,93, ,42, ,70, ,45.0, ,3.1, ,75.4, ,55.6, 
6,Davis,Sacramento Valley,11/17/2019,321,0.07, ,0.00, ,265, ,10.1, ,73.0, ,39.9, ,54.7, ,95, ,40, ,69, ,44.7, ,2.2, ,51.7, ,55.2, 
6,Davis,Sacramento Valley,11/18/2019,322,0.08, ,0.00, ,267, ,10.6, ,75.5, ,40.7, ,57.2, ,90, ,39, ,66, ,46.0, ,3.1, ,73.5, ,55.4, 
6,Davis,Sacramento Valley,11/19/2019,323,0.08, ,0.00, ,260, ,11.0, ,69.2, ,46.5, ,57.3, ,94, ,42, ,68, ,47.0, ,5.3, ,126.8, ,56.0, 
6,Davis,Sacramento Valley,11/20/2019,324,0.22, ,0.00, ,228, ,6.4, ,69.0, ,50.3, ,60.5, ,65, ,24, ,36, ,33.3, ,16.8,R,402.8,R,54.9, 
6,Davis,Sacramento Valley,11/21/2019,325,0.06, ,0.00, ,249, ,8.8, ,64.6, ,37.5, ,50.9, ,95, ,49, ,69, ,41.1, ,2.0, ,48.0, ,54.0, 
6,Davis,Sacramento Valley,11/22/2019,326,0.07, ,0.00, ,248, ,7.9, ,65.6, ,39.6, ,51.3, ,78, ,42, ,61, ,38.3, ,3.9, ,94.3, ,53.1, 
6,Davis,Sacramento Valley,11/23/2019,327,0.08, ,0.00, ,259, ,7.6, ,67.9, ,34.7, ,50.9, ,94, ,32, ,60, ,37.5, ,3.4, ,81.2, ,52.2, 
6,Davis,Sacramento Valley,11/24/2019,328,0.07, ,0.00, ,253, ,6.9, ,67.4, ,33.9, ,49.0, ,82, ,31, ,58, ,34.9, ,2.6, ,61.4, ,51.5, 
6,Davis,Sacramento Valley,11/25/2019,329,0.16, ,0.00, ,258, ,4.9, ,62.8, ,35.3, ,50.7, ,88, ,20, ,39, ,26.7, ,11.1, ,265.2, ,50.0, 
6,Davis,Sacramento Valley,11/26/2019,330,0.05, ,0.42, ,69, ,6.3, ,52.6, ,42.5, ,46.4, ,93, ,37, ,58, ,32.6, ,9.4, ,224.7, ,49.1, 
6,Davis,Sacramento Valley,11/27/2019,331,0.05, ,0.00, ,215, ,8.2, ,52.5, ,37.9, ,45.8, ,94, ,58, ,78, ,39.3, ,7.9, ,189.7, ,49.0, 
6,Davis,Sacramento Valley,11/28/2019,332,0.03, ,0.02, ,133, ,7.7, ,49.0, ,34.8, ,40.8, ,98, ,72, ,89, ,37.8, ,5.9, ,142.3, ,48.4, 
6,Davis,Sacramento Valley,11/29/2019,333,0.05, ,0.00, ,253, ,6.9, ,55.4, ,30.0, ,41.5, ,96, ,49, ,77, ,34.9, ,2.8, ,67.5, ,47.7, 
6,Davis,Sacramento Valley,11/30/2019,334,0.01, ,0.35, ,57, ,7.9, ,50.0, ,33.9, ,42.6, ,96, ,63, ,85, ,38.5, ,4.6, ,110.1, ,47.7, 
6,Davis,Sacramento Valley,12/1/2019,335,0.00, ,2.12, ,26, ,11.3, ,52.2, ,44.9, ,48.8, ,99, ,92, ,96, ,47.8, ,8.7, ,209.1, ,49.1, 
6,Davis,Sacramento Valley,12/2/2019,336,0.00, ,0.80, ,49, ,11.9, ,52.3, ,45.3, ,49.5, ,100, ,96, ,98, ,49.0, ,6.8, ,162.1, ,50.1, 
6,Davis,Sacramento Valley,12/3/2019,337,0.04, ,0.00, ,194, ,12.9, ,61.6, ,49.6, ,54.2, ,99, ,75, ,90, ,51.3, ,5.8, ,139.3, ,52.0, 
6,Davis,Sacramento Valley,12/4/2019,338,0.00, ,0.59, ,46, ,13.0, ,54.3, ,50.1, ,52.1, ,99, ,97, ,98, ,51.6, ,4.6, ,110.6, ,52.4, 
6,Davis,Sacramento Valley,12/5/2019,339,0.02, ,0.00, ,100, ,13.6, ,58.3, ,51.9, ,54.7, ,100, ,82, ,93, ,52.8, ,3.3, ,79.3, ,53.5, 
6,Davis,Sacramento Valley,12/6/2019,340,0.04, ,0.29, ,167, ,13.4, ,63.8, ,48.7, ,56.0, ,99, ,69, ,88, ,52.4, ,4.5, ,108.7, ,54.1, 
6,Davis,Sacramento Valley,12/7/2019,341,0.04, ,0.44, ,124, ,14.2, ,64.6, ,53.7, ,57.2, ,98, ,67, ,89, ,53.9, ,10.1, ,243.1, ,55.0, 
6,Davis,Sacramento Valley,12/8/2019,342,0.03, ,0.06, ,132, ,13.1, ,62.2, ,50.2, ,54.8, ,99, ,72, ,90, ,51.8, ,4.7, ,112.0, ,54.7, 
6,Davis,Sacramento Valley,12/9/2019,343,0.05, ,0.00, ,229, ,11.1, ,60.5, ,42.1, ,50.1, ,100, ,70, ,90, ,47.3, ,1.9, ,45.4, ,52.8, 
6,Davis,Sacramento Valley,12/10/2019,344,0.01, ,0.16, ,89, ,11.4, ,53.1, ,44.0, ,49.0, ,100, ,87, ,96, ,47.9, ,3.3, ,79.6, ,53.1, 
6,Davis,Sacramento Valley,12/11/2019,345,0.00, ,0.13, ,52, ,12.8, ,54.6, ,49.6, ,52.2, ,99, ,87, ,96, ,51.1, ,3.0, ,71.5, ,53.7, 
6,Davis,Sacramento Valley,12/12/2019,346,0.03, ,0.00, ,129, ,14.5,Y,64.8, ,52.0, ,56.7, ,99, ,78, ,93,Y,54.6,Y,5.9, ,141.2, ,54.8, 
6,Davis,Sacramento Valley,12/13/2019,347,0.00, ,0.04, ,34, ,13.9, ,57.2, ,53.3,Y,55.1, ,99, ,84, ,94, ,53.3, ,5.9, ,142.7, ,55.1, 
6,Davis,Sacramento Valley,12/14/2019,348,0.05, ,0.00, ,209, ,10.6, ,58.1, ,45.0, ,51.7, ,95, ,66, ,81, ,46.0, ,5.0, ,120.3, ,54.3, 
6,Davis,Sacramento Valley,12/15/2019,349,0.05, ,0.00, ,225, ,8.3, ,55.4, ,37.3, ,45.8, ,97, ,58, ,79, ,39.6, ,2.8, ,66.8, ,51.7, 
6,Davis,Sacramento Valley,12/16/2019,350,0.05, ,0.00, ,231, ,7.7, ,53.8, ,36.3, ,43.6, ,97, ,58, ,80, ,37.9, ,3.8, ,92.3, ,49.3, 
6,Davis,Sacramento Valley,12/17/2019,351,0.03, ,0.01, ,155, ,7.8, ,50.8, ,36.2, ,43.1, ,97, ,69, ,83, ,38.2, ,4.3, ,103.2, ,48.5, 
6,Davis,Sacramento Valley,12/18/2019,352,0.02, ,0.21, ,110, ,9.4, ,50.5, ,41.6, ,45.1, ,99, ,81, ,92, ,42.9, ,5.7, ,137.7, ,49.7, 
6,Davis,Sacramento Valley,12/19/2019,353,0.01, ,0.00, ,95, ,11.1, ,55.0, ,44.5, ,48.1, ,100, ,88, ,97, ,47.3, ,3.4, ,81.7, ,50.9, 
6,Davis,Sacramento Valley,12/20/2019,354,0.03, ,0.01, ,172, ,10.7, ,57.3, ,41.2, ,48.6, ,100, ,73, ,92, ,46.3, ,2.4, ,57.6, ,50.8, 
6,Davis,Sacramento Valley,12/21/2019,355,0.01, ,0.00, ,91, ,10.1, ,53.2, ,41.6, ,46.0, ,100, ,81, ,96, ,44.9, ,2.4, ,56.5, ,50.0, 
6,Davis,Sacramento Valley,12/22/2019,356,0.00, ,0.46, ,50, ,10.1, ,52.9, ,37.4, ,45.8, ,100, ,87, ,97, ,44.9, ,5.1, ,123.2, ,49.2, 
6,Davis,Sacramento Valley,12/23/2019,357,0.05, ,0.00, ,215, ,8.9, ,55.6, ,37.7, ,46.1, ,100, ,57, ,84, ,41.5, ,6.2, ,149.6, ,48.9, 
6,Davis,Sacramento Valley,12/24/2019,358,0.03, ,0.00, ,179, ,8.4, ,48.5, ,35.7, ,41.0, ,100, ,79, ,96, ,40.0, ,3.0, ,71.2, ,47.8, 
6,Davis,Sacramento Valley,12/25/2019,359,0.02, ,0.04, ,81, ,9.4, ,52.0, ,41.6, ,45.6, ,100, ,73, ,90, ,42.8, ,6.2, ,149.6, ,48.6, 
6,Davis,Sacramento Valley,12/26/2019,360,0.11, ,0.00, ,221, ,6.8, ,56.1, ,44.0, ,49.1, ,79, ,46, ,58, ,34.8, ,12.9,Y,308.6,Y,48.6, 
6,Davis,Sacramento Valley,12/27/2019,361,0.08, ,0.00, ,228, ,6.4, ,58.5, ,35.7, ,47.0, ,89, ,40, ,58, ,33.1, ,6.4, ,152.7, ,47.8, 
6,Davis,Sacramento Valley,12/28/2019,362,0.05, ,0.00, ,223, ,7.4, ,56.0, ,31.0, ,42.3, ,99, ,50, ,81, ,36.8, ,2.4, ,57.2, ,46.4, 
6,Davis,Sacramento Valley,12/29/2019,363,0.00, ,0.39, ,48, ,9.5, ,51.0, ,41.5, ,45.2, ,100, ,83, ,93, ,43.2, ,4.9, ,117.4, ,47.4, 
6,Davis,Sacramento Valley,12/30/2019,364,0.06, ,0.00, ,227, ,9.4, ,60.8, ,40.8, ,50.4, ,94, ,59, ,75, ,42.8, ,7.0, ,167.1, ,48.3, 
6,Davis,Sacramento Valley,12/31/2019,365,0.05, ,0.00, ,199, ,9.1, ,57.6, ,37.6, ,48.6, ,99, ,59, ,79, ,42.2, ,3.8, ,92.3, ,48.5, 
6,Davis,Sacramento Valley,1/1/2020,001,0.03, ,0.00, ,141, ,10.2, ,55.3, ,41.3, ,47.0, ,99, ,82, ,93, ,45.0, ,2.7, ,64.6, ,48.8, 
6,Davis,Sacramento Valley,1/2/2020,002,0.06, ,0.00, ,219, ,9.1, ,63.4, ,38.5, ,49.0, ,100, ,40, ,77, ,42.0, ,4.2, ,99.6, ,48.2, 
6,Davis,Sacramento Valley,1/3/2020,003,0.04, ,0.00, ,193, ,9.8, ,58.2, ,35.7, ,46.5, ,100, ,70, ,91, ,44.0, ,2.3, ,54.2, ,48.2, 
6,Davis,Sacramento Valley,1/4/2020,004,0.04, ,0.02, ,180, ,10.9, ,56.4, ,41.3, ,48.4, ,100, ,79, ,94, ,46.8, ,4.8, ,115.3, ,49.1, 
6,Davis,Sacramento Valley,1/5/2020,005,0.05, ,0.00, ,237, ,9.0, ,60.6, ,35.7, ,47.5, ,100, ,47, ,80, ,41.8, ,3.5, ,83.3, ,48.4, 
6,Davis,Sacramento Valley,1/6/2020,006,0.06, ,0.00, ,237, ,7.8, ,58.9, ,38.0, ,46.7, ,99, ,50, ,72, ,38.1, ,3.3, ,79.5, ,48.3, 
6,Davis,Sacramento Valley,1/7/2020,007,0.02, ,0.01, ,116, ,8.4, ,46.1, ,33.7, ,40.0, ,100, ,95, ,100, ,40.0, ,3.3, ,80.2, ,46.7, 
6,Davis,Sacramento Valley,1/8/2020,008,0.01, ,0.01, ,69, ,9.7, ,46.9, ,39.3, ,43.8, ,100, ,96, ,99, ,43.6, ,3.2, ,76.8, ,47.7, 
6,Davis,Sacramento Valley,1/9/2020,009,0.02, ,0.29, ,98, ,9.9, ,52.1, ,42.6, ,47.2, ,100, ,64, ,90, ,44.3, ,6.0, ,145.1, ,48.3, 
6,Davis,Sacramento Valley,1/10/2020,010,0.05, ,0.00, ,249, ,7.9, ,54.2, ,34.0, ,44.7, ,96, ,58, ,79, ,38.5, ,4.7, ,113.2, ,47.0, 
6,Davis,Sacramento Valley,1/11/2020,011,0.05, ,0.00, ,234, ,9.4, ,58.9, ,41.0, ,49.2, ,98, ,56, ,79, ,43.0, ,4.3, ,103.4, ,48.5, 
6,Davis,Sacramento Valley,1/12/2020,012,0.04, ,0.00, ,180, ,8.4, ,54.6, ,35.8, ,44.6, ,97, ,61, ,84, ,40.1, ,4.1, ,99.1, ,47.0, 
6,Davis,Sacramento Valley,1/13/2020,013,0.06, ,0.00, ,236, ,9.3, ,58.2, ,37.4, ,48.7, ,96, ,57, ,80, ,42.7, ,6.6, ,159.1, ,48.2, 
6,Davis,Sacramento Valley,1/14/2020,014,0.06, ,0.04, ,238, ,8.7, ,56.6, ,38.3, ,48.5, ,98, ,51, ,75, ,40.8, ,5.9, ,140.5, ,49.0, 
6,Davis,Sacramento Valley,1/15/2020,015,0.03, ,0.00, ,175, ,7.9, ,50.3, ,33.8, ,42.0, ,100, ,67, ,87, ,38.5, ,3.2, ,76.6, ,47.0, 
6,Davis,Sacramento Valley,1/16/2020,016,0.01, ,0.61, ,62, ,8.8, ,48.0, ,40.7, ,44.2, ,97, ,80, ,89, ,41.3, ,7.3, ,175.5, ,46.5, 
6,Davis,Sacramento Valley,1/17/2020,017,0.02, ,0.00, ,128, ,8.5, ,45.8, ,37.7, ,41.3, ,100, ,90, ,97, ,40.4, ,4.7, ,112.6, ,46.3, 
6,Davis,Sacramento Valley,1/18/2020,018,0.06, ,0.00, ,239, ,8.2, ,52.2, ,37.6, ,44.5, ,98, ,64, ,82, ,39.4, ,5.4, ,128.9, ,46.5, 
6,Davis,Sacramento Valley,1/19/2020,019,0.02, ,0.00, ,110, ,8.6, ,47.3, ,36.8, ,41.6, ,100, ,87, ,96, ,40.6, ,2.4, ,58.6, ,46.4, 
6,Davis,Sacramento Valley,1/20/2020,020,0.01, ,0.00, ,80, ,9.6, ,49.6, ,40.2, ,44.7, ,100, ,86, ,95, ,43.4, ,3.3, ,79.7, ,46.8, 
6,Davis,Sacramento Valley,1/21/2020,021,0.01, ,0.04, ,87, ,11.4, ,55.8, ,43.4, ,50.1, ,99, ,86, ,93, ,48.1, ,6.5, ,156.3, ,48.1, 
6,Davis,Sacramento Valley,1/22/2020,022,0.05, ,0.00, ,218, ,11.6, ,59.6, ,45.3, ,51.6, ,100, ,62, ,89, ,48.5, ,3.1, ,74.1, ,50.4, 
6,Davis,Sacramento Valley,1/23/2020,023,0.03, ,0.00, ,156, ,11.2, ,56.7, ,43.1, ,49.6, ,99, ,80, ,93, ,47.5, ,2.3, ,54.0, ,49.5, 
6,Davis,Sacramento Valley,1/24/2020,024,0.05, ,0.00, ,229, ,12.2, ,59.8, ,44.3, ,51.7, ,100, ,81, ,93, ,49.8, ,4.3, ,102.6, ,50.8, 
6,Davis,Sacramento Valley,1/25/2020,025,0.04, ,0.09, ,176, ,13.4, ,59.4, ,47.4, ,53.9, ,100, ,85, ,94, ,52.3, ,3.6, ,86.1, ,52.3, 
6,Davis,Sacramento Valley,1/26/2020,026,0.08, ,0.05, ,288, ,12.6, ,66.1, ,46.8, ,56.6,Y,100, ,49, ,80,Y,50.7,Y,6.5, ,154.8, ,53.7, 
6,Davis,Sacramento Valley,1/27/2020,027,0.07, ,0.00, ,262, ,11.2, ,64.8, ,44.9, ,53.7, ,95, ,63, ,80, ,47.6, ,4.2, ,101.6, ,52.8, 
6,Davis,Sacramento Valley,1/28/2020,028,0.05, ,0.00, ,210, ,11.9, ,62.1, ,47.4, ,52.5, ,99, ,70, ,88, ,49.1, ,6.2, ,149.2, ,52.7, 
6,Davis,Sacramento Valley,1/29/2020,029,0.09, ,0.01, ,269, ,10.5, ,66.5, ,46.9, ,54.1, ,100, ,39, ,73, ,45.7, ,7.6, ,183.0, ,52.2, 
6,Davis,Sacramento Valley,1/30/2020,030,0.07, ,0.00, ,256, ,11.3, ,64.3, ,45.0, ,52.3, ,97, ,59, ,84, ,47.7, ,4.7, ,112.4, ,52.1, 
6,Davis,Sacramento Valley,1/31/2020,031,0.06, ,0.00, ,277, ,11.8, ,66.0, ,41.3, ,52.3, ,100, ,65, ,88, ,48.9, ,1.8, ,44.0, ,52.1, 
6,Davis,Sacramento Valley,2/1/2020,032,0.06, ,0.00, ,291, ,11.8, ,67.3, ,40.8, ,52.1, ,100, ,60, ,89, ,48.9, ,1.5, ,37.2, ,51.9, 
6,Davis,Sacramento Valley,2/2/2020,033,0.08, ,0.01, ,240, ,7.8, ,57.7, ,39.2, ,49.2, ,100, ,27, ,66, ,38.2, ,5.9, ,141.4, ,51.6, 
6,Davis,Sacramento Valley,2/3/2020,034,0.13, ,0.00, ,333, ,4.4, ,53.0, ,36.9, ,44.5, ,68, ,25, ,44, ,24.1, ,11.6, ,279.3, ,48.4, 
6,Davis,Sacramento Valley,2/4/2020,035,0.13, ,0.00, ,314, ,4.4, ,54.7, ,39.0, ,46.2, ,56, ,30, ,41, ,23.9, ,12.8,Y,306.1,Y,47.4, 
6,Davis,Sacramento Valley,2/5/2020,036,0.08, ,0.01, ,308, ,6.5, ,61.1, ,34.0, ,47.6, ,87, ,38, ,58, ,33.6, ,2.8, ,67.5, ,47.9, 
6,Davis,Sacramento Valley,2/6/2020,037,0.08, ,0.00, ,329, ,8.2, ,63.1, ,35.5, ,48.3, ,94, ,48, ,71, ,39.3, ,2.2, ,52.9, ,48.5, 
6,Davis,Sacramento Valley,2/7/2020,038,0.08, ,0.00, ,330, ,9.2, ,65.1, ,35.7, ,49.7, ,100, ,48, ,75, ,42.2, ,2.2, ,53.0, ,49.0, 
6,Davis,Sacramento Valley,2/8/2020,039,0.10, ,0.00, ,315, ,7.9, ,63.4, ,34.8, ,49.3, ,100, ,32, ,66, ,38.6, ,6.9, ,164.4, ,49.2, 
6,Davis,Sacramento Valley,2/9/2020,040,0.23, ,0.00, ,350, ,5.1, ,60.8, ,45.9, ,52.8, ,44, ,29, ,37, ,27.5, ,20.4,R,489.6,R,48.5, 
6,Davis,Sacramento Valley,2/10/2020,041,0.24, ,0.00, ,355, ,5.0, ,71.6, ,49.3, ,59.4, ,40, ,21, ,29, ,27.3, ,15.9,R,382.4,R,49.1, 
6,Davis,Sacramento Valley,2/11/2020,042,0.19, ,0.00, ,355, ,5.9, ,73.5,Y,44.7, ,60.4, ,72, ,19, ,33, ,31.2, ,10.1, ,243.2, ,50.2, 
6,Davis,Sacramento Valley,2/12/2020,043,0.10,R,0.00, ,349, ,7.9, ,67.0, ,38.0, ,53.1, ,90, ,34, ,57, ,38.4, ,3.4, ,82.6, ,49.8, 
6,Davis,Sacramento Valley,2/13/2020,044,0.09, ,0.00, ,347, ,8.9, ,63.8, ,35.9, ,49.8, ,94, ,48, ,73, ,41.5, ,4.3, ,102.9, ,50.2, 
6,Davis,Sacramento Valley,2/14/2020,045,0.08, ,0.00, ,309, ,9.3, ,64.1, ,35.5, ,49.6, ,100, ,48, ,77, ,42.7, ,4.1, ,99.3, ,50.2, 
6,Davis,Sacramento Valley,2/15/2020,046,0.07, ,0.00, ,307, ,10.0, ,65.8, ,38.1, ,51.0, ,100, ,54, ,79, ,44.6, ,2.2, ,52.9, ,50.4, 
6,Davis,Sacramento Valley,2/16/2020,047,0.10, ,0.00, ,343, ,9.6, ,66.0, ,44.4, ,54.8, ,86, ,45, ,66, ,43.6, ,4.1, ,99.6, ,51.8, 
6,Davis,Sacramento Valley,2/17/2020,048,0.23, ,0.00, ,367, ,5.4, ,70.3, ,46.1, ,59.4, ,80, ,15, ,31, ,28.9, ,13.8,Y,331.0,Y,51.3, 
6,Davis,Sacramento Valley,2/18/2020,049,0.15, ,0.00, ,377, ,4.4,Y,66.2, ,43.5, ,55.3, ,59, ,20, ,30,Y,24.2,Y,7.4, ,178.8, ,51.0, 
6,Davis,Sacramento Valley,2/19/2020,050,0.11, ,0.00, ,359, ,6.1, ,65.4, ,38.8, ,51.2, ,69, ,27, ,47, ,31.8, ,3.9, ,93.1, ,49.5, 
6,Davis,Sacramento Valley,2/20/2020,051,0.11, ,0.00, ,345, ,6.9, ,66.8, ,40.1, ,52.9, ,76, ,29, ,51, ,35.2, ,4.4, ,106.7, ,49.7, 
6,Davis,Sacramento Valley,2/21/2020,052,0.14, ,0.00, ,370, ,6.6, ,73.1, ,42.6, ,56.9, ,68, ,22, ,42, ,33.8, ,5.7, ,137.5, ,49.9, 
6,Davis,Sacramento Valley,2/22/2020,053,0.11, ,0.00, ,365, ,8.1, ,73.5, ,41.1, ,55.6, ,85, ,27, ,54, ,39.1, ,4.6, ,109.7, ,51.2, 
6,Davis,Sacramento Valley,2/23/2020,054,0.07, ,0.00, ,294, ,10.3, ,62.6, ,41.0, ,50.8, ,97, ,58, ,81, ,45.2, ,3.6, ,86.2, ,51.7, 
6,Davis,Sacramento Valley,2/24/2020,055,0.19, ,0.00, ,395, ,6.9, ,74.0, ,43.5, ,58.9, ,93, ,13, ,41, ,35.2, ,9.2, ,221.1, ,51.3, 
6,Davis,Sacramento Valley,2/25/2020,056,0.21, ,0.00, ,402, ,5.8, ,76.6,Y,50.6, ,63.6,Y,57, ,18, ,29,Y,30.6,Y,9.7, ,233.9, ,52.0, 
6,Davis,Sacramento Valley,2/26/2020,057,0.11, ,0.00, ,392, ,9.3, ,74.9, ,40.9, ,57.3, ,79, ,34, ,58, ,42.7, ,1.8, ,43.3, ,53.0, 
6,Davis,Sacramento Valley,2/27/2020,058,0.14, ,0.00, ,404, ,8.3, ,76.6,Y,44.4, ,59.0, ,83, ,24, ,49, ,39.8, ,3.9, ,92.6, ,52.8, 
6,Davis,Sacramento Valley,2/28/2020,059,0.10, ,0.00, ,323, ,10.0, ,74.0, ,45.7, ,58.7, ,75, ,40, ,59, ,44.5, ,3.2, ,75.8, ,53.5, 
6,Davis,Sacramento Valley,2/29/2020,060,0.13, ,0.00, ,394, ,8.7, ,67.9, ,42.4, ,55.9, ,86, ,36, ,57, ,40.9, ,5.1, ,123.3, ,54.3, 
6,Davis,Sacramento Valley,3/1/2020,061,0.16, ,0.00, ,293, ,5.7, ,61.8, ,46.8, ,53.2, ,80, ,23, ,41, ,30.3, ,11.6, ,279.2, ,52.1, 
6,Davis,Sacramento Valley,3/2/2020,062,0.26, ,0.00, ,425, ,4.8, ,72.0, ,46.9, ,59.2, ,42, ,16, ,28, ,26.1, ,15.1,R,362.9,R,51.2, 
6,Davis,Sacramento Valley,3/3/2020,063,0.16, ,0.00, ,429, ,8.5, ,80.3,Y,43.1, ,61.7, ,86, ,21, ,45, ,40.2, ,6.2, ,148.1, ,53.1, 
6,Davis,Sacramento Valley,3/4/2020,064,0.13, ,0.01, ,429, ,9.1, ,79.0,Y,42.9, ,59.7, ,82, ,27, ,52, ,42.2, ,1.8, ,43.0, ,54.3, 
6,Davis,Sacramento Valley,3/5/2020,065,0.13, ,0.00, ,414, ,10.6, ,71.4, ,43.2, ,56.4, ,97, ,42, ,68, ,46.0, ,4.1, ,98.0, ,54.6, 
6,Davis,Sacramento Valley,3/6/2020,066,0.10, ,0.00, ,322, ,9.9, ,62.2, ,44.6, ,53.9, ,90, ,52, ,70, ,44.3, ,6.5, ,156.1, ,54.0, 
6,Davis,Sacramento Valley,3/7/2020,067,0.07, ,0.01, ,234, ,9.7, ,58.9, ,41.8, ,50.6, ,89, ,60, ,77, ,43.8, ,7.9, ,188.5, ,52.6, 
6,Davis,Sacramento Valley,3/8/2020,068,0.05, ,0.00, ,212, ,9.0, ,57.3, ,40.5, ,49.3, ,91, ,60, ,75, ,41.8, ,2.8, ,67.4, ,52.5, 
6,Davis,Sacramento Valley,3/9/2020,069,0.13, ,0.00, ,428, ,8.6, ,65.3, ,46.6, ,55.0, ,77, ,41, ,58, ,40.7, ,4.2, ,100.1, ,53.9, 
6,Davis,Sacramento Valley,3/10/2020,070,0.17, ,0.00, ,442, ,8.0, ,75.9, ,44.5, ,59.5, ,75, ,23, ,46, ,38.9, ,7.1, ,171.2, ,53.7, 
6,Davis,Sacramento Valley,3/11/2020,071,0.13, ,0.00, ,449, ,10.8, ,72.7, ,45.4, ,59.3, ,97, ,35, ,63, ,46.6, ,2.8, ,66.7, ,55.4, 
6,Davis,Sacramento Valley,3/12/2020,072,0.21, ,0.00, ,470, ,7.9, ,80.6, ,48.0, ,63.6, ,84, ,18, ,39, ,38.5, ,7.3, ,176.2, ,55.3, 
6,Davis,Sacramento Valley,3/13/2020,073,0.18, ,0.00, ,464, ,9.2, ,66.8, ,41.5, ,56.2, ,90, ,33, ,59, ,42.3, ,10.8, ,258.1, ,54.4, 
6,Davis,Sacramento Valley,3/14/2020,074,0.05, ,0.23, ,216, ,9.9, ,53.9, ,46.1, ,49.5, ,93, ,72, ,82, ,44.3, ,8.6, ,205.3, ,52.8, 
6,Davis,Sacramento Valley,3/15/2020,075,0.07, ,0.43, ,233, ,9.1, ,54.9, ,44.0, ,48.7, ,98, ,54, ,78, ,42.0, ,8.3, ,200.0, ,51.8, 
6,Davis,Sacramento Valley,3/16/2020,076,0.01, ,0.22, ,115, ,8.6, ,47.4,Y,40.3, ,43.7,Y,97, ,76, ,88,Y,40.5,Y,3.9, ,94.2, ,51.1, 
6,Davis,Sacramento Valley,3/17/2020,077,0.07, ,0.00, ,310, ,8.7, ,55.4, ,38.9, ,46.6, ,98, ,55, ,81, ,41.0, ,4.5, ,107.5, ,51.0, 
6,Davis,Sacramento Valley,3/18/2020,078,0.04, ,0.05, ,190, ,9.8, ,53.4, ,43.4, ,48.0, ,97, ,70, ,86, ,43.9, ,4.0, ,96.4, ,52.0, 
6,Davis,Sacramento Valley,3/19/2020,079,0.12, ,0.00, ,478, ,8.7, ,61.8, ,35.5, ,48.8, ,99, ,46, ,74, ,41.0, ,3.4, ,81.4, ,52.6, 
6,Davis,Sacramento Valley,3/20/2020,080,0.12, ,0.00, ,457, ,9.2, ,63.6, ,37.8, ,50.9, ,99, ,46, ,72, ,42.4, ,3.0, ,72.9, ,53.3, 
6,Davis,Sacramento Valley,3/21/2020,081,0.13, ,0.00, ,461, ,9.4, ,65.2, ,40.2, ,52.7, ,92, ,49, ,69, ,43.0, ,3.7, ,89.3, ,53.2, 
6,Davis,Sacramento Valley,3/22/2020,082,0.13, ,0.00, ,459, ,9.9, ,69.0, ,41.5, ,55.3, ,96, ,41, ,66, ,44.2, ,3.9, ,94.3, ,53.8, 
6,Davis,Sacramento Valley,3/23/2020,083,0.16, ,0.00, ,505, ,9.8, ,61.9, ,43.2, ,52.3, ,95, ,53, ,73, ,43.9, ,9.4, ,224.6, ,53.4, 
6,Davis,Sacramento Valley,3/24/2020,084,0.08, ,0.08, ,271, ,9.4, ,57.0, ,40.9, ,49.4, ,90, ,58, ,78, ,42.8, ,7.0, ,169.0, ,52.3, 
6,Davis,Sacramento Valley,3/25/2020,085,0.12, ,0.02, ,458, ,7.6, ,58.4, ,37.6, ,47.0, ,90, ,45, ,70, ,37.5, ,5.7, ,136.1, ,52.1, 
6,Davis,Sacramento Valley,3/26/2020,086,0.13, ,0.00, ,504, ,7.0, ,60.2, ,35.1, ,47.5, ,94, ,35, ,63, ,35.4, ,3.8, ,91.4, ,51.9, 
6,Davis,Sacramento Valley,3/27/2020,087,0.15, ,0.00, ,512, ,7.7, ,63.2, ,34.3, ,49.0, ,96, ,34, ,65, ,37.9, ,4.8, ,115.3, ,51.8, 
6,Davis,Sacramento Valley,3/28/2020,088,0.05, ,0.04, ,221, ,10.5, ,57.6, ,44.9, ,50.8, ,96, ,65, ,83, ,45.8, ,4.6, ,110.5, ,52.3, 
6,Davis,Sacramento Valley,3/29/2020,089,0.10, ,0.00, ,343, ,11.1, ,64.1, ,47.8, ,54.1, ,99, ,53, ,78, ,47.3, ,5.0, ,119.9, ,53.5, 
6,Davis,Sacramento Valley,3/30/2020,090,0.14, ,0.00, ,453, ,10.6, ,66.8, ,46.9, ,55.8, ,92, ,53, ,70, ,46.1, ,6.6, ,157.9, ,54.2, 
6,Davis,Sacramento Valley,3/31/2020,091,0.12, ,0.00, ,376, ,11.7, ,72.1, ,49.0, ,59.0, ,90, ,45, ,68, ,48.6, ,4.4, ,105.6, ,55.7, 
6,Davis,Sacramento Valley,4/1/2020,092,0.18, ,0.01,H,562, ,6.4, ,64.9, ,42.1, ,53.8, ,86, ,23, ,45, ,33.1, ,5.9, ,140.8, ,54.2, 
6,Davis,Sacramento Valley,4/2/2020,093,0.22, ,0.00, ,581, ,5.0, ,67.9, ,44.6, ,55.5, ,74, ,14, ,34, ,27.3, ,8.6, ,205.4, ,53.5, 
6,Davis,Sacramento Valley,4/3/2020,094,0.17, ,0.00, ,551, ,7.1, ,68.4, ,39.8, ,52.9, ,84, ,25, ,52, ,35.6, ,5.4, ,129.4, ,53.4, 
6,Davis,Sacramento Valley,4/4/2020,095,0.03, ,0.48, ,143, ,11.1, ,58.4, ,42.4, ,50.2, ,98, ,69, ,89, ,47.3, ,6.7, ,161.9, ,52.6, 
6,Davis,Sacramento Valley,4/5/2020,096,0.03, ,0.52, ,143, ,11.3, ,55.1, ,45.6, ,51.1, ,98, ,69, ,88, ,47.8, ,7.6, ,182.0, ,53.1, 
6,Davis,Sacramento Valley,4/6/2020,097,0.07, ,0.18, ,290, ,9.8, ,56.9, ,40.5, ,47.4, ,97, ,63, ,88, ,44.0, ,4.2, ,101.9, ,52.7, 
6,Davis,Sacramento Valley,4/7/2020,098,0.14, ,0.00, ,530, ,10.5, ,65.8, ,42.3, ,53.8, ,99, ,47, ,74, ,45.9, ,3.2, ,76.8, ,54.1, 
6,Davis,Sacramento Valley,4/8/2020,099,0.07, ,0.00, ,279, ,11.9, ,62.3, ,46.9, ,54.6, ,93, ,68, ,82, ,49.1, ,4.9, ,118.2, ,54.9, 
6,Davis,Sacramento Valley,4/9/2020,100,0.10, ,0.00, ,362, ,11.9, ,63.1, ,50.4, ,55.7, ,97, ,57, ,79, ,49.2, ,4.6, ,111.2, ,55.1, 
6,Davis,Sacramento Valley,4/10/2020,101,0.17, ,0.00, ,545, ,12.4, ,71.4, ,46.9, ,58.8, ,99, ,51, ,73, ,50.3, ,4.6, ,111.4, ,56.5, 
6,Davis,Sacramento Valley,4/11/2020,102,0.17, ,0.00, ,573, ,12.5, ,67.7, ,44.9, ,55.9, ,98, ,64, ,82, ,50.4, ,6.3, ,150.9, ,57.3, 
6,Davis,Sacramento Valley,4/12/2020,103,0.13, ,0.00, ,441, ,13.2, ,73.0, ,47.6, ,58.7, ,98, ,53, ,78, ,52.0, ,4.8, ,116.1, ,58.0, 
6,Davis,Sacramento Valley,4/13/2020,104,0.23, ,0.00, ,605, ,8.5, ,76.2, ,44.4, ,60.7, ,98, ,18, ,47, ,40.2, ,7.2, ,172.8, ,57.9, 
6,Davis,Sacramento Valley,4/14/2020,105,0.27, ,0.00, ,622, ,5.5, ,79.6, ,48.8, ,64.5, ,61, ,12, ,27, ,29.6, ,7.5, ,180.5, ,57.3, 
6,Davis,Sacramento Valley,4/15/2020,106,0.20, ,0.00, ,583, ,9.5, ,81.4, ,44.9, ,62.7, ,80, ,26, ,49, ,43.1, ,3.3, ,80.1, ,57.9, 
6,Davis,Sacramento Valley,4/16/2020,107,0.20, ,0.00, ,598, ,12.1, ,79.1, ,47.8, ,62.1, ,95, ,33, ,64, ,49.6, ,5.0, ,121.0, ,59.3, 
6,Davis,Sacramento Valley,4/17/2020,108,0.18, ,0.00, ,520, ,11.8, ,70.6, ,50.8, ,58.7, ,91, ,51, ,70, ,49.0, ,7.1, ,170.4, ,59.1, 
6,Davis,Sacramento Valley,4/18/2020,109,0.20, ,0.00, ,601, ,10.2, ,69.4, ,47.5, ,57.3, ,85, ,46, ,63, ,44.9, ,6.2, ,149.6, ,58.1, 
6,Davis,Sacramento Valley,4/19/2020,110,0.19, ,0.00, ,612, ,10.3, ,68.9, ,47.9, ,57.9, ,83, ,48, ,63, ,45.4, ,5.7, ,136.4, ,58.1, 
6,Davis,Sacramento Valley,4/20/2020,111,0.12, ,0.00, ,358, ,10.6, ,69.6, ,50.8, ,58.4, ,84, ,43, ,64, ,46.1, ,5.2, ,124.1, ,58.1, 
6,Davis,Sacramento Valley,4/21/2020,112,0.20, ,0.00, ,613, ,11.6, ,78.3, ,44.5, ,60.8, ,94, ,37, ,63, ,48.4, ,4.3, ,102.2, ,59.6, 
6,Davis,Sacramento Valley,4/22/2020,113,0.21, ,0.00, ,595, ,12.8, ,82.9, ,48.6, ,66.7, ,88, ,35, ,57, ,51.1, ,4.0, ,94.9, ,61.2, 
6,Davis,Sacramento Valley,4/23/2020,114,0.24, ,0.00, ,612, ,12.2, ,84.7, ,56.9, ,71.6, ,86, ,27, ,46, ,49.7, ,5.0, ,120.3, ,62.3, 
6,Davis,Sacramento Valley,4/24/2020,115,0.26, ,0.00, ,635, ,10.5, ,89.6, ,54.4, ,73.0, ,66, ,17, ,38, ,45.7, ,5.6, ,133.7, ,62.3, 
6,Davis,Sacramento Valley,4/25/2020,116,0.24, ,0.00, ,575, ,12.3, ,88.7, ,60.2, ,73.3, ,66, ,21, ,44, ,50.1, ,4.9, ,116.4, ,63.6, 
6,Davis,Sacramento Valley,4/26/2020,117,0.24, ,0.00, ,633, ,12.5, ,84.0, ,53.3, ,68.0, ,89, ,35, ,53, ,50.4, ,4.8, ,115.4, ,63.9, 
6,Davis,Sacramento Valley,4/27/2020,118,0.22, ,0.00, ,611, ,11.4, ,83.6, ,50.6, ,67.6, ,71, ,27, ,49, ,47.9, ,3.9, ,93.1, ,64.0, 
6,Davis,Sacramento Valley,4/28/2020,119,0.26, ,0.00, ,632, ,13.9, ,89.4, ,62.3,Y,74.2, ,73, ,31, ,48, ,53.4, ,5.7, ,136.9, ,65.5, 
6,Davis,Sacramento Valley,4/29/2020,120,0.20, ,0.00, ,518, ,14.7, ,83.4, ,57.4, ,68.1, ,85, ,41, ,62, ,54.8, ,6.4, ,152.9, ,65.1, 
6,Davis,Sacramento Valley,4/30/2020,121,0.26, ,0.00, ,646, ,9.8, ,82.2, ,53.2, ,67.7, ,84, ,19, ,42, ,43.9, ,6.2, ,147.6, ,64.7, 
6,Davis,Sacramento Valley,5/1/2020,122,0.23, ,0.00, ,650, ,9.3, ,81.7, ,48.8, ,63.4, ,71, ,24, ,47, ,42.7, ,4.9, ,117.0, ,64.7, 
6,Davis,Sacramento Valley,5/2/2020,123,0.20, ,0.00, ,536, ,12.8, ,74.0, ,52.8, ,63.5, ,89, ,48, ,64, ,51.2, ,7.0, ,168.4, ,64.6, 
6,Davis,Sacramento Valley,5/3/2020,124,0.24, ,0.00, ,672, ,8.9, ,77.0, ,50.5, ,62.7, ,85, ,27, ,46, ,41.4, ,6.0, ,143.2, ,63.6, 
6,Davis,Sacramento Valley,5/4/2020,125,0.22, ,0.00, ,651, ,8.8, ,83.0, ,44.7, ,63.9, ,80, ,19, ,44, ,41.3, ,3.6, ,86.4, ,62.9, 
6,Davis,Sacramento Valley,5/5/2020,126,0.25, ,0.00, ,659, ,9.6, ,84.0, ,47.7, ,65.5, ,77, ,20, ,45, ,43.4, ,5.2, ,124.7, ,64.0, 
6,Davis,Sacramento Valley,5/6/2020,127,0.31, ,0.01,H,673, ,7.7, ,83.3, ,47.0, ,67.3, ,89, ,9, ,34, ,37.7, ,9.0, ,215.6, ,62.6, 
6,Davis,Sacramento Valley,5/7/2020,128,0.34, ,0.00, ,670, ,6.5, ,89.8, ,59.2, ,75.5, ,57, ,12, ,22, ,33.5, ,8.6, ,206.2, ,63.2, 
6,Davis,Sacramento Valley,5/8/2020,129,0.25, ,0.00, ,631, ,10.4, ,94.5, ,51.6, ,73.8, ,69, ,14, ,36, ,45.6, ,3.1, ,74.0, ,64.4, 
6,Davis,Sacramento Valley,5/9/2020,130,0.27, ,0.00, ,661, ,11.8, ,89.4, ,53.4, ,69.9, ,77, ,16, ,47, ,48.9, ,5.4, ,130.2, ,65.3, 
6,Davis,Sacramento Valley,5/10/2020,131,0.24, ,0.00, ,631, ,11.8, ,81.9, ,53.0, ,64.8, ,84, ,33, ,56, ,48.9, ,6.6, ,157.7, ,65.9, 
6,Davis,Sacramento Valley,5/11/2020,132,0.16, ,0.02, ,418, ,11.1, ,73.5, ,52.2, ,60.4, ,89, ,27, ,62, ,47.2, ,8.5, ,204.4, ,63.0, 
6,Davis,Sacramento Valley,5/12/2020,133,0.18, ,0.00, ,487, ,12.0, ,68.7, ,54.4, ,60.4, ,93, ,49, ,67, ,49.4, ,9.7, ,233.1, ,62.6, 
6,Davis,Sacramento Valley,5/13/2020,134,0.11, ,0.00, ,340, ,12.4, ,67.0, ,49.2, ,58.3, ,90, ,60, ,74, ,50.2, ,7.4, ,178.1, ,61.8, 
6,Davis,Sacramento Valley,5/14/2020,135,0.15, ,0.00, ,431, ,12.8, ,70.4, ,52.2, ,61.0, ,86, ,51, ,70, ,51.2, ,6.6, ,158.1, ,61.9, 
6,Davis,Sacramento Valley,5/15/2020,136,0.22, ,0.00, ,638, ,12.5, ,78.5, ,49.2, ,64.4, ,93, ,38, ,61, ,50.6, ,4.6, ,111.2, ,63.5, 
6,Davis,Sacramento Valley,5/16/2020,137,0.25, ,0.00, ,592, ,11.9, ,79.8, ,56.9, ,67.1, ,78, ,32, ,52, ,49.1, ,7.6, ,182.6, ,64.5, 
6,Davis,Sacramento Valley,5/17/2020,138,0.23, ,0.00, ,557, ,13.5, ,75.4, ,57.4, ,64.9, ,93, ,40, ,64, ,52.6, ,10.8, ,258.1, ,64.0, 
6,Davis,Sacramento Valley,5/18/2020,139,0.20, ,0.17,R,590, ,12.2, ,68.2, ,51.4, ,59.6, ,95, ,49, ,70, ,49.8, ,7.7, ,185.8, ,62.9, 
6,Davis,Sacramento Valley,5/19/2020,140,0.19, ,0.00, ,556, ,11.6, ,72.4, ,47.9, ,60.0, ,95, ,44, ,66, ,48.4, ,6.0, ,144.9, ,62.7, 
6,Davis,Sacramento Valley,5/20/2020,141,0.20, ,0.00, ,615, ,12.6, ,77.0, ,51.5, ,62.5, ,90, ,37, ,65, ,50.6, ,4.9, ,117.7, ,63.4, 
6,Davis,Sacramento Valley,5/21/2020,142,0.25, ,0.01, ,666, ,13.0, ,82.8, ,53.0, ,68.2, ,88, ,36, ,55, ,51.5, ,5.5, ,132.7, ,65.1, 
6,Davis,Sacramento Valley,5/22/2020,143,0.30, ,0.00, ,715, ,7.6, ,78.0, ,50.1, ,66.1, ,81, ,17, ,35, ,37.4, ,8.4, ,200.6, ,64.2, 
6,Davis,Sacramento Valley,5/23/2020,144,0.31, ,0.00, ,708, ,6.9, ,84.3, ,57.9, ,71.3, ,54, ,10, ,26, ,35.1, ,8.0, ,193.0, ,64.2, 
6,Davis,Sacramento Valley,5/24/2020,145,0.29, ,0.00, ,710, ,9.9, ,91.0, ,52.5, ,73.0, ,75, ,15, ,36, ,44.3, ,5.0, ,120.8, ,64.3, 
6,Davis,Sacramento Valley,5/25/2020,146,0.28, ,0.00, ,685, ,13.3, ,96.3, ,58.8, ,78.9, ,71, ,21, ,39, ,52.1, ,3.5, ,83.2, ,66.5, 
6,Davis,Sacramento Valley,5/26/2020,147,0.28, ,0.01, ,686, ,15.9, ,99.4, ,63.9,Y,82.2,Y,75, ,24, ,42,Y,57.0,Y,3.7, ,87.9, ,69.1, 
6,Davis,Sacramento Valley,5/27/2020,148,0.30, ,0.06, ,696, ,15.8, ,100.0, ,65.8,Y,82.1,Y,86, ,18, ,42,Y,56.9,Y,4.3, ,104.1, ,70.6, 
6,Davis,Sacramento Valley,5/28/2020,149,0.28, ,0.00, ,710, ,15.1, ,99.8, ,59.1, ,76.9, ,87, ,17, ,48, ,55.6, ,4.3, ,104.0, ,71.2, 
6,Davis,Sacramento Valley,5/29/2020,150,0.25, ,0.03, ,610, ,14.9, ,85.6, ,57.9, ,69.5, ,85, ,42, ,60, ,55.2, ,6.7, ,160.8, ,70.0, 
6,Davis,Sacramento Valley,5/30/2020,151,0.18, ,0.00, ,477, ,13.8, ,75.8, ,60.7, ,67.3, ,79, ,46, ,61, ,53.2, ,6.5, ,156.8, ,68.6, 
6,Davis,Sacramento Valley,5/31/2020,152,0.21, ,0.00, ,570, ,14.4, ,79.0, ,57.1, ,67.7, ,86, ,43, ,62, ,54.4, ,5.4, ,129.1, ,68.4, 
6,Davis,Sacramento Valley,6/1/2020,153,0.24, ,0.00, ,652, ,12.9, ,85.0, ,57.2, ,71.1, ,86, ,27, ,50, ,51.3, ,3.8, ,91.5, ,68.8, 
6,Davis,Sacramento Valley,6/2/2020,154,0.29, ,0.00, ,704, ,14.3, ,95.1, ,60.8, ,78.9, ,74, ,22, ,42, ,54.0, ,4.5, ,106.9, ,70.3, 
6,Davis,Sacramento Valley,6/3/2020,155,0.29, ,0.03, ,702, ,14.5, ,98.9, ,62.6, ,80.1, ,78, ,18, ,41, ,54.5, ,4.0, ,94.9, ,71.8, 
6,Davis,Sacramento Valley,6/4/2020,156,0.30, ,0.01, ,711, ,14.2, ,98.2, ,60.3, ,78.4, ,79, ,15, ,43, ,54.0, ,5.2, ,124.0, ,72.7, 
6,Davis,Sacramento Valley,6/5/2020,157,0.30, ,0.00, ,686, ,12.2, ,77.6, ,56.3, ,65.8, ,74, ,38, ,56, ,49.8, ,12.9,Y,310.2,Y,68.9, 
6,Davis,Sacramento Valley,6/6/2020,158,0.28, ,0.00, ,705, ,9.4, ,79.0, ,52.0, ,64.5, ,77, ,23, ,45, ,42.8, ,7.7, ,184.0, ,67.5, 
6,Davis,Sacramento Valley,6/7/2020,159,0.25, ,0.00, ,723, ,7.7, ,74.6, ,50.8, ,63.5, ,61, ,24, ,38, ,37.8, ,5.4, ,130.7, ,67.8, 
6,Davis,Sacramento Valley,6/8/2020,160,0.32, ,0.00, ,741, ,6.8,Y,82.4, ,56.0, ,68.2, ,50, ,9, ,29,Y,34.5,Y,9.2, ,220.0, ,67.9, 
6,Davis,Sacramento Valley,6/9/2020,161,0.28, ,0.00, ,723, ,10.0, ,90.2, ,53.5, ,72.9, ,64, ,19, ,36, ,44.5, ,4.4, ,106.0, ,67.9, 
6,Davis,Sacramento Valley,6/10/2020,162,0.28, ,0.04, ,703, ,13.3, ,94.2, ,58.5, ,75.8, ,83, ,19, ,44, ,52.1, ,4.1, ,99.0, ,69.8, 
6,Davis,Sacramento Valley,6/11/2020,163,0.28, ,0.00, ,682, ,13.5, ,92.2, ,58.0, ,74.2, ,85, ,19, ,47, ,52.5, ,6.0, ,144.0, ,70.6, 
6,Davis,Sacramento Valley,6/12/2020,164,0.21, ,0.00, ,525, ,12.7, ,78.2, ,55.6, ,66.7, ,78, ,39, ,57, ,50.8, ,9.3, ,222.3, ,68.3, 
6,Davis,Sacramento Valley,6/13/2020,165,0.23, ,0.00, ,643, ,11.1, ,76.5, ,54.6, ,64.3, ,80, ,34, ,54, ,47.3, ,6.2, ,148.3, ,66.9, 
6,Davis,Sacramento Valley,6/14/2020,166,0.25, ,0.00, ,701, ,13.0, ,83.9, ,52.8, ,68.4, ,80, ,31, ,55, ,51.6, ,4.0, ,95.7, ,68.2, 
6,Davis,Sacramento Valley,6/15/2020,167,0.24, ,0.00, ,542, ,13.7, ,85.6, ,59.2, ,71.0, ,76, ,30, ,53, ,53.0, ,6.7, ,160.4, ,68.6, 
6,Davis,Sacramento Valley,6/16/2020,168,0.27, ,0.00, ,726, ,11.3, ,80.2, ,56.5, ,68.1, ,73, ,31, ,48, ,47.7, ,6.0, ,143.3, ,68.4, 
6,Davis,Sacramento Valley,6/17/2020,169,0.38, ,0.00, ,749, ,8.7, ,87.4, ,62.6, ,73.9, ,50, ,18, ,30, ,40.8, ,11.9,Y,286.8,Y,68.1, 
6,Davis,Sacramento Valley,6/18/2020,170,0.33, ,0.00, ,736, ,9.4, ,93.1, ,59.2, ,76.4, ,60, ,11, ,30, ,42.9, ,5.9, ,142.2, ,69.0, 
6,Davis,Sacramento Valley,6/19/2020,171,0.29, ,0.00, ,718, ,13.4, ,93.7, ,58.4, ,75.5, ,69, ,25, ,44, ,52.3, ,4.5, ,108.3, ,70.0, 
6,Davis,Sacramento Valley,6/20/2020,172,0.26, ,0.00, ,698, ,15.4, ,88.5, ,56.3, ,70.5, ,85, ,35, ,61, ,56.2, ,5.1, ,122.9, ,70.2, 
6,Davis,Sacramento Valley,6/21/2020,173,0.28, ,0.00, ,701, ,16.0, ,93.2, ,58.3, ,74.2, ,84, ,31, ,55, ,57.2, ,4.6, ,109.5, ,71.1, 
6,Davis,Sacramento Valley,6/22/2020,174,0.29, ,0.00, ,902,R,17.7, ,95.9, ,65.2, ,85.1, ,84, ,30, ,43, ,60.1, ,6.1, ,146.2, ,74.2, 
6,Davis,Sacramento Valley,6/23/2020,175,0.28, ,0.00, ,695, ,16.8, ,94.0, ,60.6, ,75.3, ,79, ,33, ,56, ,58.5, ,5.2, ,125.6, ,73.1, 
6,Davis,Sacramento Valley,6/24/2020,176,0.27, ,0.00, ,692, ,17.1, ,94.8, ,59.4, ,75.2, ,83, ,34, ,57, ,59.0, ,4.9, ,117.5, ,73.2, 
6,Davis,Sacramento Valley,6/25/2020,177,0.28, ,0.00, ,693, ,17.7, ,96.8, ,62.0, ,77.1, ,81, ,36, ,56, ,60.0, ,5.1, ,123.4, ,74.0, 
6,Davis,Sacramento Valley,6/26/2020,178,0.29, ,0.00, ,696, ,18.1, ,98.6, ,62.8, ,77.9, ,78, ,35, ,56, ,60.7, ,5.1, ,123.5, ,74.2, 
6,Davis,Sacramento Valley,6/27/2020,179,0.28, ,0.00, ,698, ,15.5, ,89.3, ,59.4, ,70.8, ,82, ,40, ,60, ,56.4, ,8.2, ,195.7, ,72.4, 
6,Davis,Sacramento Valley,6/28/2020,180,0.27, ,0.00, ,706, ,12.8, ,82.0, ,57.2, ,68.2, ,78, ,34, ,54, ,51.1, ,7.6, ,181.4, ,70.2, 
6,Davis,Sacramento Valley,6/29/2020,181,0.37, ,0.00, ,735, ,9.3,Y,88.2, ,62.3, ,75.0, ,64, ,17, ,31,Y,42.5,Y,10.9,R,262.5,R,70.2, 
6,Davis,Sacramento Valley,6/30/2020,182,0.30, ,0.00, ,716, ,12.2, ,91.1, ,56.9, ,74.2, ,70, ,20, ,42, ,49.8, ,4.7, ,113.6, ,71.0, 
6,Davis,Sacramento Valley,7/1/2020,183,0.26, ,0.00, ,718, ,13.8, ,91.1, ,55.3, ,71.9, ,85, ,25, ,52, ,53.1, ,3.2, ,77.7, ,71.3, 
6,Davis,Sacramento Valley,7/2/2020,184,0.27, ,0.00, ,726, ,13.6, ,85.2, ,54.3, ,67.8, ,85, ,32, ,59, ,52.8, ,6.1, ,145.3, ,70.2, 
6,Davis,Sacramento Valley,7/3/2020,185,0.24, ,0.00, ,711, ,13.6, ,86.8, ,55.3, ,68.8, ,81, ,26, ,57, ,52.7, ,3.7, ,88.9, ,69.8, 
6,Davis,Sacramento Valley,7/4/2020,186,0.27, ,0.00, ,714, ,13.3, ,93.1, ,53.3, ,73.2, ,83, ,25, ,48, ,52.2, ,3.7, ,88.2, ,71.0, 
6,Davis,Sacramento Valley,7/5/2020,187,0.30, ,0.00, ,720, ,12.4, ,94.8, ,57.5, ,75.9, ,67, ,22, ,40, ,50.2, ,4.6, ,111.0, ,71.9, 
6,Davis,Sacramento Valley,7/6/2020,188,0.31, ,0.00, ,725, ,12.1, ,90.3, ,55.9, ,72.2, ,72, ,27, ,45, ,49.7, ,6.7, ,160.6, ,70.6, 
6,Davis,Sacramento Valley,7/7/2020,189,0.27, ,0.00, ,718, ,12.3, ,88.5, ,52.9, ,70.6, ,81, ,26, ,48, ,50.0, ,4.6, ,109.7, ,70.9, 
6,Davis,Sacramento Valley,7/8/2020,190,0.30, ,0.00, ,711, ,13.5, ,93.4, ,58.1, ,75.5, ,78, ,23, ,45, ,52.5, ,5.0, ,120.7, ,71.7, 
6,Davis,Sacramento Valley,7/9/2020,191,0.28, ,0.00, ,710, ,14.2, ,95.7, ,55.0, ,75.7, ,83, ,20, ,47, ,53.9, ,4.2, ,101.3, ,71.9, 
6,Davis,Sacramento Valley,7/10/2020,192,0.29, ,0.00, ,717, ,13.8, ,96.9, ,58.5, ,77.5, ,72, ,21, ,43, ,53.1, ,4.1, ,99.4, ,72.9, 
6,Davis,Sacramento Valley,7/11/2020,193,0.29, ,0.00, ,728, ,13.1, ,100.6, ,58.5, ,77.6, ,80, ,11, ,41, ,51.8, ,3.6, ,86.9, ,72.9, 
6,Davis,Sacramento Valley,7/12/2020,194,0.30, ,0.00, ,733, ,12.8, ,100.7, ,56.1, ,78.1, ,73, ,12, ,39, ,51.0, ,4.5, ,108.3, ,73.4, 
6,Davis,Sacramento Valley,7/13/2020,195,0.28, ,0.00, ,697, ,15.4, ,89.5, ,60.1, ,72.4, ,80, ,34, ,56, ,56.1, ,5.8, ,140.0, ,73.2, 
6,Davis,Sacramento Valley,7/14/2020,196,0.26, ,0.00, ,693, ,15.1, ,88.4, ,56.4, ,70.6, ,86, ,33, ,59, ,55.7, ,5.0, ,119.4, ,72.1, 
6,Davis,Sacramento Valley,7/15/2020,197,0.27, ,0.00, ,678, ,15.5, ,91.2, ,56.4, ,72.4, ,87, ,33, ,57, ,56.3, ,5.8, ,139.3, ,72.2, 
6,Davis,Sacramento Valley,7/16/2020,198,0.27, ,0.00, ,673, ,15.2, ,90.0, ,58.9, ,72.3, ,81, ,38, ,56, ,55.9, ,5.8, ,138.1, ,72.8, 
6,Davis,Sacramento Valley,7/17/2020,199,0.28, ,0.00, ,683, ,14.8, ,89.5, ,58.5, ,71.9, ,80, ,29, ,55, ,55.0, ,6.9, ,165.4, ,72.1, 
6,Davis,Sacramento Valley,7/18/2020,200,0.27, ,0.00, ,674, ,16.0, ,94.6, ,58.6, ,75.6, ,81, ,27, ,53, ,57.3, ,4.6, ,110.2, ,73.4, 
6,Davis,Sacramento Valley,7/19/2020,201,0.28, ,0.00, ,683, ,15.1, ,90.3, ,58.7, ,73.3, ,80, ,36, ,54, ,55.7, ,5.8, ,138.9, ,73.2, 
6,Davis,Sacramento Valley,7/20/2020,202,0.25, ,0.00, ,664, ,15.3, ,87.2, ,56.9, ,69.9, ,86, ,41, ,61, ,56.0, ,5.6, ,135.0, ,72.0, 
6,Davis,Sacramento Valley,7/21/2020,203,0.24, ,0.00, ,628, ,15.6, ,87.5, ,57.7, ,70.2, ,87, ,39, ,62, ,56.5, ,6.0, ,144.9, ,72.1, 
6,Davis,Sacramento Valley,7/22/2020,204,0.26, ,0.00, ,699, ,15.0, ,85.5, ,56.8, ,69.0, ,86, ,36, ,62, ,55.4, ,6.6, ,158.1, ,71.5, 
6,Davis,Sacramento Valley,7/23/2020,205,0.26, ,0.00, ,667, ,15.3, ,89.4, ,55.1, ,70.4, ,91, ,31, ,60, ,55.9, ,5.3, ,126.5, ,71.5, 
6,Davis,Sacramento Valley,7/24/2020,206,0.26, ,0.00, ,671, ,15.1, ,88.8, ,57.0, ,70.1, ,85, ,37, ,60, ,55.7, ,5.8, ,140.0, ,71.8, 
6,Davis,Sacramento Valley,7/25/2020,207,0.26, ,0.00, ,672, ,13.7, ,93.6, ,53.9, ,71.5, ,87, ,18, ,52, ,53.0, ,4.9, ,117.0, ,71.8, 
6,Davis,Sacramento Valley,7/26/2020,208,0.26, ,0.00, ,658, ,14.8, ,95.4, ,57.8, ,74.6, ,81, ,27, ,51, ,55.0, ,4.6, ,110.0, ,72.7, 
6,Davis,Sacramento Valley,7/27/2020,209,0.27, ,0.00, ,656, ,14.4, ,96.8, ,59.5, ,74.8, ,75, ,26, ,49, ,54.4, ,5.4, ,130.6, ,72.8, 
6,Davis,Sacramento Valley,7/28/2020,210,0.26, ,0.00, ,659, ,15.4, ,96.0, ,57.6, ,74.4, ,81, ,30, ,53, ,56.2, ,4.6, ,110.0, ,72.8, 
6,Davis,Sacramento Valley,7/29/2020,211,0.27, ,0.00, ,693, ,14.0, ,96.2, ,55.3, ,73.7, ,87, ,20, ,49, ,53.6, ,4.4, ,105.7, ,72.9, 
6,Davis,Sacramento Valley,7/30/2020,212,0.26, ,0.00, ,675, ,14.2, ,94.3, ,56.6, ,72.7, ,83, ,23, ,52, ,54.0, ,4.9, ,117.4, ,72.4, 
6,Davis,Sacramento Valley,7/31/2020,213,0.26, ,0.00, ,697, ,14.2, ,93.4, ,53.2, ,71.7, ,88, ,26, ,54, ,53.9, ,4.4, ,105.0, ,72.0, 
6,Davis,Sacramento Valley,8/1/2020,214,0.25, ,0.00, ,663, ,14.3, ,92.8, ,52.8, ,72.0, ,89, ,26, ,53, ,54.2, ,4.1, ,99.5, ,72.6, 
6,Davis,Sacramento Valley,8/2/2020,215,0.25, ,0.00, ,659, ,15.3, ,93.4, ,56.3, ,73.2, ,86, ,28, ,55, ,55.9, ,4.1, ,98.8, ,73.2, 
6,Davis,Sacramento Valley,8/3/2020,216,0.26, ,0.00, ,632, ,14.8, ,95.1, ,59.1, ,75.7, ,77, ,27, ,49, ,55.0, ,4.6, ,109.8, ,73.7, 
6,Davis,Sacramento Valley,8/4/2020,217,0.25, ,0.00, ,654, ,16.3, ,90.1, ,58.9, ,72.1, ,86, ,35, ,61, ,57.8, ,5.9, ,141.3, ,73.5, 
6,Davis,Sacramento Valley,8/5/2020,218,0.24, ,0.00, ,644, ,15.4, ,80.3, ,58.3, ,66.9, ,86, ,48, ,68, ,56.2, ,8.9,Y,212.4,Y,71.6, 
6,Davis,Sacramento Valley,8/6/2020,219,0.21, ,0.00, ,561, ,15.4, ,86.4, ,54.9, ,68.6, ,93, ,39, ,64, ,56.2, ,5.5, ,132.1, ,71.2, 
6,Davis,Sacramento Valley,8/7/2020,220,0.24, ,0.00, ,631, ,15.7, ,90.4, ,57.2, ,72.8, ,87, ,30, ,57, ,56.8, ,4.4, ,106.7, ,72.4, 
6,Davis,Sacramento Valley,8/8/2020,221,0.25, ,0.00, ,619, ,16.4, ,93.0, ,60.8, ,75.3, ,80, ,30, ,55, ,57.9, ,4.4, ,104.6, ,73.2, 
6,Davis,Sacramento Valley,8/9/2020,222,0.26, ,0.00, ,611, ,15.9, ,96.7, ,60.8, ,77.5, ,80, ,25, ,49, ,57.0, ,4.7, ,112.9, ,74.4, 
6,Davis,Sacramento Valley,8/10/2020,223,0.26, ,0.00, ,608, ,15.7, ,95.5, ,62.6, ,76.2, ,73, ,31, ,51, ,56.7, ,5.2, ,125.4, ,74.1, 
6,Davis,Sacramento Valley,8/11/2020,224,0.25, ,0.00, ,628, ,15.6, ,87.5, ,60.3, ,71.9, ,81, ,39, ,58, ,56.5, ,6.2, ,147.8, ,72.8, 
6,Davis,Sacramento Valley,8/12/2020,225,0.25, ,0.00, ,633, ,14.9, ,95.3, ,57.1, ,74.2, ,89, ,21, ,52, ,55.3, ,5.0, ,120.6, ,72.6, 
6,Davis,Sacramento Valley,8/13/2020,226,0.27, ,0.00, ,614, ,12.8, ,98.4, ,58.3, ,79.6, ,72, ,19, ,37, ,51.1, ,4.4, ,104.6, ,72.9, 
6,Davis,Sacramento Valley,8/14/2020,227,0.27,R,0.00, ,582, ,14.4, ,103.2, ,69.2,R,85.1,Y,60, ,18, ,35,Y,54.2,Y,4.6, ,110.3, ,74.4, 
6,Davis,Sacramento Valley,8/15/2020,228,0.27, ,0.00, ,606, ,16.2, ,105.7,Y,69.9,R,86.7,R,63,H,13,H,,R,,I,3.4, ,80.7, ,75.6, 
6,Davis,Sacramento Valley,8/16/2020,229,0.22,H,0.00, ,411, ,18.1,Y,102.5, ,,S,87.5,R,65,H,24,H,,R,,I,6.0, ,145.0, ,75.7, 
6,Davis,Sacramento Valley,8/17/2020,230,0.22,R,0.00, ,392, ,18.2,Y,100.1, ,,S,87.9,R,39,H,29,H,,R,,I,7.5, ,179.5, ,76.6, 
6,Davis,Sacramento Valley,8/18/2020,231,0.20,R,0.00, ,450, ,18.1,Y,101.9, ,71.3,R,86.8,R,71,H,28,H,,R,,I,3.5, ,83.0, ,76.7, 
6,Davis,Sacramento Valley,8/19/2020,232,0.17,R,0.00, ,368, ,14.1, ,98.3, ,68.0,Y,83.1,Y,73,H,17,H,36,Y,53.7,Y,3.3, ,78.6, ,76.0, 
6,Davis,Sacramento Valley,8/20/2020,233,0.13, ,0.00, ,342, ,13.5, ,86.3, ,59.2, ,72.6, ,79, ,28, ,49, ,52.6, ,2.9, ,69.8, ,73.8, 
6,Davis,Sacramento Valley,8/21/2020,234,0.17, ,0.00, ,436, ,16.9, ,90.2, ,58.5, ,73.3, ,86, ,32, ,60, ,58.7, ,3.3, ,79.5, ,73.1, 
6,Davis,Sacramento Valley,8/22/2020,235,0.22, ,0.00, ,546, ,16.8, ,96.3, ,62.7, ,77.5, ,82, ,23, ,52, ,58.6, ,4.0, ,96.9, ,73.8, 
6,Davis,Sacramento Valley,8/23/2020,236,0.25, ,0.00, ,520, ,14.1, ,95.6, ,63.5, ,78.2, ,74, ,15, ,43, ,53.7, ,5.2, ,124.4, ,73.1, 
6,Davis,Sacramento Valley,8/24/2020,237,0.21, ,0.00, ,415, ,14.8, ,93.1, ,67.6,Y,79.0, ,66, ,19, ,44, ,55.1, ,5.6, ,135.0, ,72.2, 
6,Davis,Sacramento Valley,8/25/2020,238,0.21, ,0.00, ,486, ,14.8, ,91.8, ,64.0, ,76.2, ,65, ,30, ,48, ,55.0, ,4.4, ,105.2, ,72.3, 
6,Davis,Sacramento Valley,8/26/2020,239,0.21, ,0.00, ,520, ,15.3, ,88.6, ,59.5, ,71.4, ,77, ,35, ,58, ,56.1, ,4.9, ,117.5, ,71.9, 
6,Davis,Sacramento Valley,8/27/2020,240,0.20, ,0.00, ,568, ,14.3, ,92.1, ,53.9, ,70.0, ,87, ,27, ,57, ,54.0, ,3.6, ,85.9, ,71.4, 
6,Davis,Sacramento Valley,8/28/2020,241,0.20, ,0.00, ,491, ,15.2, ,91.4, ,57.9, ,72.3, ,83, ,27, ,56, ,55.9, ,4.5, ,109.0, ,71.0, 
6,Davis,Sacramento Valley,8/29/2020,242,0.20, ,0.00, ,503, ,15.5, ,89.7, ,59.1, ,72.0, ,83, ,31, ,58, ,56.3, ,4.4, ,105.0, ,70.9, 
6,Davis,Sacramento Valley,8/30/2020,243,0.19, ,0.00, ,486, ,14.8, ,92.7, ,55.6, ,71.4, ,86, ,30, ,56, ,55.1, ,4.1, ,97.7, ,70.8, 
6,Davis,Sacramento Valley,8/31/2020,244,0.20, ,0.00, ,504, ,14.6, ,95.7, ,57.2, ,73.2, ,82, ,22, ,52, ,54.6, ,3.5, ,84.5, ,71.3, 
6,Davis,Sacramento Valley,9/1/2020,245,0.20, ,0.00, ,513, ,15.0, ,89.7, ,57.7, ,71.1, ,81, ,35, ,58, ,55.5, ,4.2, ,100.3, ,71.3, 
6,Davis,Sacramento Valley,9/2/2020,246,0.18, ,0.00, ,500, ,15.8, ,85.5, ,55.5, ,68.9, ,88, ,42, ,66, ,56.9, ,4.3, ,102.9, ,70.9, 
6,Davis,Sacramento Valley,9/3/2020,247,0.20, ,0.00, ,517, ,15.6, ,89.4, ,55.4, ,70.8, ,86, ,36, ,61, ,56.5, ,3.8, ,91.6, ,71.0, 
6,Davis,Sacramento Valley,9/4/2020,248,0.18, ,0.00, ,485, ,15.0, ,94.5, ,56.0, ,73.1, ,82, ,27, ,54, ,55.5, ,3.0, ,71.2, ,71.2, 
6,Davis,Sacramento Valley,9/5/2020,249,0.21, ,0.00, ,490, ,16.7, ,99.8, ,60.4, ,79.7, ,74, ,29, ,48, ,58.4, ,3.4, ,80.5, ,72.5, 
6,Davis,Sacramento Valley,9/6/2020,250,0.23,R,0.00, ,484, ,17.7, ,104.5,Y,72.7,R,86.8,Y,73, ,20, ,41,Y,60.0,Y,4.5, ,107.8, ,74.3, 
6,Davis,Sacramento Valley,9/7/2020,251,0.19, ,0.00, ,387, ,16.7, ,103.6, ,71.3,R,85.7,Y,69, ,18, ,40,Y,58.4,Y,3.4, ,82.0, ,75.3, 
6,Davis,Sacramento Valley,9/8/2020,252,0.37, ,0.00, ,439, ,7.7,Y,92.9, ,74.7,R,83.8,Y,59,H,10,H,19,Y,37.8,Y,15.0,R,360.3,R,73.6, 
6,Davis,Sacramento Valley,9/9/2020,253,0.12, ,0.00, ,222, ,8.4, ,82.1, ,57.6, ,73.8,H,83,H,14,H,29, ,40.0, ,5.0, ,119.4, ,71.1, 
6,Davis,Sacramento Valley,9/10/2020,254,0.09, ,0.00, ,271, ,13.7, ,81.0, ,55.2, ,66.0, ,85, ,34, ,63, ,52.9, ,3.0, ,72.0, ,69.7, 
6,Davis,Sacramento Valley,9/11/2020,255,0.13, ,0.00, ,361, ,13.8, ,85.5, ,54.3, ,67.9, ,88, ,28, ,59, ,53.1, ,2.6, ,63.0, ,69.6, 
6,Davis,Sacramento Valley,9/12/2020,256,0.14, ,0.00, ,388, ,13.4, ,89.6, ,55.1, ,70.3, ,84, ,22, ,53, ,52.3, ,2.3, ,56.1, ,70.0, 
6,Davis,Sacramento Valley,9/13/2020,257,0.14, ,0.00, ,388, ,14.2, ,87.6, ,55.1, ,69.5, ,82, ,33, ,58, ,54.0, ,3.3, ,79.4, ,70.1, 
6,Davis,Sacramento Valley,9/14/2020,258,0.16, ,0.00, ,440, ,13.3, ,86.2, ,52.8, ,68.0, ,88, ,28, ,57, ,52.1, ,3.6, ,86.4, ,69.4, 
6,Davis,Sacramento Valley,9/15/2020,259,0.16, ,0.00, ,440, ,12.9, ,88.2, ,51.3, ,69.2, ,87, ,23, ,53, ,51.4, ,3.6, ,86.0, ,69.2, 
6,Davis,Sacramento Valley,9/16/2020,260,0.17, ,0.00, ,470, ,14.5, ,89.7, ,52.5, ,69.8, ,91, ,23, ,58, ,54.5, ,3.8, ,91.6, ,69.5, 
6,Davis,Sacramento Valley,9/17/2020,261,0.18, ,0.00, ,478, ,16.0, ,89.2, ,52.1, ,69.6, ,99, ,33, ,65, ,57.2, ,5.1, ,122.8, ,69.6, 
6,Davis,Sacramento Valley,9/18/2020,262,0.16, ,0.00, ,422, ,15.6, ,83.1, ,60.9, ,69.8, ,87, ,37, ,63, ,56.4, ,5.9, ,140.5, ,69.1, 
6,Davis,Sacramento Valley,9/19/2020,263,0.17, ,0.00, ,448, ,14.9, ,85.3, ,53.3, ,68.6, ,98, ,32, ,63, ,55.3, ,4.3, ,102.4, ,69.5, 
6,Davis,Sacramento Valley,9/20/2020,264,0.17, ,0.00, ,410, ,12.7, ,91.0, ,54.1, ,71.4, ,82, ,26, ,48, ,50.9, ,3.6, ,85.6, ,69.6, 
6,Davis,Sacramento Valley,9/21/2020,265,0.18, ,0.00, ,451, ,13.3, ,88.8, ,53.6, ,70.4, ,84, ,20, ,53, ,52.2, ,4.5, ,107.6, ,69.3, 
6,Davis,Sacramento Valley,9/22/2020,266,0.19, ,0.00, ,480, ,13.3, ,89.3, ,59.2, ,71.1, ,85, ,25, ,51, ,52.1, ,5.0, ,119.4, ,68.9, 
6,Davis,Sacramento Valley,9/23/2020,267,0.18, ,0.00, ,462, ,13.2, ,89.3, ,51.4, ,69.8, ,81, ,27, ,53, ,51.9, ,4.1, ,97.6, ,68.4, 
6,Davis,Sacramento Valley,9/24/2020,268,0.17, ,0.00, ,459, ,14.9, ,88.7, ,54.7, ,70.3, ,91, ,39, ,59, ,55.3, ,4.4, ,104.9, ,68.9, 
6,Davis,Sacramento Valley,9/25/2020,269,0.15, ,0.00, ,455, ,13.7, ,86.5, ,52.5, ,67.5, ,83, ,37, ,60, ,52.9, ,3.5, ,83.5, ,68.8, 
6,Davis,Sacramento Valley,9/26/2020,270,0.19, ,0.00, ,394, ,12.9, ,88.3, ,57.7, ,73.9, ,75, ,27, ,45, ,51.2, ,5.5, ,132.0, ,69.5, 
6,Davis,Sacramento Valley,9/27/2020,271,0.34, ,0.00, ,438, ,9.3, ,94.7, ,72.3,R,81.8,Y,36, ,14, ,25,Y,42.6,Y,13.6,Y,326.9,Y,70.2, 
6,Davis,Sacramento Valley,9/28/2020,272,0.25,R,0.00, ,414, ,7.2, ,97.9, ,62.6, ,82.1,Y,59,H,11,H,19,Y,36.0,Y,8.9, ,213.3, ,69.9, 
6,Davis,Sacramento Valley,9/29/2020,273,0.16, ,0.00, ,395, ,11.3, ,95.5, ,55.9, ,72.8, ,70, ,16, ,41, ,47.9, ,2.9, ,69.9, ,69.7, 
6,Davis,Sacramento Valley,9/30/2020,274,0.20, ,0.00, ,413, ,10.6, ,100.2, ,57.6, ,76.6, ,74, ,13, ,34, ,46.2, ,4.5, ,109.0, ,70.3, 
6,Davis,Sacramento Valley,10/1/2020,275,0.15, ,0.00, ,327, ,11.9, ,94.9, ,61.2, ,74.8, ,81, ,19, ,40, ,49.2, ,2.9, ,70.3, ,70.3, 
6,Davis,Sacramento Valley,10/2/2020,276,0.13, ,0.00, ,309, ,13.6, ,91.4, ,58.9, ,72.5, ,79, ,26, ,50, ,52.7, ,2.7, ,64.5, ,70.3, 
6,Davis,Sacramento Valley,10/3/2020,277,0.13,R,0.00, ,349, ,13.3, ,94.2, ,56.2, ,72.2, ,80, ,21, ,49, ,52.2, ,1.9, ,46.3, ,70.2, 
6,Davis,Sacramento Valley,10/4/2020,278,0.15, ,0.00, ,426, ,11.8, ,91.9, ,50.1, ,69.3, ,82, ,20, ,48, ,49.0, ,2.4, ,57.8, ,69.7, 
6,Davis,Sacramento Valley,10/5/2020,279,0.18, ,0.00, ,420, ,9.8, ,92.7, ,55.8, ,71.5, ,67, ,14, ,37, ,43.9, ,4.0, ,95.1, ,69.2, 
6,Davis,Sacramento Valley,10/6/2020,280,0.16, ,0.00, ,392, ,9.6, ,91.0, ,53.8, ,71.2, ,70, ,17, ,37, ,43.5, ,3.0, ,72.9, ,68.7, 
6,Davis,Sacramento Valley,10/7/2020,281,0.15, ,0.00, ,403, ,11.3, ,84.5, ,52.6, ,66.3, ,79, ,22, ,51, ,47.8, ,4.0, ,96.2, ,67.7, 
6,Davis,Sacramento Valley,10/8/2020,282,0.09, ,0.00, ,276, ,12.8, ,74.5, ,51.7, ,61.9, ,83, ,45, ,68, ,51.1, ,3.8, ,90.4, ,66.1, 
6,Davis,Sacramento Valley,10/9/2020,283,0.09, ,0.00, ,307, ,13.0, ,74.7, ,47.5, ,60.2, ,92, ,45, ,73, ,51.6, ,4.3, ,102.9, ,65.4, 
6,Davis,Sacramento Valley,10/10/2020,284,0.11, ,0.00, ,311, ,15.5, ,76.5, ,53.1, ,64.2, ,94, ,51, ,76, ,56.4, ,4.5, ,107.7, ,65.7, 
6,Davis,Sacramento Valley,10/11/2020,285,0.19, ,0.00, ,402, ,9.4, ,81.6, ,51.4, ,65.2, ,96, ,15, ,44, ,42.9, ,7.1, ,171.2, ,66.0, 
6,Davis,Sacramento Valley,10/12/2020,286,0.17, ,0.00, ,402, ,9.4, ,85.7, ,50.8, ,67.4, ,80, ,21, ,41, ,42.9, ,4.4, ,105.3, ,65.6, 
6,Davis,Sacramento Valley,10/13/2020,287,0.15, ,0.00, ,387, ,10.4, ,89.8, ,49.4, ,68.3, ,77, ,20, ,44, ,45.5, ,3.1, ,74.1, ,66.1, 
6,Davis,Sacramento Valley,10/14/2020,288,0.26, ,0.00, ,391, ,8.9, ,92.1, ,63.8,Y,78.2,Y,53,H,11,H,27,Y,41.6,Y,10.9, ,261.6, ,66.6, 
6,Davis,Sacramento Valley,10/15/2020,289,0.28, ,0.00, ,381, ,6.3, ,91.6, ,,S,79.3,R,31,H,12,H,,R,,I,11.4, ,274.0, ,66.6, 
6,Davis,Sacramento Valley,10/16/2020,290,0.25,R,0.00, ,377, ,6.6, ,92.8, ,56.6, ,77.5,Y,69, ,12, ,21,Y,34.0,Y,8.2, ,196.5, ,66.8, 
6,Davis,Sacramento Valley,10/17/2020,291,0.16, ,0.00, ,384, ,8.9, ,91.6, ,52.8, ,71.9, ,68, ,16, ,33, ,41.5, ,4.0, ,95.7, ,66.2, 
6,Davis,Sacramento Valley,10/18/2020,292,0.15, ,0.00, ,369, ,10.0, ,89.8, ,53.2, ,69.7, ,72, ,21, ,40, ,44.6, ,3.7, ,89.8, ,66.3, 
6,Davis,Sacramento Valley,10/19/2020,293,0.14, ,0.00, ,366, ,10.4, ,88.2, ,51.1, ,68.2, ,75, ,20, ,44, ,45.6, ,3.4, ,80.8, ,66.3, 
6,Davis,Sacramento Valley,10/20/2020,294,0.15, ,0.00, ,366, ,9.5, ,88.0, ,51.1, ,68.4, ,81, ,18, ,40, ,43.1, ,3.6, ,86.0, ,65.9, 
6,Davis,Sacramento Valley,10/21/2020,295,0.16, ,0.00, ,364, ,10.2, ,87.1, ,55.2, ,70.4, ,76, ,21, ,40, ,44.9, ,5.1, ,123.2, ,65.8, 
6,Davis,Sacramento Valley,10/22/2020,296,0.27, ,0.00, ,349, ,4.7, ,78.0, ,64.3,Y,69.2, ,30, ,13, ,19, ,25.5, ,12.6, ,302.1, ,64.6, 
6,Davis,Sacramento Valley,10/23/2020,297,0.17, ,0.00, ,357, ,6.4, ,78.4, ,51.2, ,65.0, ,85, ,14, ,30, ,33.0, ,6.5, ,155.5, ,63.6, 
6,Davis,Sacramento Valley,10/24/2020,298,0.10, ,0.00, ,343, ,10.5, ,72.9, ,42.7, ,57.8, ,80, ,41, ,64, ,45.8, ,4.1, ,98.0, ,62.0, 
6,Davis,Sacramento Valley,10/25/2020,299,0.18, ,0.00, ,262, ,7.4, ,68.4, ,46.2, ,57.8, ,93, ,12, ,45, ,36.9, ,12.6, ,303.0, ,60.9, 
6,Davis,Sacramento Valley,10/26/2020,300,0.27, ,0.00, ,345, ,2.3,Y,72.1, ,50.9, ,60.9, ,18, ,8, ,12,Y,8.9,Y,15.0,Y,359.7,Y,58.7, 
6,Davis,Sacramento Valley,10/27/2020,301,0.13, ,0.00, ,339, ,4.9, ,75.7, ,47.4, ,60.6, ,59, ,14, ,27, ,26.6, ,4.3, ,102.5, ,58.7, 
6,Davis,Sacramento Valley,10/28/2020,302,0.10, ,0.00, ,335, ,6.8, ,75.6, ,38.3, ,55.5, ,85, ,21, ,45, ,34.6, ,2.0, ,46.9, ,58.2, 
6,Davis,Sacramento Valley,10/29/2020,303,0.10, ,0.00, ,325, ,7.4, ,77.9, ,41.9, ,56.6, ,86, ,22, ,47, ,36.8, ,2.0, ,47.2, ,58.1, 
6,Davis,Sacramento Valley,10/30/2020,304,0.10, ,0.00, ,322, ,7.7, ,79.4, ,41.6, ,56.9, ,84, ,21, ,49, ,37.7, ,2.3, ,54.4, ,58.1, 
6,Davis,Sacramento Valley,10/31/2020,305,0.10, ,0.00, ,318, ,8.2, ,79.5, ,44.2, ,58.9, ,81, ,22, ,48, ,39.4, ,2.7, ,64.9, ,58.3, 
6,Davis,Sacramento Valley,11/1/2020,306,0.10, ,0.00, ,315, ,8.2, ,79.2, ,43.0, ,58.4, ,76, ,24, ,49, ,39.4, ,2.5, ,60.1, ,58.5, 
6,Davis,Sacramento Valley,11/2/2020,307,0.11, ,0.00, ,311, ,8.1, ,83.1, ,43.7, ,61.0, ,81, ,21, ,44, ,39.1, ,2.8, ,67.9, ,58.4, 
6,Davis,Sacramento Valley,11/3/2020,308,0.10, ,0.00, ,306, ,9.0, ,77.4, ,41.6, ,57.5, ,84, ,30, ,56, ,41.8, ,2.9, ,68.8, ,58.8, 
6,Davis,Sacramento Valley,11/4/2020,309,0.10, ,0.00, ,296, ,8.6, ,78.4, ,41.8, ,58.9, ,82, ,27, ,51, ,40.7, ,2.8, ,67.3, ,58.5, 
6,Davis,Sacramento Valley,11/5/2020,310,0.10, ,0.00, ,301, ,9.7, ,80.7, ,43.7, ,62.6, ,82, ,28, ,50, ,43.7, ,2.6, ,62.8, ,59.3, 
6,Davis,Sacramento Valley,11/6/2020,311,0.11, ,0.00, ,0,R,8.4, ,50.9,Y,46.3, ,49.0, ,76, ,32, ,71, ,40.0, ,8.0, ,191.3, ,57.4, 
6,Davis,Sacramento Valley,11/7/2020,312,0.08, ,0.03, ,273, ,8.4, ,62.0, ,44.2, ,52.3, ,92, ,37, ,63, ,39.9, ,6.1, ,146.4, ,57.5, 
6,Davis,Sacramento Valley,11/8/2020,313,0.14, ,0.00, ,300, ,4.7, ,58.6, ,36.8, ,49.2, ,82, ,19, ,40, ,25.8, ,8.8, ,211.1, ,55.9, 
6,Davis,Sacramento Valley,11/9/2020,314,0.13, ,0.00, ,281, ,3.8,Y,57.3, ,34.4, ,47.7, ,50, ,24, ,34,Y,20.6,Y,8.0, ,192.2, ,54.6, 
6,Davis,Sacramento Valley,11/10/2020,315,0.08, ,0.00, ,287, ,5.1, ,62.2, ,28.9,Y,47.0, ,77, ,27, ,47, ,27.7, ,3.3, ,79.9, ,53.0, 
6,Davis,Sacramento Valley,11/11/2020,316,0.04, ,0.00, ,129, ,7.7, ,57.2, ,35.1, ,47.7, ,82, ,54, ,68, ,37.7, ,4.4, ,106.1, ,53.7, 
6,Davis,Sacramento Valley,11/12/2020,317,0.07, ,0.00, ,281, ,6.1, ,63.3, ,28.8,Y,46.3, ,84, ,33, ,57, ,32.0, ,2.6, ,62.7, ,52.6, 
6,Davis,Sacramento Valley,11/13/2020,318,0.04, ,0.03, ,88, ,10.6, ,58.6, ,46.0, ,51.9, ,99, ,57, ,80, ,46.1, ,8.9, ,213.4, ,52.7, 
6,Davis,Sacramento Valley,11/14/2020,319,0.06, ,0.00, ,258, ,9.7, ,62.3, ,40.9, ,51.2, ,98, ,44, ,76, ,43.8, ,4.9, ,118.2, ,53.9, 
6,Davis,Sacramento Valley,11/15/2020,320,0.07, ,0.00, ,268, ,9.3, ,68.8, ,36.1, ,51.5, ,100, ,46, ,71, ,42.5, ,3.4, ,80.9, ,53.5, 
6,Davis,Sacramento Valley,11/16/2020,321,0.07, ,0.00, ,266, ,9.1, ,67.2, ,43.3, ,53.4, ,81, ,45, ,66, ,42.2, ,4.2, ,101.6, ,54.2, 
6,Davis,Sacramento Valley,11/17/2020,322,0.03, ,0.16, ,100, ,12.4, ,66.0, ,45.4, ,54.9, ,99, ,55, ,85, ,50.3, ,6.4, ,154.0, ,54.3, 
6,Davis,Sacramento Valley,11/18/2020,323,0.06, ,0.26, ,214, ,13.8, ,64.9, ,46.7, ,57.2, ,99, ,67, ,86, ,53.1, ,8.2, ,197.7, ,56.3, 
6,Davis,Sacramento Valley,11/19/2020,324,0.07, ,0.00, ,242, ,9.1, ,62.5, ,41.0, ,51.1, ,98, ,45, ,71, ,42.2, ,5.2, ,124.9, ,54.6, 
6,Davis,Sacramento Valley,11/20/2020,325,0.09, ,0.00, ,269, ,6.3, ,64.6, ,35.9, ,49.7, ,82, ,26, ,51, ,32.6, ,5.3, ,126.4, ,52.7, 
6,Davis,Sacramento Valley,11/21/2020,326,0.08, ,0.00, ,254, ,6.5, ,63.2, ,33.6, ,49.5, ,81, ,31, ,54, ,33.7, ,4.5, ,107.3, ,51.8, 
6,Davis,Sacramento Valley,11/22/2020,327,0.06, ,0.00, ,243, ,7.8, ,63.6, ,31.8, ,48.3, ,96, ,39, ,68, ,38.1, ,2.2, ,51.9, ,51.8, 
6,Davis,Sacramento Valley,11/23/2020,328,0.07, ,0.00, ,241, ,7.8, ,64.7, ,37.6, ,50.1, ,90, ,37, ,63, ,38.1, ,3.0, ,72.4, ,52.3, 
6,Davis,Sacramento Valley,11/24/2020,329,0.07, ,0.00, ,253, ,7.9, ,65.0, ,38.7, ,52.8, ,88, ,38, ,58, ,38.5, ,4.5, ,108.2, ,52.3, 
6,Davis,Sacramento Valley,11/25/2020,330,0.09, ,0.07, ,252, ,7.6, ,61.3, ,39.3, ,50.5, ,99, ,36, ,61, ,37.5, ,6.7, ,159.7, ,51.9, 
6,Davis,Sacramento Valley,11/26/2020,331,0.18, ,0.00, ,256, ,5.1, ,62.6, ,47.3, ,54.5, ,49, ,24, ,35, ,27.3, ,15.1,Y,361.6,Y,50.4, 
6,Davis,Sacramento Valley,11/27/2020,332,0.07, ,0.03, ,247, ,5.9, ,59.8, ,36.0, ,48.4, ,75, ,34, ,51, ,31.3, ,3.1, ,75.5, ,50.4, 
6,Davis,Sacramento Valley,11/28/2020,333,0.07, ,0.00, ,245, ,5.6, ,63.1, ,34.3, ,46.1, ,77, ,29, ,53, ,30.0, ,3.6, ,86.5, ,49.4, 
6,Davis,Sacramento Valley,11/29/2020,334,0.05, ,0.00, ,235, ,5.8, ,64.8, ,30.2, ,44.8, ,81, ,31, ,57, ,30.6, ,1.4, ,34.5, ,49.0, 
6,Davis,Sacramento Valley,11/30/2020,335,0.06, ,0.00, ,239, ,6.1, ,64.9, ,31.9, ,47.2, ,78, ,34, ,55, ,32.0, ,2.2, ,53.4, ,49.2, 
6,Davis,Sacramento Valley,12/1/2020,336,0.08, ,0.00, ,238, ,6.5, ,65.0, ,36.9, ,49.6, ,73, ,33, ,54, ,33.5, ,3.9, ,94.2, ,49.6, 
6,Davis,Sacramento Valley,12/2/2020,337,0.07, ,0.00, ,230, ,6.3, ,65.7, ,33.6, ,48.0, ,83, ,28, ,55, ,32.6, ,2.6, ,62.5, ,48.8, 
6,Davis,Sacramento Valley,12/3/2020,338,0.06, ,0.08, ,217, ,6.6, ,65.1, ,34.4, ,48.1, ,92, ,31, ,58, ,34.0, ,2.9, ,68.7, ,48.8, 
6,Davis,Sacramento Valley,12/4/2020,339,0.07, ,0.00, ,231, ,5.8, ,67.5, ,38.0, ,49.6, ,69, ,25, ,48, ,30.8, ,3.0, ,71.7, ,48.8, 
6,Davis,Sacramento Valley,12/5/2020,340,0.05, ,0.11, ,186, ,6.5, ,61.7, ,31.6, ,46.4, ,90, ,38, ,61, ,33.7, ,2.9, ,68.9, ,48.2, 
6,Davis,Sacramento Valley,12/6/2020,341,0.10, ,0.00, ,212, ,6.7, ,65.8, ,37.0, ,51.9, ,87, ,30, ,51, ,34.3, ,7.7, ,184.2, ,48.3, 
6,Davis,Sacramento Valley,12/7/2020,342,0.19, ,0.00, ,233, ,5.7, ,71.9,Y,52.3, ,61.7,Y,45, ,21, ,30,Y,30.1,Y,13.5,Y,324.7,Y,49.4, 
6,Davis,Sacramento Valley,12/8/2020,343,0.08, ,0.00, ,237, ,5.9, ,66.6, ,38.0, ,52.5, ,67, ,26, ,43, ,31.0, ,3.5, ,83.5, ,49.8, 
6,Davis,Sacramento Valley,12/9/2020,344,0.09, ,0.05, ,226, ,6.1, ,66.0, ,35.4, ,51.1, ,84, ,28, ,48, ,32.0, ,5.6, ,134.1, ,48.5, 
6,Davis,Sacramento Valley,12/10/2020,345,0.11, ,0.00, ,233, ,5.0, ,68.1,Y,38.1, ,55.3, ,66, ,17, ,34, ,27.3, ,5.4, ,129.8, ,49.1, 
6,Davis,Sacramento Valley,12/11/2020,346,0.02, ,0.31, ,101, ,7.4, ,54.6, ,34.1, ,44.2, ,100, ,44, ,75, ,36.8, ,3.4, ,81.4, ,48.1, 
6,Davis,Sacramento Valley,12/12/2020,347,0.02, ,0.01, ,109, ,10.6, ,55.6, ,41.9, ,48.5, ,100, ,71, ,91, ,46.0, ,6.0, ,144.9, ,49.1, 
6,Davis,Sacramento Valley,12/13/2020,348,0.00, ,0.76, ,28, ,11.2, ,53.9, ,42.9, ,48.7, ,100, ,81, ,96, ,47.6, ,5.8, ,139.8, ,49.2, 
6,Davis,Sacramento Valley,12/14/2020,349,0.05, ,0.00, ,224, ,8.2, ,56.3, ,36.9, ,45.9, ,100, ,51, ,78, ,39.5, ,5.0, ,119.7, ,48.4, 
6,Davis,Sacramento Valley,12/15/2020,350,0.03, ,0.00, ,141, ,8.0, ,54.4, ,35.8, ,45.2, ,97, ,57, ,78, ,38.7, ,2.4, ,58.3, ,48.1, 
6,Davis,Sacramento Valley,12/16/2020,351,0.03, ,0.01, ,4, ,10.6, ,52.7, ,49.5, ,50.8, ,96, ,75, ,84, ,46.2, ,4.8, ,114.9, ,49.6, 
6,Davis,Sacramento Valley,12/17/2020,352,0.05, ,0.26, ,189, ,10.5, ,58.2, ,46.2, ,50.6, ,100, ,58, ,84, ,45.8, ,6.5, ,155.4, ,49.7, 
6,Davis,Sacramento Valley,12/18/2020,353,0.07, ,0.00, ,226, ,7.3, ,58.0, ,38.4, ,48.7, ,93, ,48, ,62, ,36.4, ,7.0, ,166.9, ,48.5, 
6,Davis,Sacramento Valley,12/19/2020,354,0.04, ,0.00, ,200, ,8.4, ,56.5, ,35.3, ,43.2, ,100, ,59, ,88, ,39.9, ,3.3, ,79.1, ,47.6, 
6,Davis,Sacramento Valley,12/20/2020,355,0.04, ,0.00, ,221, ,8.1, ,56.8, ,30.6, ,42.0, ,100, ,60, ,89, ,39.1, ,2.5, ,59.8, ,46.9, 
6,Davis,Sacramento Valley,12/21/2020,356,0.01, ,0.00, ,102, ,8.0, ,44.7, ,31.7, ,38.7, ,100, ,100, ,100, ,38.8, ,3.5, ,84.1, ,47.0, 
6,Davis,Sacramento Valley,12/22/2020,357,0.08, ,0.00, ,192, ,7.2, ,58.6, ,39.2, ,47.8, ,100, ,34, ,64, ,36.1, ,9.0, ,216.8, ,47.2, 
6,Davis,Sacramento Valley,12/23/2020,358,0.06, ,0.00, ,231, ,6.7, ,51.9, ,30.8, ,42.9, ,100, ,39, ,71, ,34.2, ,4.8, ,114.6, ,46.6, 
6,Davis,Sacramento Valley,12/24/2020,359,0.03, ,0.00, ,166, ,8.0, ,51.9, ,35.4, ,41.9, ,100, ,58, ,89, ,38.9, ,3.0, ,72.3, ,46.6, 
6,Davis,Sacramento Valley,12/25/2020,360,0.02, ,0.03, ,69, ,9.6, ,52.1, ,38.4, ,46.3, ,100, ,68, ,90, ,43.5, ,5.6, ,134.7, ,47.1, 
6,Davis,Sacramento Valley,12/26/2020,361,0.04, ,0.00, ,160, ,11.3, ,60.9, ,42.8, ,51.8, ,99, ,62, ,86, ,47.8, ,5.8, ,139.1, ,49.3, 
6,Davis,Sacramento Valley,12/27/2020,362,0.05, ,0.00, ,191, ,8.5, ,54.9, ,40.1, ,46.9, ,95, ,54, ,77, ,40.2, ,5.9, ,141.8, ,48.1, 
6,Davis,Sacramento Valley,12/28/2020,363,0.03, ,0.06, ,148, ,9.3, ,57.0, ,40.9, ,47.9, ,100, ,64, ,82, ,42.6, ,4.2, ,99.6, ,48.6, 
6,Davis,Sacramento Valley,12/29/2020,364,0.09, ,0.00, ,231, ,5.5, ,61.9, ,34.6, ,47.8, ,81, ,23, ,49, ,29.4, ,6.8, ,163.6, ,46.7, 
6,Davis,Sacramento Valley,12/30/2020,365,0.05, ,0.00, ,197, ,8.2, ,56.4, ,30.8, ,44.9, ,100, ,53, ,81, ,39.5, ,5.6, ,134.9, ,45.5, 
6,Davis,Sacramento Valley,12/31/2020,366,0.08,H,0.00,H,329,R,8.0,H,59.5, ,49.1, ,54.6,H,100,H,46,H,55, ,38.8, ,12.1,Y,290.0,Y,48.2,H
6,Davis,Sacramento Valley,1/1/2021,001,0.03, ,0.00, ,122, ,8.4, ,52.4, ,36.0, ,44.9, ,100, ,55, ,83, ,40.1, ,4.5, ,108.7, ,47.0, 
6,Davis,Sacramento Valley,1/2/2021,002,0.00, ,0.02, ,50, ,11.0, ,50.4, ,45.7, ,47.5, ,100, ,88, ,98, ,47.0, ,3.4, ,81.6, ,48.0, 
6,Davis,Sacramento Valley,1/3/2021,003,0.02, ,0.00, ,124, ,11.8, ,56.5, ,46.0, ,49.5, ,100, ,88, ,98, ,49.0, ,3.4, ,81.4, ,49.3, 
6,Davis,Sacramento Valley,1/4/2021,004,0.02, ,0.13, ,96, ,11.7, ,60.5, ,43.3, ,51.2, ,100, ,65, ,91, ,48.6, ,7.3, ,174.2, ,50.1, 
6,Davis,Sacramento Valley,1/5/2021,005,0.04, ,0.00, ,191, ,9.3, ,57.6, ,37.7, ,45.6, ,100, ,63, ,90, ,42.7, ,4.7, ,113.0, ,48.2, 
6,Davis,Sacramento Valley,1/6/2021,006,0.02, ,0.03, ,131, ,9.3, ,55.6, ,34.7, ,43.0, ,100, ,82, ,99, ,42.6, ,2.8, ,68.0, ,46.8, 
6,Davis,Sacramento Valley,1/7/2021,007,0.04, ,0.00, ,189, ,9.5, ,54.4, ,38.7, ,46.6, ,100, ,66, ,87, ,43.1, ,5.4, ,128.9, ,47.4, 
6,Davis,Sacramento Valley,1/8/2021,008,0.03, ,0.01, ,153, ,9.8, ,57.8, ,41.2, ,45.5, ,100, ,79, ,94, ,43.9, ,5.1, ,122.5, ,47.7, 
6,Davis,Sacramento Valley,1/9/2021,009,0.08, ,0.00, ,240, ,7.6, ,61.4, ,39.7, ,47.7, ,99, ,34, ,67, ,37.3, ,5.5, ,133.1, ,47.0, 
6,Davis,Sacramento Valley,1/10/2021,010,0.03, ,0.00, ,145, ,9.0, ,54.2, ,35.5, ,45.1, ,100, ,67, ,88, ,41.8, ,4.4, ,104.9, ,46.9, 
6,Davis,Sacramento Valley,1/11/2021,011,0.05, ,0.00, ,216, ,8.8, ,59.3, ,34.4, ,45.9, ,100, ,55, ,83, ,41.2, ,2.6, ,62.0, ,47.0, 
6,Davis,Sacramento Valley,1/12/2021,012,0.01, ,0.00, ,84, ,10.5, ,56.9, ,40.7, ,48.7, ,99, ,73, ,90, ,45.8, ,2.7, ,64.5, ,47.9, 
6,Davis,Sacramento Valley,1/13/2021,013,0.04, ,0.00, ,184, ,12.3, ,63.8, ,45.8, ,54.0, ,100, ,69, ,86, ,50.0, ,6.1, ,147.2, ,50.2, 
6,Davis,Sacramento Valley,1/14/2021,014,0.06, ,0.00, ,250, ,11.5, ,64.6, ,43.0, ,53.9, ,100, ,56, ,81, ,48.3, ,4.6, ,111.0, ,51.4, 
6,Davis,Sacramento Valley,1/15/2021,015,0.04, ,0.00, ,182, ,11.1, ,62.4, ,42.1, ,50.9, ,100, ,65, ,88, ,47.3, ,3.6, ,86.3, ,50.9, 
6,Davis,Sacramento Valley,1/16/2021,016,0.08, ,0.00, ,244, ,9.9, ,72.3,Y,41.5, ,56.6,Y,99, ,36, ,64,Y,44.4,Y,4.1, ,99.5, ,51.3, 
6,Davis,Sacramento Valley,1/17/2021,017,0.08, ,0.00, ,259, ,9.4, ,71.6,Y,40.4, ,56.1, ,100, ,36, ,61, ,42.9, ,3.7, ,88.2, ,51.0, 
6,Davis,Sacramento Valley,1/18/2021,018,0.29,R,0.00, ,274, ,4.2, ,73.1,Y,56.3,Y,64.6,R,58, ,11, ,,R,,I,17.7,R,425.5,R,51.0, 
6,Davis,Sacramento Valley,1/19/2021,019,0.22, ,0.00, ,270, ,3.7, ,65.3, ,49.9, ,56.5,Y,32, ,17, ,23,Y,19.7,Y,15.9,R,381.9,R,48.9, 
6,Davis,Sacramento Valley,1/20/2021,020,0.13, ,0.00, ,269, ,3.8, ,66.1, ,40.1, ,54.4, ,52, ,17, ,26, ,20.3, ,6.1, ,147.4, ,48.9, 
6,Davis,Sacramento Valley,1/21/2021,021,0.07, ,0.00, ,245, ,5.8, ,62.7, ,32.3, ,47.4, ,72, ,29, ,52, ,30.7, ,3.7, ,89.9, ,47.6, 
6,Davis,Sacramento Valley,1/22/2021,022,0.03, ,0.05, ,151, ,9.7, ,55.1, ,41.7, ,48.2, ,100, ,63, ,84, ,43.6, ,5.4, ,130.7, ,48.8, 
6,Davis,Sacramento Valley,1/23/2021,023,0.07, ,0.00, ,260, ,8.0, ,60.3, ,38.3, ,47.0, ,100, ,37, ,73, ,38.8, ,4.9, ,117.3, ,48.3, 
6,Davis,Sacramento Valley,1/24/2021,024,0.03, ,0.06, ,123, ,8.0, ,52.2, ,33.2, ,43.9, ,99, ,58, ,82, ,38.7, ,5.8, ,139.5, ,46.3, 
6,Davis,Sacramento Valley,1/25/2021,025,0.09, ,0.00, ,252, ,5.4, ,54.7, ,35.7, ,44.5, ,83, ,27, ,54, ,28.7, ,6.4, ,153.7, ,46.2, 
6,Davis,Sacramento Valley,1/26/2021,026,0.05, ,0.16, ,150, ,6.2, ,49.4, ,27.8, ,40.5, ,88, ,50, ,72, ,32.3, ,9.1, ,217.2, ,43.3, 
6,Davis,Sacramento Valley,1/27/2021,027,0.02, ,0.00, ,88, ,9.6, ,50.6, ,41.3, ,45.6, ,99, ,83, ,92, ,43.5, ,12.1,Y,290.8,Y,44.8, 
6,Davis,Sacramento Valley,1/28/2021,028,0.02, ,0.37, ,96, ,11.2, ,52.2, ,45.5, ,48.7, ,100, ,86, ,96, ,47.6, ,8.1, ,194.1, ,47.6, 
6,Davis,Sacramento Valley,1/29/2021,029,0.04, ,0.13, ,187, ,9.8, ,53.9, ,42.9, ,46.8, ,100, ,70, ,90, ,44.0, ,3.7, ,89.2, ,48.8, 
6,Davis,Sacramento Valley,1/30/2021,030,0.06, ,0.00, ,261, ,9.7, ,58.0, ,43.1, ,49.2, ,96, ,60, ,81, ,43.7, ,3.1, ,75.6, ,49.2, 
6,Davis,Sacramento Valley,1/31/2021,031,0.07, ,0.00, ,260, ,10.6, ,62.6, ,44.3, ,53.3, ,94, ,49, ,76, ,46.0, ,2.7, ,64.8, ,50.8, 
6,Davis,Sacramento Valley,2/1/2021,032,0.08, ,0.03, ,282, ,11.0, ,64.3, ,41.1, ,54.2, ,100, ,52, ,77, ,47.1, ,6.8, ,163.3, ,51.6, 
6,Davis,Sacramento Valley,2/2/2021,033,0.06, ,0.17, ,216, ,11.8, ,62.7, ,42.1, ,53.9, ,100, ,55, ,83, ,48.9, ,6.3, ,150.8, ,53.2, 
6,Davis,Sacramento Valley,2/3/2021,034,0.06, ,0.00, ,225, ,8.9, ,58.4, ,36.8, ,47.6, ,96, ,60, ,79, ,41.6, ,5.6, ,135.0, ,49.9, 
6,Davis,Sacramento Valley,2/4/2021,035,0.13, ,0.00, ,321, ,6.2, ,61.9, ,44.1, ,51.8, ,76, ,31, ,47, ,32.2, ,10.7, ,257.8, ,49.1, 
6,Davis,Sacramento Valley,2/5/2021,036,0.08, ,0.00, ,329, ,8.0, ,64.2, ,35.3, ,49.8, ,96, ,39, ,65, ,38.7, ,3.5, ,82.8, ,49.7, 
6,Davis,Sacramento Valley,2/6/2021,037,0.08, ,0.00, ,330, ,8.7, ,64.8, ,37.1, ,51.4, ,94, ,41, ,67, ,40.8, ,3.1, ,75.5, ,50.1, 
6,Davis,Sacramento Valley,2/7/2021,038,0.08, ,0.00, ,334, ,9.0, ,69.5, ,38.4, ,51.1, ,99, ,34, ,70, ,41.7, ,3.1, ,74.5, ,50.3, 
6,Davis,Sacramento Valley,2/8/2021,039,0.06, ,0.00, ,242, ,10.2, ,61.1, ,38.8, ,51.6, ,100, ,59, ,78, ,45.0, ,3.2, ,76.6, ,50.8, 
6,Davis,Sacramento Valley,2/9/2021,040,0.06, ,0.00, ,244, ,11.6, ,65.0, ,49.6, ,56.5, ,94, ,49, ,74, ,48.4, ,3.4, ,82.4, ,53.4, 
6,Davis,Sacramento Valley,2/10/2021,041,0.08, ,0.00, ,325, ,10.9, ,67.6, ,43.7, ,54.3, ,100, ,46, ,76, ,46.7, ,3.2, ,76.6, ,53.8, 
6,Davis,Sacramento Valley,2/11/2021,042,0.02, ,0.45, ,93, ,11.3, ,56.2, ,46.2, ,50.8, ,100, ,70, ,90, ,47.8, ,6.3, ,150.2, ,52.1, 
6,Davis,Sacramento Valley,2/12/2021,043,0.08, ,0.00, ,342, ,10.0, ,63.2, ,42.8, ,53.0, ,92, ,45, ,73, ,44.7, ,4.2, ,101.5, ,52.6, 
6,Davis,Sacramento Valley,2/13/2021,044,0.11, ,0.00, ,334, ,9.3, ,64.0, ,44.5, ,55.3, ,89, ,37, ,62, ,42.5, ,7.1, ,169.9, ,53.3, 
6,Davis,Sacramento Valley,2/14/2021,045,0.03, ,0.00, ,121, ,8.4, ,55.6, ,43.3, ,49.7, ,90, ,50, ,69, ,39.9, ,3.9, ,93.3, ,51.0, 
6,Davis,Sacramento Valley,2/15/2021,046,0.06, ,0.00, ,229, ,12.0, ,64.0, ,43.3, ,53.6, ,100, ,64, ,86, ,49.4, ,7.5, ,181.1, ,52.8, 
6,Davis,Sacramento Valley,2/16/2021,047,0.08, ,0.00, ,293, ,8.3, ,62.2, ,40.9, ,50.1, ,97, ,40, ,67, ,39.7, ,3.8, ,90.7, ,51.7, 
6,Davis,Sacramento Valley,2/17/2021,048,0.15, ,0.00, ,379, ,5.5, ,61.0, ,42.6, ,51.6, ,69, ,22, ,42, ,29.3, ,9.7, ,232.8, ,49.9, 
6,Davis,Sacramento Valley,2/18/2021,049,0.08, ,0.00, ,272, ,6.2, ,61.5, ,38.7, ,51.1, ,64, ,31, ,49, ,32.4, ,3.5, ,83.9, ,50.2, 
6,Davis,Sacramento Valley,2/19/2021,050,0.04, ,0.04, ,192, ,10.6, ,58.5, ,46.6, ,51.5, ,100, ,57, ,82, ,46.1, ,5.5, ,131.3, ,52.3, 
6,Davis,Sacramento Valley,2/20/2021,051,0.11, ,0.05, ,373, ,7.8, ,58.5, ,41.5, ,50.5, ,91, ,44, ,63, ,38.3, ,6.5, ,155.3, ,51.1, 
6,Davis,Sacramento Valley,2/21/2021,052,0.16, ,0.00, ,384, ,6.8, ,66.2, ,45.3, ,55.8, ,65, ,30, ,44, ,34.5, ,9.5, ,228.5, ,50.8, 
6,Davis,Sacramento Valley,2/22/2021,053,0.11, ,0.00, ,392, ,8.4, ,69.8, ,41.5, ,55.6, ,83, ,34, ,56, ,40.0, ,3.5, ,82.8, ,53.0, 
6,Davis,Sacramento Valley,2/23/2021,054,0.25, ,0.00, ,404, ,5.5, ,75.8,Y,48.5, ,62.9,Y,73, ,11, ,28,Y,29.5,Y,13.2,Y,315.9,Y,52.4, 
6,Davis,Sacramento Valley,2/24/2021,055,0.26, ,0.00, ,421,R,3.6,Y,65.1, ,50.4, ,57.7, ,29, ,17, ,22,Y,19.1,Y,15.9,R,381.7,R,50.6, 
6,Davis,Sacramento Valley,2/25/2021,056,0.17, ,0.00, ,409, ,3.8,Y,67.4, ,40.7, ,54.1, ,62, ,12, ,27,Y,20.8,Y,9.1, ,217.3, ,49.9, 
6,Davis,Sacramento Valley,2/26/2021,057,0.12, ,0.00, ,411, ,6.1, ,67.4, ,35.5, ,51.8, ,69, ,25, ,46, ,32.0, ,3.8, ,90.4, ,50.6, 
6,Davis,Sacramento Valley,2/27/2021,058,0.19, ,0.00, ,417, ,4.3,Y,64.2, ,45.8, ,53.8, ,41, ,18, ,30,Y,23.5,Y,11.2, ,268.6, ,49.6, 
6,Davis,Sacramento Valley,2/28/2021,059,0.16, ,0.00, ,422, ,4.9, ,66.6, ,42.6, ,54.4, ,67, ,18, ,34, ,26.7, ,7.2, ,173.3, ,50.8, 
6,Davis,Sacramento Valley,3/1/2021,060,0.12, ,0.08, ,419, ,6.3, ,68.6, ,34.0, ,51.4, ,91, ,22, ,49, ,32.9, ,2.8, ,67.6, ,52.8, 
6,Davis,Sacramento Valley,3/2/2021,061,0.15, ,0.00, ,387, ,5.7, ,70.4, ,43.7, ,55.7, ,58, ,17, ,37, ,30.2, ,6.1, ,145.7, ,52.4, 
6,Davis,Sacramento Valley,3/3/2021,062,0.11, ,0.00, ,295, ,6.8, ,68.2, ,40.5, ,52.7, ,78, ,23, ,50, ,34.5, ,6.0, ,143.6, ,51.5, 
6,Davis,Sacramento Valley,3/4/2021,063,0.13, ,0.00, ,427, ,8.3, ,64.8, ,41.4, ,52.9, ,88, ,41, ,61, ,39.7, ,6.3, ,151.0, ,52.2, 
6,Davis,Sacramento Valley,3/5/2021,064,0.14, ,0.04, ,436, ,8.8, ,67.2, ,38.1, ,54.0, ,97, ,38, ,62, ,41.3, ,6.6, ,157.3, ,52.8, 
6,Davis,Sacramento Valley,3/6/2021,065,0.11, ,0.11, ,441, ,8.7, ,61.7, ,42.2, ,51.1, ,93, ,40, ,68, ,40.9, ,4.6, ,110.4, ,54.2, 
6,Davis,Sacramento Valley,3/7/2021,066,0.12, ,0.03, ,444, ,8.0, ,64.8, ,35.7, ,50.4, ,99, ,33, ,64, ,38.7, ,5.2, ,124.0, ,52.9, 
6,Davis,Sacramento Valley,3/8/2021,067,0.12, ,0.00, ,368, ,7.7, ,58.1, ,43.5, ,50.3, ,79, ,42, ,62, ,37.6, ,10.2, ,244.1, ,51.8, 
6,Davis,Sacramento Valley,3/9/2021,068,0.06, ,0.07, ,228, ,8.6, ,56.5, ,42.0, ,48.1, ,91, ,55, ,75, ,40.7, ,6.2, ,148.9, ,51.2, 
6,Davis,Sacramento Valley,3/10/2021,069,0.04, ,0.35, ,216, ,8.9, ,52.7, ,38.0, ,45.3, ,99, ,70, ,87, ,41.6, ,4.7, ,111.7, ,50.3, 
6,Davis,Sacramento Valley,3/11/2021,070,0.12, ,0.00, ,457, ,7.8, ,59.3, ,37.6, ,47.8, ,100, ,39, ,69, ,38.2, ,5.8, ,139.8, ,50.6, 
6,Davis,Sacramento Valley,3/12/2021,071,0.17, ,0.00, ,481, ,5.9, ,69.0, ,38.7, ,53.6, ,78, ,16, ,42, ,31.3, ,6.5, ,156.6, ,51.2, 
6,Davis,Sacramento Valley,3/13/2021,072,0.13, ,0.00, ,479, ,8.1, ,66.9, ,33.9, ,50.0, ,90, ,45, ,66, ,39.2, ,4.7, ,112.6, ,52.2, 
6,Davis,Sacramento Valley,3/14/2021,073,0.08, ,0.18, ,271, ,9.0, ,59.3, ,38.5, ,49.1, ,98, ,55, ,76, ,41.9, ,6.8, ,164.2, ,51.8, 
6,Davis,Sacramento Valley,3/15/2021,074,0.11, ,0.00, ,407, ,6.9, ,53.5, ,36.6, ,45.4, ,86, ,49, ,67, ,35.2, ,6.8, ,162.5, ,50.7, 
6,Davis,Sacramento Valley,3/16/2021,075,0.12, ,0.00, ,458, ,6.9, ,59.9, ,35.7, ,48.3, ,85, ,43, ,60, ,35.0, ,4.6, ,109.8, ,51.2, 
6,Davis,Sacramento Valley,3/17/2021,076,0.07, ,0.00, ,277, ,8.5, ,57.1, ,37.1, ,48.1, ,95, ,59, ,74, ,40.4, ,3.7, ,87.9, ,51.6, 
6,Davis,Sacramento Valley,3/18/2021,077,0.03, ,0.22, ,152, ,11.6, ,54.8, ,48.0, ,51.9, ,99, ,68, ,88, ,48.4, ,4.8, ,115.1, ,53.1, 
6,Davis,Sacramento Valley,3/19/2021,078,0.08, ,0.06, ,285, ,10.5, ,63.8, ,42.3, ,53.0, ,100, ,45, ,77, ,45.9, ,4.3, ,102.5, ,54.3, 
6,Davis,Sacramento Valley,3/20/2021,079,0.13, ,0.00, ,503, ,7.4, ,61.9, ,39.4, ,50.5, ,87, ,31, ,59, ,36.8, ,4.3, ,103.6, ,53.7, 
6,Davis,Sacramento Valley,3/21/2021,080,0.20, ,0.00, ,518, ,6.2, ,68.1, ,42.9, ,54.4, ,83, ,15, ,43, ,32.3, ,9.1, ,217.5, ,53.0, 
6,Davis,Sacramento Valley,3/22/2021,081,0.12, ,0.00, ,428, ,8.9, ,66.5, ,41.2, ,53.0, ,94, ,33, ,65, ,41.5, ,4.5, ,108.2, ,53.9, 
6,Davis,Sacramento Valley,3/23/2021,082,0.26, ,0.00, ,534, ,5.5, ,66.6, ,46.8, ,56.0, ,78, ,21, ,36, ,29.5, ,15.2,R,364.1,R,52.8, 
6,Davis,Sacramento Valley,3/24/2021,083,0.20, ,0.00, ,473, ,5.5, ,70.0, ,46.5, ,57.4, ,79, ,17, ,34, ,29.5, ,8.6, ,206.8, ,54.0, 
6,Davis,Sacramento Valley,3/25/2021,084,0.16, ,0.00, ,523, ,8.0, ,67.3, ,41.5, ,54.2, ,87, ,26, ,56, ,38.9, ,6.1, ,146.4, ,54.5, 
6,Davis,Sacramento Valley,3/26/2021,085,0.23, ,0.00, ,547, ,5.4, ,73.2, ,48.3, ,59.1, ,51, ,15, ,32, ,29.0, ,10.3, ,246.7, ,54.2, 
6,Davis,Sacramento Valley,3/27/2021,086,0.16, ,0.00, ,545, ,7.3, ,75.3, ,40.6, ,58.4, ,69, ,25, ,44, ,36.6, ,2.9, ,70.4, ,55.9, 
6,Davis,Sacramento Valley,3/28/2021,087,0.18, ,0.00, ,543, ,8.0, ,80.4, ,42.8, ,60.9, ,80, ,23, ,44, ,38.8, ,3.5, ,83.7, ,57.9, 
6,Davis,Sacramento Valley,3/29/2021,088,0.25, ,0.00, ,547, ,6.2, ,71.9, ,43.4, ,58.9, ,85, ,15, ,37, ,32.4, ,9.4, ,225.7, ,56.3, 
6,Davis,Sacramento Valley,3/30/2021,089,0.38, ,0.00, ,571,R,3.7,Y,76.2, ,53.4, ,64.5, ,25, ,13, ,18,Y,19.9,Y,18.0,R,432.7,R,54.7, 
6,Davis,Sacramento Valley,3/31/2021,090,0.22, ,0.00, ,561, ,5.9, ,81.0, ,51.8, ,65.0, ,57, ,17, ,28, ,30.9, ,5.3, ,126.3, ,57.5, 
6,Davis,Sacramento Valley,4/1/2021,091,0.19, ,0.00, ,563, ,7.4, ,83.2, ,44.6, ,64.1, ,78, ,14, ,36, ,36.9, ,3.0, ,71.2, ,59.0, 
6,Davis,Sacramento Valley,4/2/2021,092,0.21, ,0.02, ,557, ,7.0, ,81.2, ,42.8, ,62.2, ,73, ,10, ,37, ,35.5, ,4.9, ,118.1, ,59.6, 
6,Davis,Sacramento Valley,4/3/2021,093,0.18, ,0.00, ,534, ,8.5, ,71.6, ,43.3, ,56.2, ,91, ,35, ,55, ,40.3, ,6.5, ,155.5, ,58.2, 
6,Davis,Sacramento Valley,4/4/2021,094,0.15, ,0.00, ,527, ,9.3, ,68.3, ,41.4, ,53.8, ,90, ,41, ,66, ,42.6, ,5.8, ,139.2, ,58.1, 
6,Davis,Sacramento Valley,4/5/2021,095,0.15, ,0.00, ,533, ,10.3, ,70.1, ,45.7, ,55.6, ,93, ,43, ,68, ,45.4, ,5.1, ,123.6, ,59.1, 
6,Davis,Sacramento Valley,4/6/2021,096,0.18, ,0.00, ,576, ,10.1, ,75.0, ,42.3, ,57.7, ,92, ,31, ,62, ,44.7, ,4.4, ,106.7, ,60.4, 
6,Davis,Sacramento Valley,4/7/2021,097,0.19, ,0.00, ,578, ,9.0, ,74.0, ,45.3, ,56.2, ,90, ,31, ,58, ,41.8, ,7.0, ,168.0, ,59.4, 
6,Davis,Sacramento Valley,4/8/2021,098,0.18, ,0.00, ,586, ,8.6, ,76.7, ,38.5, ,57.1, ,93, ,22, ,54, ,40.6, ,3.9, ,94.1, ,59.6, 
6,Davis,Sacramento Valley,4/9/2021,099,0.19, ,0.00, ,589, ,9.5, ,75.3, ,43.9, ,58.1, ,94, ,32, ,58, ,43.3, ,4.7, ,111.9, ,60.4, 
6,Davis,Sacramento Valley,4/10/2021,100,0.19, ,0.00, ,589, ,9.5, ,78.4, ,41.1, ,59.4, ,92, ,33, ,55, ,43.2, ,4.9, ,117.1, ,60.8, 
6,Davis,Sacramento Valley,4/11/2021,101,0.22, ,0.00, ,592, ,8.3, ,81.8, ,44.9, ,63.1, ,91, ,16, ,42, ,39.7, ,5.5, ,132.7, ,60.6, 
6,Davis,Sacramento Valley,4/12/2021,102,0.25, ,0.00, ,594, ,7.1, ,82.7, ,45.8, ,65.3, ,76, ,13, ,33, ,35.7, ,6.4, ,152.5, ,60.6, 
6,Davis,Sacramento Valley,4/13/2021,103,0.22, ,0.00, ,592, ,8.8, ,73.8, ,48.5, ,59.0, ,79, ,29, ,51, ,41.2, ,8.4, ,201.1, ,60.2, 
6,Davis,Sacramento Valley,4/14/2021,104,0.21, ,0.00, ,603, ,7.6, ,72.4, ,43.1, ,58.5, ,82, ,21, ,45, ,37.3, ,5.7, ,136.0, ,59.9, 
6,Davis,Sacramento Valley,4/15/2021,105,0.19, ,0.00, ,615, ,8.0, ,74.3, ,44.7, ,58.6, ,95, ,20, ,48, ,38.8, ,4.0, ,97.1, ,60.4, 
6,Davis,Sacramento Valley,4/16/2021,106,0.22, ,0.00, ,612, ,8.1, ,82.7, ,43.0, ,61.5, ,80, ,15, ,43, ,39.0, ,4.5, ,108.8, ,61.0, 
6,Davis,Sacramento Valley,4/17/2021,107,0.29, ,0.00, ,634, ,6.5, ,85.4, ,46.0, ,67.3, ,88, ,10, ,29, ,33.6, ,7.8, ,188.3, ,60.3, 
6,Davis,Sacramento Valley,4/18/2021,108,0.28, ,0.00, ,647,R,5.8, ,89.2, ,52.1, ,70.4, ,56, ,9, ,23, ,30.6, ,6.6, ,159.3, ,60.1, 
6,Davis,Sacramento Valley,4/19/2021,109,0.22, ,0.00, ,629, ,10.4, ,83.9, ,45.2, ,63.8, ,92, ,26, ,51, ,45.6, ,4.6, ,109.2, ,62.0, 
6,Davis,Sacramento Valley,4/20/2021,110,0.21, ,0.01,H,596, ,10.5, ,74.8, ,44.5, ,60.8, ,92, ,38, ,58, ,45.8, ,6.3, ,150.4, ,61.7, 
6,Davis,Sacramento Valley,4/21/2021,111,0.21, ,0.00, ,629, ,10.3, ,77.6, ,47.1, ,61.0, ,97, ,26, ,56, ,45.3, ,5.4, ,129.8, ,62.0, 
6,Davis,Sacramento Valley,4/22/2021,112,0.20, ,0.00, ,625, ,10.8, ,72.6, ,45.0, ,57.3, ,97, ,45, ,67, ,46.6, ,6.6, ,158.1, ,61.4, 
6,Davis,Sacramento Valley,4/23/2021,113,0.20, ,0.00, ,595, ,10.8, ,73.4, ,45.5, ,57.4, ,95, ,42, ,67, ,46.5, ,7.5, ,179.7, ,60.9, 
6,Davis,Sacramento Valley,4/24/2021,114,0.16, ,0.00, ,416, ,9.3, ,69.0, ,48.3, ,57.5, ,82, ,38, ,57, ,42.5, ,8.2, ,197.6, ,59.9, 
6,Davis,Sacramento Valley,4/25/2021,115,0.12, ,0.02, ,327, ,9.3, ,61.1, ,45.5, ,54.1, ,78, ,47, ,65, ,42.6, ,8.4, ,201.3, ,58.3, 
6,Davis,Sacramento Valley,4/26/2021,116,0.17, ,0.00, ,580, ,8.1, ,65.8, ,41.0, ,53.6, ,98, ,32, ,57, ,39.0, ,3.8, ,90.0, ,58.5, 
6,Davis,Sacramento Valley,4/27/2021,117,0.26, ,0.00, ,665, ,6.8, ,77.7, ,44.0, ,62.1, ,82, ,17, ,36, ,34.6, ,7.2, ,172.7, ,58.8, 
6,Davis,Sacramento Valley,4/28/2021,118,0.25, ,0.00, ,673,R,7.3, ,85.9, ,44.9, ,67.2, ,77, ,15, ,32, ,36.5, ,4.5, ,107.6, ,60.2, 
6,Davis,Sacramento Valley,4/29/2021,119,0.24, ,0.00, ,650, ,9.9, ,87.5, ,48.2, ,67.8, ,91, ,19, ,43, ,44.4, ,3.9, ,94.2, ,62.4, 
6,Davis,Sacramento Valley,4/30/2021,120,0.22, ,0.00,H,587, ,10.9, ,84.2, ,48.6, ,64.8, ,94, ,20, ,52, ,46.9, ,4.7, ,113.8, ,62.8, 
6,Davis,Sacramento Valley,5/1/2021,121,0.23, ,0.00, ,657, ,12.0, ,82.0, ,48.4, ,63.6, ,94, ,33, ,60, ,49.4, ,5.7, ,137.9, ,63.1, 
6,Davis,Sacramento Valley,5/2/2021,122,0.34, ,0.00, ,671, ,8.1, ,83.0, ,48.1, ,69.1, ,96, ,14, ,33, ,39.2, ,10.5, ,251.6, ,62.4, 
6,Davis,Sacramento Valley,5/3/2021,123,0.39, ,0.00, ,676, ,6.7, ,87.5, ,63.8,Y,75.0, ,36, ,11, ,23, ,34.4, ,12.5, ,300.6, ,62.9, 
6,Davis,Sacramento Valley,5/4/2021,124,0.30, ,0.00, ,656, ,10.0, ,88.4, ,63.2,Y,76.2, ,58, ,22, ,32, ,44.6, ,6.8, ,162.3, ,64.7, 
6,Davis,Sacramento Valley,5/5/2021,125,0.26, ,0.00, ,656, ,11.2, ,91.4, ,55.9, ,72.2, ,70, ,17, ,42, ,47.5, ,5.2, ,124.6, ,66.6, 
6,Davis,Sacramento Valley,5/6/2021,126,0.27, ,0.00, ,655, ,10.6, ,83.8, ,48.5, ,65.2, ,90, ,22, ,50, ,46.1, ,7.9, ,188.8, ,64.7, 
6,Davis,Sacramento Valley,5/7/2021,127,0.25, ,0.00, ,666, ,9.3, ,80.7, ,48.2, ,65.7, ,94, ,20, ,43, ,42.6, ,6.2, ,149.1, ,63.9, 
6,Davis,Sacramento Valley,5/8/2021,128,0.43, ,0.00, ,678, ,5.2,Y,86.1, ,61.4,Y,73.9, ,27, ,11, ,18,Y,28.2,Y,15.0,R,360.3,R,63.2, 
6,Davis,Sacramento Valley,5/9/2021,129,0.39, ,0.00, ,665, ,7.0, ,86.1, ,65.6,R,75.6, ,34, ,13, ,23, ,35.3, ,12.5,Y,300.4,Y,64.2, 
6,Davis,Sacramento Valley,5/10/2021,130,0.40, ,0.00, ,691, ,6.5, ,88.9, ,62.7,Y,76.0, ,32, ,13, ,21, ,33.6, ,12.1,Y,290.8,Y,64.4, 
6,Davis,Sacramento Valley,5/11/2021,131,0.28, ,0.00, ,681, ,7.3, ,91.9, ,50.4, ,74.1, ,61, ,12, ,26, ,36.6, ,4.4, ,106.2, ,65.2, 
6,Davis,Sacramento Valley,5/12/2021,132,0.27, ,0.00, ,680, ,10.8, ,91.8, ,51.9, ,72.0, ,92, ,18, ,40, ,46.6, ,4.6, ,110.2, ,66.7, 
6,Davis,Sacramento Valley,5/13/2021,133,0.25, ,0.01, ,680, ,11.4, ,85.6, ,49.0, ,66.0, ,89, ,25, ,52, ,48.1, ,4.9, ,117.3, ,66.4, 
6,Davis,Sacramento Valley,5/14/2021,134,0.24, ,0.08, ,662, ,12.2, ,80.4, ,48.5, ,63.0, ,94, ,39, ,62, ,49.9, ,7.0, ,167.7, ,66.1, 
6,Davis,Sacramento Valley,5/15/2021,135,0.20, ,0.00, ,620, ,11.8, ,73.4, ,50.3, ,60.7, ,85, ,44, ,65, ,48.8, ,6.2, ,148.6, ,65.4, 
6,Davis,Sacramento Valley,5/16/2021,136,0.23, ,0.00, ,627, ,11.9, ,78.4, ,51.6, ,61.7, ,84, ,41, ,63, ,49.1, ,7.8, ,187.3, ,64.9, 
6,Davis,Sacramento Valley,5/17/2021,137,0.23, ,0.00, ,673, ,11.7, ,75.5, ,49.5, ,61.8, ,89, ,44, ,62, ,48.7, ,6.0, ,143.3, ,64.8, 
6,Davis,Sacramento Valley,5/18/2021,138,0.27, ,0.00, ,681, ,10.3, ,85.0, ,47.9, ,65.2, ,94, ,26, ,49, ,45.4, ,6.1, ,147.5, ,65.3, 
6,Davis,Sacramento Valley,5/19/2021,139,0.27, ,0.00, ,693, ,8.1, ,76.9, ,48.8, ,62.3, ,75, ,25, ,42, ,39.2, ,7.8, ,186.7, ,64.2, 
6,Davis,Sacramento Valley,5/20/2021,140,0.28, ,0.00, ,681, ,5.2,Y,71.4, ,42.5, ,58.9, ,77, ,14, ,31,Y,28.1,Y,7.7, ,185.6, ,62.2, 
6,Davis,Sacramento Valley,5/21/2021,141,0.30, ,0.00, ,702, ,6.2,Y,73.4, ,52.5, ,63.0, ,57, ,18, ,32,Y,32.4,Y,10.0, ,240.0, ,62.7, 
6,Davis,Sacramento Valley,5/22/2021,142,0.25, ,0.00, ,655, ,8.5, ,76.2, ,44.3, ,62.0, ,92, ,27, ,45, ,40.2, ,6.6, ,157.9, ,63.0, 
6,Davis,Sacramento Valley,5/23/2021,143,0.24, ,0.00, ,687, ,10.6, ,78.9, ,51.6, ,64.2, ,81, ,29, ,52, ,46.0, ,6.0, ,144.4, ,64.5, 
6,Davis,Sacramento Valley,5/24/2021,144,0.26, ,0.00, ,688, ,11.2, ,86.5, ,50.3, ,69.0, ,93, ,26, ,46, ,47.6, ,4.5, ,108.3, ,66.1, 
6,Davis,Sacramento Valley,5/25/2021,145,0.27, ,0.00, ,802,R,10.5, ,82.0, ,59.1, ,73.3, ,69, ,27, ,37, ,45.8, ,5.8, ,138.6, ,69.9, 
6,Davis,Sacramento Valley,5/26/2021,146,0.27, ,0.00, ,665, ,10.4, ,86.3, ,50.9, ,69.4, ,89, ,23, ,42, ,45.5, ,6.0, ,143.8, ,67.1, 
6,Davis,Sacramento Valley,5/27/2021,147,0.25, ,0.00, ,707, ,11.7, ,85.8, ,49.0, ,67.8, ,89, ,25, ,51, ,48.8, ,4.9, ,118.6, ,67.2, 
6,Davis,Sacramento Valley,5/28/2021,148,0.25, ,0.00, ,695, ,13.6, ,85.5, ,54.9, ,69.3, ,95, ,32, ,56, ,52.7, ,4.6, ,111.3, ,68.6, 
6,Davis,Sacramento Valley,5/29/2021,149,0.26, ,0.00, ,692, ,12.7, ,84.9, ,51.7, ,65.5, ,91, ,36, ,59, ,50.8, ,6.3, ,151.7, ,67.8, 
6,Davis,Sacramento Valley,5/30/2021,150,0.27, ,0.00, ,700, ,13.2, ,96.2, ,51.7, ,72.7, ,93, ,23, ,48, ,52.0, ,4.0, ,95.0, ,69.3, 
6,Davis,Sacramento Valley,5/31/2021,151,0.29, ,0.00, ,700, ,13.5, ,102.0,Y,55.8, ,78.7, ,90, ,18, ,40, ,52.5, ,4.5, ,107.1, ,72.0, 
6,Davis,Sacramento Valley,6/1/2021,152,0.29, ,0.00, ,698, ,14.2, ,95.5, ,56.6, ,76.0, ,90, ,28, ,46, ,54.0, ,4.7, ,112.4, ,72.0, 
6,Davis,Sacramento Valley,6/2/2021,153,0.27, ,0.00, ,714, ,13.5, ,92.8, ,54.1, ,70.2, ,87, ,25, ,53, ,52.5, ,5.3, ,127.7, ,70.7, 
6,Davis,Sacramento Valley,6/3/2021,154,0.27, ,0.00, ,708, ,14.3, ,93.8, ,53.0, ,72.0, ,95, ,26, ,53, ,54.1, ,4.5, ,107.6, ,71.3, 
6,Davis,Sacramento Valley,6/4/2021,155,0.27, ,0.00, ,695, ,14.5, ,91.3, ,57.3, ,72.1, ,88, ,33, ,54, ,54.5, ,5.1, ,123.1, ,71.5, 
6,Davis,Sacramento Valley,6/5/2021,156,0.26, ,0.00, ,700, ,13.5, ,88.9, ,52.3, ,70.6, ,91, ,31, ,53, ,52.5, ,4.7, ,112.6, ,71.4, 
6,Davis,Sacramento Valley,6/6/2021,157,0.29, ,0.00, ,718, ,11.7, ,90.7, ,55.1, ,71.6, ,88, ,24, ,44, ,48.7, ,6.2, ,147.8, ,71.2, 
6,Davis,Sacramento Valley,6/7/2021,158,0.30, ,0.00, ,720, ,9.5, ,81.9, ,52.5, ,65.6, ,75, ,26, ,44, ,43.1, ,8.5, ,204.3, ,68.4, 
6,Davis,Sacramento Valley,6/8/2021,159,0.27, ,0.00, ,736, ,8.8, ,75.0, ,50.2, ,61.9, ,77, ,29, ,46, ,41.1, ,8.1, ,195.5, ,65.9, 
6,Davis,Sacramento Valley,6/9/2021,160,0.26, ,0.00, ,722, ,9.0, ,74.6, ,45.5, ,60.0, ,88, ,33, ,51, ,41.8, ,6.8, ,163.1, ,65.6, 
6,Davis,Sacramento Valley,6/10/2021,161,0.24, ,0.00, ,732, ,9.2, ,74.9, ,45.8, ,61.1, ,93, ,28, ,50, ,42.5, ,4.9, ,116.8, ,66.6, 
6,Davis,Sacramento Valley,6/11/2021,162,0.27, ,0.00, ,708, ,9.4, ,81.1, ,47.9, ,66.3, ,89, ,21, ,43, ,43.0, ,5.8, ,139.5, ,66.6, 
6,Davis,Sacramento Valley,6/12/2021,163,0.27, ,0.00, ,700, ,15.2, ,89.2, ,57.0, ,73.6, ,92, ,36, ,54, ,55.9, ,4.9, ,117.3, ,69.9, 
6,Davis,Sacramento Valley,6/13/2021,164,0.30, ,0.00, ,713, ,15.3, ,88.6, ,59.0, ,74.0, ,93, ,28, ,53, ,55.9, ,7.5, ,180.6, ,70.2, 
6,Davis,Sacramento Valley,6/14/2021,165,0.28, ,0.00, ,706, ,14.1, ,84.3, ,60.0, ,71.7, ,87, ,24, ,53, ,53.8, ,7.0, ,168.2, ,70.1, 
6,Davis,Sacramento Valley,6/15/2021,166,0.30, ,0.00, ,739, ,9.6, ,88.3, ,49.8, ,71.0, ,87, ,15, ,37, ,43.4, ,5.4, ,128.6, ,70.3, 
6,Davis,Sacramento Valley,6/16/2021,167,0.33, ,0.00, ,749, ,9.8, ,96.0, ,51.5, ,78.4, ,84, ,16, ,30, ,44.0, ,5.0, ,119.0, ,71.8, 
6,Davis,Sacramento Valley,6/17/2021,168,0.34, ,0.00, ,733, ,11.8, ,103.4, ,59.8, ,84.2, ,64, ,13, ,29, ,48.8, ,5.4, ,130.6, ,73.4, 
6,Davis,Sacramento Valley,6/18/2021,169,0.33, ,0.00, ,712, ,12.8, ,105.1,Y,60.2, ,83.3, ,86, ,13, ,33, ,51.1, ,4.7, ,113.4, ,74.6, 
6,Davis,Sacramento Valley,6/19/2021,170,0.32, ,0.00, ,715, ,12.2, ,99.2, ,57.8, ,79.8, ,76, ,13, ,35, ,49.7, ,4.9, ,116.5, ,73.9, 
6,Davis,Sacramento Valley,6/20/2021,171,0.32, ,0.00, ,734, ,12.7, ,98.8, ,57.5, ,77.6, ,83, ,13, ,39, ,50.8, ,5.6, ,134.5, ,72.7, 
6,Davis,Sacramento Valley,6/21/2021,172,0.31, ,0.00, ,707, ,12.6, ,89.4, ,57.3, ,72.3, ,75, ,24, ,47, ,50.7, ,7.4, ,178.8, ,70.7, 
6,Davis,Sacramento Valley,6/22/2021,173,0.28, ,0.00, ,714, ,14.0, ,84.0, ,57.2, ,70.8, ,81, ,39, ,55, ,53.6, ,6.6, ,158.9, ,70.6, 
6,Davis,Sacramento Valley,6/23/2021,174,0.29, ,0.00, ,715, ,13.4, ,87.7, ,55.8, ,71.5, ,87, ,27, ,51, ,52.4, ,5.8, ,140.1, ,71.0, 
6,Davis,Sacramento Valley,6/24/2021,175,0.28, ,0.00, ,714, ,13.4, ,86.9, ,55.8, ,70.9, ,84, ,31, ,52, ,52.3, ,5.8, ,138.7, ,70.9, 
6,Davis,Sacramento Valley,6/25/2021,176,0.28, ,0.00, ,700, ,14.8, ,91.7, ,54.9, ,71.9, ,92, ,32, ,55, ,55.0, ,5.3, ,127.7, ,71.5, 
6,Davis,Sacramento Valley,6/26/2021,177,0.28, ,0.00, ,708, ,16.0, ,95.5, ,56.1, ,74.3, ,91, ,33, ,55, ,57.3, ,4.7, ,112.3, ,72.7, 
6,Davis,Sacramento Valley,6/27/2021,178,0.27, ,0.00, ,700, ,15.9, ,91.5, ,57.2, ,72.9, ,88, ,38, ,58, ,57.1, ,5.2, ,125.0, ,73.0, 
6,Davis,Sacramento Valley,6/28/2021,179,0.28, ,0.00, ,714, ,16.1, ,93.7, ,57.3, ,73.5, ,94, ,32, ,57, ,57.4, ,4.9, ,118.3, ,73.3, 
6,Davis,Sacramento Valley,6/29/2021,180,0.28, ,0.00, ,713, ,16.3, ,93.2, ,57.2, ,74.6, ,93, ,31, ,56, ,57.8, ,4.8, ,116.1, ,73.7, 
6,Davis,Sacramento Valley,6/30/2021,181,0.28, ,0.00, ,699, ,16.3, ,88.3, ,59.5, ,71.6, ,91, ,40, ,62, ,57.7, ,6.3, ,151.6, ,73.1, 
6,Davis,Sacramento Valley,7/1/2021,182,0.27, ,0.00, ,711, ,16.1, ,87.5, ,57.8, ,70.6, ,94, ,39, ,63, ,57.4, ,5.8, ,138.4, ,72.5, 
6,Davis,Sacramento Valley,7/2/2021,183,0.27, ,0.00, ,707, ,16.0, ,91.4, ,55.6, ,72.1, ,96, ,30, ,60, ,57.2, ,5.3, ,126.4, ,73.1, 
6,Davis,Sacramento Valley,7/3/2021,184,0.27, ,0.00, ,677, ,15.3, ,91.2, ,56.1, ,71.9, ,94, ,28, ,57, ,55.9, ,5.3, ,126.2, ,72.9, 
6,Davis,Sacramento Valley,7/4/2021,185,0.28, ,0.00, ,706, ,15.2, ,91.5, ,57.0, ,72.8, ,92, ,32, ,55, ,55.9, ,5.5, ,131.2, ,72.9, 
6,Davis,Sacramento Valley,7/5/2021,186,0.28, ,0.00, ,721, ,15.1, ,91.2, ,54.0, ,71.0, ,95, ,31, ,58, ,55.6, ,5.6, ,135.4, ,72.6, 
6,Davis,Sacramento Valley,7/6/2021,187,0.27, ,0.00, ,712, ,14.5, ,89.9, ,53.0, ,70.2, ,96, ,34, ,58, ,54.6, ,5.0, ,120.7, ,72.7, 
6,Davis,Sacramento Valley,7/7/2021,188,0.27, ,0.00, ,725, ,14.4, ,90.8, ,51.4, ,70.9, ,94, ,32, ,56, ,54.4, ,4.6, ,110.9, ,72.9, 
6,Davis,Sacramento Valley,7/8/2021,189,0.28, ,0.00, ,726, ,13.9, ,99.4, ,53.5, ,76.1, ,96, ,18, ,45, ,53.4, ,3.9, ,94.5, ,74.0, 
6,Davis,Sacramento Valley,7/9/2021,190,0.31, ,0.00, ,668, ,13.3, ,105.1,Y,59.0, ,83.0, ,84, ,15, ,35, ,52.2, ,4.5, ,107.4, ,75.4, 
6,Davis,Sacramento Valley,7/10/2021,191,0.31, ,0.00, ,682, ,14.7, ,107.8,Y,60.5, ,83.9,Y,85, ,15, ,37,Y,54.9,Y,4.3, ,102.1, ,76.0, 
6,Davis,Sacramento Valley,7/11/2021,192,0.29, ,0.00, ,704, ,14.8, ,96.2, ,59.0, ,75.9, ,83, ,26, ,49, ,55.1, ,5.2, ,125.7, ,75.0, 
6,Davis,Sacramento Valley,7/12/2021,193,0.27, ,0.00, ,697, ,14.4, ,89.5, ,55.1, ,69.8, ,92, ,34, ,58, ,54.4, ,5.4, ,128.7, ,73.5, 
6,Davis,Sacramento Valley,7/13/2021,194,0.27, ,0.00, ,700, ,14.1, ,84.9, ,54.7, ,68.2, ,90, ,38, ,60, ,53.8, ,6.2, ,150.0, ,72.3, 
6,Davis,Sacramento Valley,7/14/2021,195,0.29, ,0.00, ,707, ,13.6, ,86.3, ,53.2, ,69.9, ,94, ,30, ,54, ,52.7, ,6.7, ,160.0, ,71.3, 
6,Davis,Sacramento Valley,7/15/2021,196,0.26, ,0.00, ,697, ,13.8, ,84.2, ,55.0, ,67.4, ,85, ,39, ,60, ,53.2, ,7.2, ,173.6, ,70.5, 
6,Davis,Sacramento Valley,7/16/2021,197,0.26, ,0.00, ,706, ,13.9, ,88.8, ,50.3, ,69.1, ,96, ,27, ,57, ,53.4, ,4.2, ,100.1, ,71.1, 
6,Davis,Sacramento Valley,7/17/2021,198,0.27, ,0.00, ,703, ,14.1, ,94.0, ,53.5, ,73.7, ,94, ,22, ,50, ,53.7, ,4.1, ,99.3, ,72.4, 
6,Davis,Sacramento Valley,7/18/2021,199,0.28, ,0.00, ,655, ,14.0, ,97.6, ,54.7, ,76.3, ,94, ,18, ,45, ,53.5, ,5.2, ,124.2, ,72.8, 
6,Davis,Sacramento Valley,7/19/2021,200,0.31, ,0.00, ,636, ,12.9, ,96.3, ,64.0, ,78.3, ,61, ,16, ,39, ,51.2, ,6.6, ,158.7, ,71.8, 
6,Davis,Sacramento Valley,7/20/2021,201,0.27, ,0.00, ,698, ,14.6, ,91.5, ,55.9, ,72.4, ,90, ,30, ,54, ,54.6, ,5.5, ,133.0, ,71.2, 
6,Davis,Sacramento Valley,7/21/2021,202,0.27, ,0.00, ,700, ,13.4, ,94.4, ,56.1, ,72.9, ,83, ,17, ,49, ,52.4, ,4.6, ,111.4, ,72.0, 
6,Davis,Sacramento Valley,7/22/2021,203,0.26, ,0.00, ,696, ,13.6, ,92.8, ,54.4, ,71.8, ,84, ,25, ,51, ,52.8, ,4.7, ,112.4, ,72.5, 
6,Davis,Sacramento Valley,7/23/2021,204,0.28, ,0.00, ,695, ,13.2, ,97.3, ,52.3, ,74.3, ,92, ,16, ,45, ,51.9, ,4.5, ,108.6, ,72.4, 
6,Davis,Sacramento Valley,7/24/2021,205,0.27, ,0.00, ,662, ,14.0, ,96.6, ,56.0, ,75.5, ,91, ,20, ,47, ,53.6, ,4.6, ,110.1, ,73.0, 
6,Davis,Sacramento Valley,7/25/2021,206,0.28, ,0.00, ,644, ,13.8, ,97.4, ,56.1, ,75.6, ,93, ,24, ,46, ,53.1, ,4.9, ,118.4, ,72.6, 
6,Davis,Sacramento Valley,7/26/2021,207,0.22, ,0.00, ,489, ,12.7, ,84.1, ,56.9, ,71.3, ,84, ,32, ,49, ,51.0, ,6.3, ,151.1, ,70.5, 
6,Davis,Sacramento Valley,7/27/2021,208,0.26, ,0.00, ,509, ,12.7, ,91.6, ,57.0, ,75.4, ,90, ,20, ,42, ,50.8, ,6.9, ,166.2, ,70.8, 
6,Davis,Sacramento Valley,7/28/2021,209,0.28, ,0.00, ,616, ,15.2, ,99.2, ,58.8, ,80.0, ,89, ,24, ,44, ,55.8, ,4.9, ,116.8, ,72.4, 
6,Davis,Sacramento Valley,7/29/2021,210,0.27, ,0.00, ,629, ,16.5, ,101.4, ,60.1, ,79.4, ,88, ,24, ,48, ,58.0, ,4.4, ,104.5, ,73.2, 
6,Davis,Sacramento Valley,7/30/2021,211,0.28, ,0.00, ,636, ,15.4, ,103.2, ,59.8, ,79.3, ,91, ,19, ,45, ,56.2, ,5.4, ,130.1, ,73.1, 
6,Davis,Sacramento Valley,7/31/2021,212,0.27, ,0.00, ,643, ,14.8, ,93.8, ,56.4, ,74.8, ,91, ,29, ,50, ,55.0, ,5.4, ,129.2, ,72.1, 
6,Davis,Sacramento Valley,8/1/2021,213,0.27, ,0.00, ,661, ,14.2, ,93.7, ,56.1, ,74.2, ,94, ,23, ,49, ,53.9, ,5.1, ,121.3, ,71.9, 
6,Davis,Sacramento Valley,8/2/2021,214,0.26, ,0.00, ,697, ,11.4, ,93.3, ,55.9, ,73.6, ,75, ,16, ,40, ,47.9, ,4.5, ,106.8, ,71.1, 
6,Davis,Sacramento Valley,8/3/2021,215,0.26, ,0.00, ,684, ,12.5, ,96.8, ,53.2, ,74.6, ,94, ,15, ,43, ,50.5, ,3.4, ,81.7, ,70.9, 
6,Davis,Sacramento Valley,8/4/2021,216,0.27, ,0.00, ,676, ,13.9, ,94.7, ,54.9, ,72.2, ,95, ,26, ,52, ,53.4, ,5.9, ,141.3, ,70.3, 
6,Davis,Sacramento Valley,8/5/2021,217,0.24, ,0.00, ,669, ,14.6, ,84.4, ,56.2, ,69.1, ,87, ,38, ,60, ,54.7, ,5.9, ,142.1, ,68.5, 
6,Davis,Sacramento Valley,8/6/2021,218,0.20, ,0.00, ,485, ,14.9, ,94.0, ,56.2, ,74.2, ,95, ,26, ,52, ,55.2, ,3.5, ,84.6, ,70.0, 
6,Davis,Sacramento Valley,8/7/2021,219,0.18, ,0.00, ,436, ,15.1, ,89.5, ,58.2, ,72.6, ,96, ,24, ,55, ,55.7, ,4.1, ,98.4, ,70.5, 
6,Davis,Sacramento Valley,8/8/2021,220,0.25, ,0.00, ,630, ,15.9, ,90.0, ,56.6, ,72.1, ,96, ,33, ,59, ,57.0, ,4.7, ,112.8, ,70.2, 
6,Davis,Sacramento Valley,8/9/2021,221,0.25, ,0.00, ,635, ,13.8, ,93.7, ,55.4, ,73.0, ,94, ,14, ,50, ,53.1, ,4.0, ,94.9, ,70.6, 
6,Davis,Sacramento Valley,8/10/2021,222,0.25, ,0.00, ,617, ,13.5, ,97.5, ,54.8, ,76.8, ,93, ,20, ,43, ,52.5, ,3.8, ,92.1, ,71.1, 
6,Davis,Sacramento Valley,8/11/2021,223,0.27, ,0.00, ,599, ,13.4, ,100.2, ,56.4, ,78.3, ,89, ,22, ,40, ,52.3, ,4.7, ,113.2, ,71.5, 
6,Davis,Sacramento Valley,8/12/2021,224,0.20, ,0.00, ,469, ,14.6, ,93.0, ,58.1, ,73.3, ,88, ,31, ,52, ,54.7, ,4.8, ,115.8, ,70.9, 
6,Davis,Sacramento Valley,8/13/2021,225,0.22, ,0.00, ,548, ,15.3, ,93.6, ,58.1, ,74.1, ,88, ,32, ,53, ,56.0, ,4.0, ,95.5, ,71.2, 
6,Davis,Sacramento Valley,8/14/2021,226,0.24, ,0.00, ,580, ,16.9, ,98.0, ,61.0, ,77.5, ,91, ,27, ,52, ,58.7, ,3.9, ,94.5, ,72.3, 
6,Davis,Sacramento Valley,8/15/2021,227,0.21, ,0.00, ,515, ,17.2, ,93.9, ,60.0, ,75.4, ,90, ,34, ,57, ,59.2, ,4.3, ,102.1, ,71.8, 
6,Davis,Sacramento Valley,8/16/2021,228,0.25, ,0.00, ,567, ,16.4, ,98.4, ,60.5, ,77.7, ,94, ,27, ,51, ,58.0, ,5.2, ,124.9, ,71.9, 
6,Davis,Sacramento Valley,8/17/2021,229,0.19, ,0.00, ,513, ,15.0, ,87.0, ,60.0, ,71.3, ,85, ,38, ,57, ,55.3, ,4.3, ,103.7, ,70.3, 
6,Davis,Sacramento Valley,8/18/2021,230,0.24, ,0.00, ,411, ,11.0, ,86.6, ,59.5, ,72.8, ,72, ,21, ,40, ,47.0, ,7.8, ,186.2, ,69.6, 
6,Davis,Sacramento Valley,8/19/2021,231,0.18, ,0.00, ,447, ,14.2, ,85.3, ,53.1, ,69.3, ,93, ,34, ,58, ,53.8, ,3.9, ,94.6, ,69.0, 
6,Davis,Sacramento Valley,8/20/2021,232,0.19, ,0.00, ,513, ,14.7, ,84.3, ,54.6, ,68.2, ,96, ,32, ,63, ,55.0, ,5.1, ,121.2, ,68.4, 
6,Davis,Sacramento Valley,8/21/2021,233,0.20, ,0.00, ,559, ,14.7, ,77.0,Y,58.0, ,66.1, ,84, ,50, ,67, ,54.9, ,6.7, ,161.4, ,66.9,Y
6,Davis,Sacramento Valley,8/22/2021,234,0.20, ,0.00, ,589, ,14.6, ,83.5, ,52.6, ,66.9, ,96, ,37, ,65, ,54.6, ,3.8, ,91.3, ,67.5, 
6,Davis,Sacramento Valley,8/23/2021,235,0.21, ,0.00, ,586, ,14.3, ,83.5, ,50.1, ,65.8, ,97, ,38, ,66, ,54.1, ,5.2, ,125.7, ,67.3, 
6,Davis,Sacramento Valley,8/24/2021,236,0.22, ,0.00, ,598, ,11.9, ,85.9, ,48.9, ,67.2, ,95, ,18, ,52, ,49.2, ,4.8, ,114.6, ,66.3,Y
6,Davis,Sacramento Valley,8/25/2021,237,0.22, ,0.00, ,593, ,11.8, ,86.5, ,52.3, ,68.8, ,89, ,18, ,49, ,48.9, ,4.1, ,99.3, ,66.1,Y
6,Davis,Sacramento Valley,8/26/2021,238,0.22,H,0.00,H,593,H,11.9,H,96.9, ,51.4, ,73.1,H,95,H,16,H,43, ,49.2, ,3.6,H,87.4,H,66.9,H
6,Davis,Sacramento Valley,8/27/2021,239,0.26, ,0.00, ,522, ,12.1, ,97.6, ,55.3, ,77.8, ,85, ,18, ,37, ,49.5, ,5.2, ,124.6, ,68.0, 
6,Davis,Sacramento Valley,8/28/2021,240,0.22, ,0.00, ,533, ,13.1, ,99.7, ,56.6, ,78.4, ,89, ,17, ,39, ,51.7, ,3.0, ,71.6, ,69.2, 
6,Davis,Sacramento Valley,8/29/2021,241,0.23, ,0.00, ,561, ,13.8, ,100.5, ,56.3, ,77.7, ,88, ,18, ,42, ,53.1, ,3.4, ,82.1, ,69.8, 
6,Davis,Sacramento Valley,8/30/2021,242,0.24, ,0.00, ,578, ,14.0, ,97.5, ,56.1, ,74.7, ,95, ,16, ,48, ,53.5, ,4.3, ,104.3, ,69.5, 
6,Davis,Sacramento Valley,8/31/2021,243,0.23, ,0.00, ,578, ,13.8, ,89.2, ,54.4, ,70.4, ,94, ,28, ,54, ,53.1, ,5.2, ,124.5, ,68.6, 
6,Davis,Sacramento Valley,9/1/2021,244,0.20, ,0.00, ,567, ,12.9, ,78.6, ,51.2, ,63.8, ,94, ,42, ,64, ,51.2, ,6.9, ,164.6, ,66.6, 
6,Davis,Sacramento Valley,9/2/2021,245,0.19, ,0.00, ,556, ,12.4, ,81.6, ,49.2, ,64.1, ,97, ,33, ,60, ,50.2, ,4.2, ,101.8, ,65.9, 
6,Davis,Sacramento Valley,9/3/2021,246,0.19, ,0.00, ,551, ,12.1, ,88.1, ,47.8, ,67.4, ,96, ,21, ,53, ,49.5, ,3.1, ,74.6, ,66.8, 
6,Davis,Sacramento Valley,9/4/2021,247,0.21, ,0.00, ,558, ,11.7, ,93.4, ,48.9, ,71.2, ,97, ,18, ,45, ,48.6, ,3.0, ,72.6, ,67.6, 
6,Davis,Sacramento Valley,9/5/2021,248,0.22, ,0.00, ,576, ,10.3, ,97.5, ,50.7, ,74.7, ,90, ,13, ,35, ,45.2, ,3.2, ,77.5, ,68.0, 
6,Davis,Sacramento Valley,9/6/2021,249,0.23, ,0.00, ,548, ,10.1, ,100.3, ,52.6, ,78.4, ,82, ,11, ,30, ,44.8, ,3.5, ,84.6, ,68.7, 
6,Davis,Sacramento Valley,9/7/2021,250,0.25, ,0.00, ,543, ,10.9, ,103.3, ,57.5, ,81.8,Y,77, ,11, ,29,Y,46.8,Y,4.3, ,102.8, ,69.7, 
6,Davis,Sacramento Valley,9/8/2021,251,0.21, ,0.00, ,512, ,14.5, ,103.8,Y,60.9, ,81.8,Y,84, ,19, ,39,Y,54.5,Y,2.9, ,69.3, ,71.0, 
6,Davis,Sacramento Valley,9/9/2021,252,0.20, ,0.00, ,451, ,15.0, ,97.4, ,61.4, ,76.7, ,84, ,22, ,48, ,55.5, ,5.1, ,122.5, ,70.3, 
6,Davis,Sacramento Valley,9/10/2021,253,0.18, ,0.00, ,486, ,16.2, ,89.2, ,62.6, ,73.1, ,92, ,33, ,58, ,57.6, ,4.5, ,108.8, ,70.6, 
6,Davis,Sacramento Valley,9/11/2021,254,0.20, ,0.00, ,538, ,13.8, ,92.4, ,53.9, ,73.1, ,95, ,21, ,50, ,53.2, ,3.4, ,81.4, ,70.4, 
6,Davis,Sacramento Valley,9/12/2021,255,0.20, ,0.00, ,530, ,13.5, ,95.1, ,54.0, ,75.1, ,96, ,20, ,45, ,52.6, ,3.0, ,72.9, ,70.4, 
6,Davis,Sacramento Valley,9/13/2021,256,0.20, ,0.00, ,506, ,13.0, ,95.2, ,56.6, ,76.0, ,88, ,21, ,42, ,51.4, ,3.3, ,78.4, ,70.6, 
6,Davis,Sacramento Valley,9/14/2021,257,0.20, ,0.00, ,491, ,12.5, ,96.6, ,54.6, ,74.8, ,92, ,17, ,42, ,50.4, ,3.8, ,91.4, ,69.9, 
6,Davis,Sacramento Valley,9/15/2021,258,0.19, ,0.00, ,501, ,13.4, ,86.9, ,52.7, ,67.7, ,91, ,31, ,58, ,52.4, ,4.9, ,117.8, ,68.5, 
6,Davis,Sacramento Valley,9/16/2021,259,0.17, ,0.00, ,494, ,13.8, ,79.7, ,51.5, ,64.6, ,96, ,41, ,67, ,53.2, ,5.3, ,126.8, ,67.0, 
6,Davis,Sacramento Valley,9/17/2021,260,0.18, ,0.00, ,502, ,13.0, ,83.4, ,49.9, ,64.8, ,97, ,31, ,62, ,51.6, ,5.0, ,120.1, ,66.7, 
6,Davis,Sacramento Valley,9/18/2021,261,0.18, ,0.00, ,494, ,14.9, ,78.9, ,55.7, ,66.5, ,82, ,50, ,67, ,55.2, ,8.8, ,210.4, ,65.6, 
6,Davis,Sacramento Valley,9/19/2021,262,0.20, ,0.00, ,501, ,12.5, ,80.3, ,57.2, ,69.3, ,94, ,30, ,51, ,50.5, ,6.5, ,156.1, ,67.0, 
6,Davis,Sacramento Valley,9/20/2021,263,0.29, ,0.00, ,509, ,8.2, ,89.0, ,63.3, ,75.4, ,41, ,16, ,27, ,39.3, ,10.0, ,240.6, ,66.9, 
6,Davis,Sacramento Valley,9/21/2021,264,0.18, ,0.00, ,474, ,10.6, ,93.9, ,51.5, ,74.4, ,79, ,19, ,36, ,46.0, ,2.7, ,64.6, ,67.2, 
6,Davis,Sacramento Valley,9/22/2021,265,0.20, ,0.00, ,479, ,11.9, ,95.4, ,54.7, ,74.0, ,90, ,16, ,41, ,49.2, ,3.7, ,88.8, ,67.8, 
6,Davis,Sacramento Valley,9/23/2021,266,0.24, ,0.00, ,478, ,10.1, ,95.5, ,55.5, ,75.2, ,80, ,14, ,34, ,44.9, ,6.3, ,150.4, ,67.0, 
6,Davis,Sacramento Valley,9/24/2021,267,0.18, ,0.00, ,454, ,11.4, ,94.3, ,53.2, ,73.3, ,79, ,18, ,41, ,48.1, ,3.6, ,85.9, ,67.3, 
6,Davis,Sacramento Valley,9/25/2021,268,0.16, ,0.00, ,428, ,13.3, ,89.7, ,54.7, ,69.1, ,91, ,27, ,55, ,52.2, ,4.6, ,109.8, ,67.0, 
6,Davis,Sacramento Valley,9/26/2021,269,0.17, ,0.00, ,478, ,12.4, ,82.5, ,53.2, ,64.9, ,84, ,37, ,59, ,50.2, ,6.3, ,150.3, ,65.3, 
6,Davis,Sacramento Valley,9/27/2021,270,0.17, ,0.00, ,456, ,13.9, ,81.4, ,47.5, ,65.5, ,95, ,40, ,65, ,53.3, ,6.2, ,148.1, ,65.3, 
6,Davis,Sacramento Valley,9/28/2021,271,0.24, ,0.00, ,472, ,7.1, ,79.1, ,52.8, ,65.2, ,71, ,14, ,33, ,35.6, ,8.9, ,212.7, ,64.5, 
6,Davis,Sacramento Valley,9/29/2021,272,0.21, ,0.00, ,472, ,7.1, ,83.6, ,46.4, ,66.7, ,72, ,13, ,31, ,35.6, ,5.8, ,138.4, ,63.5, 
6,Davis,Sacramento Valley,9/30/2021,273,0.18, ,0.00, ,471, ,7.5, ,86.6, ,44.3, ,67.7, ,84, ,12, ,33, ,37.2, ,3.6, ,87.0, ,63.7, 
6,Davis,Sacramento Valley,10/1/2021,274,0.16, ,0.00, ,447, ,9.1, ,89.8, ,46.7, ,68.5, ,89, ,17, ,38, ,42.0, ,2.3, ,56.0, ,64.4, 
6,Davis,Sacramento Valley,10/2/2021,275,0.17, ,0.00, ,439, ,9.1, ,90.8, ,52.0, ,71.3, ,77, ,15, ,35, ,42.2, ,3.3, ,78.6, ,64.9, 
6,Davis,Sacramento Valley,10/3/2021,276,0.17, ,0.00, ,432, ,9.6, ,88.6, ,51.0, ,71.0, ,85, ,19, ,37, ,43.6, ,3.4, ,80.9, ,65.0, 
6,Davis,Sacramento Valley,10/4/2021,277,0.16, ,0.00, ,410, ,10.3, ,88.9, ,47.9, ,69.8, ,92, ,21, ,41, ,45.2, ,2.9, ,70.0, ,64.9, 
6,Davis,Sacramento Valley,10/5/2021,278,0.19, ,0.00, ,403, ,9.9, ,83.6, ,51.7, ,67.3, ,82, ,26, ,43, ,44.3, ,7.2, ,172.3, ,63.2, 
6,Davis,Sacramento Valley,10/6/2021,279,0.14, ,0.00, ,352, ,11.8, ,76.0, ,54.7, ,63.5, ,83, ,37, ,59, ,49.0, ,6.3, ,150.2, ,62.5, 
6,Davis,Sacramento Valley,10/7/2021,280,0.14, ,0.00, ,357, ,9.9, ,72.6, ,52.3, ,60.8, ,89, ,25, ,55, ,44.3, ,6.7, ,160.8, ,61.7, 
6,Davis,Sacramento Valley,10/8/2021,281,0.14, ,0.00, ,405, ,10.1, ,68.6, ,50.9, ,57.8, ,82, ,40, ,62, ,44.8, ,7.6, ,182.4, ,60.2, 
6,Davis,Sacramento Valley,10/9/2021,282,0.14, ,0.00, ,419, ,9.2, ,75.2, ,44.2, ,58.7, ,96, ,25, ,55, ,42.4, ,5.0, ,119.2, ,60.7, 
6,Davis,Sacramento Valley,10/10/2021,283,0.14, ,0.00, ,415, ,9.5, ,79.4, ,42.2, ,61.8, ,96, ,26, ,50, ,43.1, ,3.8, ,90.0, ,61.0, 
6,Davis,Sacramento Valley,10/11/2021,284,0.30, ,0.00, ,396, ,4.5, ,68.4, ,55.9, ,61.4, ,34, ,16, ,24, ,24.7, ,17.4,R,416.8,R,59.5, 
6,Davis,Sacramento Valley,10/12/2021,285,0.23, ,0.00, ,420, ,3.9,Y,69.8, ,44.7, ,57.5, ,43, ,11, ,24,Y,21.2,Y,11.8,Y,283.9,Y,58.3, 
6,Davis,Sacramento Valley,10/13/2021,286,0.13, ,0.00, ,376, ,6.9, ,71.2, ,44.6, ,57.5, ,69, ,25, ,43, ,35.0, ,4.3, ,103.0, ,58.2, 
6,Davis,Sacramento Valley,10/14/2021,287,0.20, ,0.00, ,406, ,5.4, ,76.5, ,47.3, ,61.1, ,46, ,15, ,29, ,29.0, ,7.6, ,181.6, ,58.2, 
6,Davis,Sacramento Valley,10/15/2021,288,0.13, ,0.00, ,399, ,6.5, ,80.6, ,42.3, ,59.8, ,60, ,18, ,37, ,33.4, ,2.5, ,60.5, ,58.4, 
6,Davis,Sacramento Valley,10/16/2021,289,0.14, ,0.00, ,392, ,6.9, ,82.2, ,42.6, ,62.6, ,59, ,18, ,36, ,35.1, ,3.1, ,74.5, ,58.7, 
6,Davis,Sacramento Valley,10/17/2021,290,0.16, ,0.00, ,314, ,8.1, ,72.6, ,49.0, ,59.4, ,69, ,29, ,47, ,39.2, ,9.0, ,215.3, ,57.9, 
6,Davis,Sacramento Valley,10/18/2021,291,0.10, ,0.00, ,353, ,8.4, ,64.6, ,42.5, ,53.2, ,90, ,40, ,61, ,40.1, ,3.5, ,84.2, ,57.2, 
6,Davis,Sacramento Valley,10/19/2021,292,0.11, ,0.00, ,333, ,8.1, ,67.0, ,38.0, ,54.8, ,81, ,38, ,55, ,39.0, ,4.0, ,97.0, ,56.6,Y
6,Davis,Sacramento Valley,10/20/2021,293,0.04, ,0.00, ,134, ,12.9, ,65.6, ,51.9, ,58.7, ,98, ,49, ,76, ,51.2, ,3.9, ,94.6, ,57.8, 
6,Davis,Sacramento Valley,10/21/2021,294,0.04, ,0.00, ,114, ,17.9,Y,70.6, ,62.4,Y,66.0, ,99, ,73, ,82,Y,60.4,Y,9.2, ,220.5, ,61.5, 
6,Davis,Sacramento Valley,10/22/2021,295,0.10, ,0.12, ,300, ,13.8, ,66.8, ,56.4, ,61.4, ,91, ,57, ,74, ,53.1, ,7.4, ,177.2, ,60.8, 
6,Davis,Sacramento Valley,10/23/2021,296,0.03, ,0.29, ,152, ,12.9, ,64.2, ,50.3, ,57.1, ,97, ,58, ,81, ,51.3, ,3.6, ,87.4, ,59.8, 
6,Davis,Sacramento Valley,10/24/2021,297,0.00, ,4.96, ,23, ,15.4, ,60.7, ,53.9, ,56.6, ,99, ,95, ,98, ,56.1, ,9.8, ,234.2, ,57.9, 
6,Davis,Sacramento Valley,10/25/2021,298,0.09, ,0.14, ,309, ,12.4, ,64.6, ,50.3, ,57.7, ,99, ,54, ,76, ,50.2, ,6.5, ,156.9, ,58.4, 
6,Davis,Sacramento Valley,10/26/2021,299,0.06, ,0.00, ,231, ,12.6, ,64.3, ,50.2, ,57.7, ,95, ,60, ,77, ,50.7, ,5.1, ,123.6, ,57.8, 
6,Davis,Sacramento Valley,10/27/2021,300,0.09, ,0.00, ,315, ,15.0, ,69.3, ,53.1, ,61.4, ,97, ,69, ,81, ,55.5, ,5.9, ,141.9, ,59.5, 
6,Davis,Sacramento Valley,10/28/2021,301,0.08, ,0.00, ,327, ,15.3, ,72.9, ,51.9, ,61.5, ,99, ,61, ,82, ,56.0, ,2.3, ,54.1, ,60.3, 
6,Davis,Sacramento Valley,10/29/2021,302,0.06, ,0.01, ,256, ,15.8, ,73.4, ,51.5, ,60.5, ,100, ,57, ,87, ,56.8, ,1.9, ,45.6, ,60.5, 
6,Davis,Sacramento Valley,10/30/2021,303,0.08, ,0.00, ,291, ,14.9, ,68.8, ,53.3, ,60.2, ,99, ,71, ,83, ,55.2, ,5.9, ,142.4, ,60.9, 
6,Davis,Sacramento Valley,10/31/2021,304,0.07, ,0.00, ,294, ,13.1, ,65.9, ,48.5, ,57.4, ,100, ,58, ,81, ,51.7, ,2.7, ,65.2, ,60.1, 
6,Davis,Sacramento Valley,11/1/2021,305,0.02, ,0.02, ,112, ,15.3, ,61.5, ,54.6, ,58.5, ,99, ,78, ,91, ,56.0, ,4.4, ,104.6, ,60.0, 
6,Davis,Sacramento Valley,11/2/2021,306,0.07, ,0.00, ,267, ,15.3, ,68.4, ,55.2, ,60.4, ,99, ,65, ,86, ,56.1, ,3.4, ,81.8, ,61.1, 
6,Davis,Sacramento Valley,11/3/2021,307,0.08, ,0.00, ,315, ,13.5, ,72.3, ,49.7, ,60.7, ,97, ,51, ,74, ,52.5, ,3.0, ,71.4, ,60.5, 
6,Davis,Sacramento Valley,11/4/2021,308,0.08, ,0.01, ,290, ,14.2, ,70.0, ,50.5, ,61.2, ,99, ,49, ,77, ,54.0, ,5.0, ,119.4, ,61.1, 
6,Davis,Sacramento Valley,11/5/2021,309,0.04, ,0.00, ,194, ,12.7, ,64.6, ,45.7, ,54.4, ,100, ,63, ,88, ,50.8, ,2.4, ,58.4, ,59.2, 
6,Davis,Sacramento Valley,11/6/2021,310,0.03, ,0.00, ,129, ,12.6, ,62.8, ,50.6, ,55.6, ,100, ,65, ,84, ,50.8, ,2.7, ,63.9, ,59.5, 
6,Davis,Sacramento Valley,11/7/2021,311,0.10, ,0.00, ,308, ,8.0, ,62.1, ,43.5, ,51.7, ,82, ,36, ,61, ,38.8, ,5.7, ,135.9, ,58.0, 
6,Davis,Sacramento Valley,11/8/2021,312,0.07, ,0.48, ,258, ,9.3, ,61.4, ,39.4, ,51.8, ,98, ,40, ,71, ,42.5, ,3.8, ,90.4, ,56.6, 
6,Davis,Sacramento Valley,11/9/2021,313,0.01, ,0.27, ,65, ,13.5, ,59.8, ,50.1, ,54.8, ,100, ,82, ,92, ,52.6, ,6.8, ,164.1, ,56.2, 
6,Davis,Sacramento Valley,11/10/2021,314,0.06, ,0.00, ,230, ,14.3, ,64.8, ,50.1, ,57.3, ,100, ,71, ,89, ,54.0, ,4.4, ,105.2, ,58.0, 
6,Davis,Sacramento Valley,11/11/2021,315,0.07, ,0.00, ,287, ,13.5, ,69.9, ,47.2, ,57.1, ,100, ,60, ,85, ,52.6, ,3.0, ,72.1, ,58.1, 
6,Davis,Sacramento Valley,11/12/2021,316,0.02, ,0.01, ,130, ,13.6, ,61.4, ,46.3, ,52.9, ,100, ,92, ,100, ,52.8, ,2.3, ,54.2, ,57.8, 
6,Davis,Sacramento Valley,11/13/2021,317,0.04, ,0.02, ,186, ,13.7, ,64.1, ,50.1, ,54.0, ,100, ,78, ,96, ,53.0, ,3.1, ,75.3, ,59.0, 
6,Davis,Sacramento Valley,11/14/2021,318,0.01, ,0.01, ,76, ,13.5, ,55.7, ,50.5, ,52.6, ,100, ,98, ,100, ,52.5, ,3.0, ,71.8, ,58.8, 
6,Davis,Sacramento Valley,11/15/2021,319,0.00, ,0.00, ,54, ,14.0, ,56.8, ,51.3, ,54.0, ,100, ,94, ,98, ,53.6, ,2.9, ,68.6, ,58.7, 
6,Davis,Sacramento Valley,11/16/2021,320,0.05, ,0.00, ,204, ,13.2, ,66.2, ,47.8, ,55.9, ,100, ,53, ,86, ,51.9, ,5.4, ,128.7, ,59.0, 
6,Davis,Sacramento Valley,11/17/2021,321,0.06, ,0.00, ,258, ,11.2, ,62.7, ,41.0, ,50.4, ,100, ,68, ,90, ,47.6, ,2.3, ,55.5, ,57.2, 
6,Davis,Sacramento Valley,11/18/2021,322,0.01, ,0.01, ,98, ,12.0, ,56.9, ,43.3, ,49.8, ,100, ,87, ,98, ,49.4, ,2.5, ,60.5, ,56.2, 
6,Davis,Sacramento Valley,11/19/2021,323,0.03, ,0.01, ,136, ,13.4, ,61.1, ,50.4, ,54.9, ,100, ,77, ,92, ,52.4, ,4.7, ,113.2, ,57.7, 
6,Davis,Sacramento Valley,11/20/2021,324,0.09, ,0.00, ,270, ,9.2, ,66.6, ,46.4, ,55.7, ,92, ,40, ,61, ,42.3, ,6.6, ,157.4, ,57.2, 
6,Davis,Sacramento Valley,11/21/2021,325,0.08, ,0.00, ,270, ,8.1, ,65.5, ,40.2, ,51.7, ,96, ,38, ,62, ,39.2, ,4.0, ,95.6, ,55.4, 
6,Davis,Sacramento Valley,11/22/2021,326,0.06, ,0.00, ,262, ,9.7, ,64.3, ,35.7, ,48.7, ,100, ,55, ,83, ,43.7, ,2.2, ,52.7, ,53.8, 
6,Davis,Sacramento Valley,11/23/2021,327,0.05, ,0.01, ,160, ,9.4, ,63.1, ,42.3, ,50.8, ,100, ,35, ,74, ,42.9, ,6.6, ,157.7, ,54.1, 
6,Davis,Sacramento Valley,11/24/2021,328,0.15, ,0.00, ,260, ,5.9, ,65.2, ,40.4, ,54.7, ,88, ,26, ,40, ,30.9, ,11.3, ,270.6, ,53.9, 
6,Davis,Sacramento Valley,11/25/2021,329,0.05, ,0.00, ,233, ,8.9, ,64.7, ,34.3, ,47.2, ,100, ,49, ,80, ,41.5, ,2.1, ,50.6, ,52.6, 
6,Davis,Sacramento Valley,11/26/2021,330,0.06, ,0.00, ,242, ,9.0, ,66.0, ,39.4, ,51.6, ,98, ,34, ,69, ,41.9, ,2.6, ,62.8, ,53.2, 
6,Davis,Sacramento Valley,11/27/2021,331,0.05, ,0.00, ,236, ,10.3, ,68.8, ,40.4, ,52.5, ,100, ,43, ,76, ,45.3, ,2.0, ,48.6, ,54.0, 
6,Davis,Sacramento Valley,11/28/2021,332,0.05, ,0.00, ,223, ,11.1, ,66.6, ,41.4, ,52.3, ,100, ,54, ,83, ,47.4, ,2.8, ,67.2, ,54.2, 
6,Davis,Sacramento Valley,11/29/2021,333,0.06, ,0.00, ,231, ,11.6, ,68.0, ,41.8, ,52.4, ,100, ,57, ,87, ,48.5, ,3.0, ,72.1, ,54.1, 
6,Davis,Sacramento Valley,11/30/2021,334,0.04, ,0.01, ,205, ,11.5, ,64.7, ,41.5, ,50.4, ,100, ,69, ,92, ,48.3, ,2.8, ,66.6, ,54.0, 
6,Davis,Sacramento Valley,12/1/2021,335,0.04, ,0.02, ,204, ,11.8, ,69.4, ,42.7, ,51.3, ,100, ,56, ,91, ,48.9, ,1.9, ,45.6, ,53.9, 
6,Davis,Sacramento Valley,12/2/2021,336,0.05, ,0.01, ,221, ,11.6, ,70.3, ,40.3, ,51.6, ,100, ,51, ,89, ,48.5, ,2.7, ,63.7, ,53.9, 
6,Davis,Sacramento Valley,12/3/2021,337,0.04, ,0.00, ,187, ,10.9, ,64.7, ,38.9, ,48.6, ,100, ,67, ,94, ,46.9, ,2.3, ,55.1, ,53.3, 
6,Davis,Sacramento Valley,12/4/2021,338,0.00, ,0.01, ,52, ,11.4, ,51.5, ,40.0, ,48.0, ,100, ,100, ,100, ,48.0, ,3.2, ,76.6, ,53.5, 
6,Davis,Sacramento Valley,12/5/2021,339,0.02, ,0.00, ,114, ,11.0, ,53.9, ,39.5, ,47.5, ,100, ,87, ,98, ,47.1, ,3.1, ,74.2, ,54.1, 
6,Davis,Sacramento Valley,12/6/2021,340,0.00, ,0.09, ,34, ,10.9, ,49.4, ,40.8, ,46.9, ,100, ,96, ,99, ,46.7, ,2.7, ,65.0, ,52.8, 
6,Davis,Sacramento Valley,12/7/2021,341,0.04, ,0.01, ,202, ,11.5, ,58.5, ,44.9, ,49.6, ,100, ,78, ,95, ,48.2, ,3.9, ,92.8, ,53.9, 
6,Davis,Sacramento Valley,12/8/2021,342,0.00, ,0.02, ,43, ,12.0, ,51.3, ,46.1, ,49.5, ,100, ,100, ,100, ,49.4, ,3.7, ,87.9, ,53.6, 
6,Davis,Sacramento Valley,12/9/2021,343,0.05, ,0.02, ,185, ,9.9, ,58.7, ,39.3, ,49.7, ,100, ,46, ,81, ,44.3, ,5.0, ,119.0, ,53.6, 
6,Davis,Sacramento Valley,12/10/2021,344,0.07, ,0.00, ,227, ,6.1, ,55.8, ,34.9, ,44.8, ,93, ,35, ,60, ,31.9, ,5.3, ,127.3, ,50.7, 
6,Davis,Sacramento Valley,12/11/2021,345,0.05, ,0.00, ,199, ,7.3, ,55.6, ,31.3, ,44.2, ,100, ,45, ,74, ,36.4, ,3.4, ,81.4, ,49.5, 
6,Davis,Sacramento Valley,12/12/2021,346,0.00, ,0.64, ,38, ,10.9, ,50.1, ,43.8, ,47.2, ,100, ,86, ,99, ,46.9, ,6.1, ,145.4, ,50.6, 
6,Davis,Sacramento Valley,12/13/2021,347,0.00, ,3.26, ,42, ,11.6, ,51.5, ,43.0, ,48.6, ,100, ,97, ,100, ,48.5, ,11.5, ,276.7, ,50.3, 
6,Davis,Sacramento Valley,12/14/2021,348,0.04, ,0.04, ,185, ,8.7, ,52.8, ,36.8, ,44.3, ,100, ,58, ,88, ,41.0, ,3.6, ,85.2, ,49.6, 
6,Davis,Sacramento Valley,12/15/2021,349,0.02, ,0.48, ,106, ,9.2, ,50.9, ,37.6, ,44.8, ,100, ,75, ,91, ,42.3, ,9.4, ,226.5, ,48.2, 
6,Davis,Sacramento Valley,12/16/2021,350,0.01, ,0.15, ,91, ,9.9, ,51.1, ,41.2, ,45.5, ,100, ,84, ,95, ,44.2, ,7.0, ,168.0, ,48.6, 
6,Davis,Sacramento Valley,12/17/2021,351,0.05, ,0.00, ,235, ,8.1, ,52.0, ,32.9, ,41.9, ,100, ,66, ,89, ,39.0, ,3.6, ,85.6, ,47.8, 
6,Davis,Sacramento Valley,12/18/2021,352,0.00, ,0.00, ,63, ,8.1, ,42.9, ,33.5, ,39.1, ,100, ,100, ,100, ,39.1, ,3.5, ,83.1, ,47.6, 
6,Davis,Sacramento Valley,12/19/2021,353,0.00, ,0.00, ,51, ,8.8, ,45.9, ,39.8, ,42.8, ,100, ,85, ,94, ,41.2, ,3.5, ,84.2, ,48.5, 
6,Davis,Sacramento Valley,12/20/2021,354,0.02, ,0.00, ,147, ,9.0, ,45.6, ,38.8, ,42.4, ,100, ,90, ,97, ,41.7, ,3.7, ,88.0, ,49.0, 
6,Davis,Sacramento Valley,12/21/2021,355,0.01, ,0.42, ,104, ,8.5, ,45.8, ,34.0, ,40.7, ,100, ,91, ,99, ,40.4, ,3.3, ,78.2, ,48.0, 
6,Davis,Sacramento Valley,12/22/2021,356,0.00, ,0.36, ,59, ,9.9, ,48.1, ,41.5, ,44.4, ,100, ,100, ,100, ,44.4, ,3.1, ,73.7, ,48.8, 
6,Davis,Sacramento Valley,12/23/2021,357,0.01, ,0.70, ,92, ,13.1,Y,58.4, ,48.1, ,51.9, ,100, ,93, ,99,Y,51.7,Y,6.4, ,152.6, ,50.4, 
6,Davis,Sacramento Valley,12/24/2021,358,0.06, ,0.04, ,215, ,10.8, ,56.7, ,46.7, ,50.6, ,100, ,59, ,86, ,46.6, ,7.8, ,186.0, ,50.8, 
6,Davis,Sacramento Valley,12/25/2021,359,0.01, ,0.51, ,55, ,10.3, ,50.5, ,41.5, ,47.1, ,100, ,79, ,93, ,45.3, ,8.4, ,202.7, ,49.6, 
6,Davis,Sacramento Valley,12/26/2021,360,0.02, ,0.01, ,79, ,8.5, ,47.1, ,40.0, ,43.9, ,99, ,74, ,87, ,40.2, ,8.6, ,206.2, ,47.6, 
6,Davis,Sacramento Valley,12/27/2021,361,0.04, ,0.07, ,165, ,8.5, ,52.2, ,35.7, ,45.4, ,100, ,56, ,83, ,40.4, ,5.9, ,141.6, ,48.1, 
6,Davis,Sacramento Valley,12/28/2021,362,0.03, ,0.00, ,152, ,7.0, ,45.9, ,36.9, ,42.3, ,91, ,67, ,76, ,35.4, ,3.1, ,73.4, ,47.8, 
6,Davis,Sacramento Valley,12/29/2021,363,0.00, ,0.55, ,28, ,8.6, ,43.2, ,38.9, ,41.2, ,100, ,89, ,98, ,40.6, ,6.7, ,161.3, ,47.2, 
6,Davis,Sacramento Valley,12/30/2021,364,0.04, ,0.00, ,204, ,8.4, ,55.4, ,37.5, ,44.7, ,100, ,63, ,83, ,40.0, ,4.6, ,109.6, ,47.7, 
6,Davis,Sacramento Valley,12/31/2021,365,0.04, ,0.00, ,217, ,7.7, ,52.7, ,34.6, ,42.2, ,100, ,57, ,85, ,37.9, ,3.5, ,84.5, ,46.9, 
6,Davis,Sacramento Valley,1/1/2022,001,0.07, ,0.00, ,250, ,6.0, ,50.1, ,31.5, ,41.2, ,100, ,49, ,68, ,31.6, ,6.2, ,149.1, ,45.7, 
6,Davis,Sacramento Valley,1/2/2022,002,0.04, ,0.00, ,234, ,7.4, ,52.2, ,29.8, ,39.9, ,100, ,65, ,88, ,36.7, ,2.9, ,68.8, ,45.1, 
6,Davis,Sacramento Valley,1/3/2022,003,0.02, ,0.09, ,108, ,9.8, ,52.3, ,36.3, ,45.1, ,100, ,80, ,96, ,44.1, ,6.2, ,149.7, ,46.5, 
6,Davis,Sacramento Valley,1/4/2022,004,0.02, ,0.00, ,122, ,12.7, ,58.4, ,46.9, ,51.4, ,100, ,84, ,98, ,50.8, ,4.8, ,115.3, ,50.6, 
6,Davis,Sacramento Valley,1/5/2022,005,0.04,H,0.01,R,28,H,11.7,H,58.9, ,46.1, ,49.0,H,100,H,77,H,99, ,48.6, ,4.6,H,110.1,H,52.0,H
6,Davis,Sacramento Valley,1/6/2022,006,0.00, ,0.00,R,18, ,12.1, ,50.2, ,49.0, ,49.8, ,100, ,100, ,100, ,49.7, ,3.4, ,81.8, ,51.6, 
6,Davis,Sacramento Valley,1/7/2022,007,0.01, ,0.01, ,87, ,12.3, ,56.1, ,38.9, ,50.0, ,100, ,93, ,100, ,50.0, ,5.2, ,125.9, ,51.2, 
6,Davis,Sacramento Valley,1/8/2022,008,0.05, ,0.00, ,230, ,10.8, ,57.4, ,39.3, ,49.1, ,100, ,68, ,91, ,46.6, ,5.4, ,128.8, ,50.5, 
6,Davis,Sacramento Valley,1/9/2022,009,0.04, ,0.00, ,192, ,9.7, ,56.9, ,34.6, ,44.5, ,100, ,75, ,97, ,43.8, ,3.6, ,87.0, ,49.2, 
6,Davis,Sacramento Valley,1/10/2022,010,0.07, ,0.00, ,247, ,9.0, ,61.4, ,39.3, ,48.9, ,99, ,47, ,76, ,41.7, ,4.2, ,101.4, ,49.7, 
6,Davis,Sacramento Valley,1/11/2022,011,0.05, ,0.00, ,232, ,9.4, ,60.9, ,37.2, ,46.8, ,100, ,62, ,86, ,43.0, ,2.1, ,51.2, ,50.0, 
6,Davis,Sacramento Valley,1/12/2022,012,0.05, ,0.00, ,258, ,10.4, ,62.9, ,37.9, ,48.3, ,100, ,64, ,91, ,45.7, ,2.3, ,54.1, ,50.5, 
6,Davis,Sacramento Valley,1/13/2022,013,0.05, ,0.00, ,222, ,10.8, ,61.7, ,38.2, ,48.6, ,100, ,69, ,93, ,46.6, ,2.4, ,58.7, ,50.8, 
6,Davis,Sacramento Valley,1/14/2022,014,0.08, ,0.00, ,255, ,9.2, ,66.4, ,38.0, ,50.2, ,100, ,39, ,75, ,42.5, ,5.9, ,141.9, ,50.3, 
6,Davis,Sacramento Valley,1/15/2022,015,0.03, ,0.00, ,172, ,9.4, ,54.7, ,35.3, ,43.6, ,100, ,83, ,98, ,42.9, ,2.2, ,53.5, ,49.3, 
6,Davis,Sacramento Valley,1/16/2022,016,0.05, ,0.00, ,229, ,10.1, ,59.3, ,40.1, ,47.2, ,100, ,65, ,91, ,44.7, ,3.4, ,81.7, ,50.2, 
6,Davis,Sacramento Valley,1/17/2022,017,0.05, ,0.00, ,225, ,9.1, ,60.9, ,37.2, ,47.0, ,100, ,50, ,83, ,42.1, ,2.8, ,66.3, ,49.7, 
6,Davis,Sacramento Valley,1/18/2022,018,0.05, ,0.00, ,259, ,9.6, ,62.2, ,36.3, ,48.1, ,100, ,56, ,84, ,43.6, ,2.2, ,54.0, ,50.0, 
6,Davis,Sacramento Valley,1/19/2022,019,0.07, ,0.00, ,294,R,9.3, ,61.9, ,36.1, ,48.1, ,100, ,52, ,81, ,42.7, ,3.4, ,81.3, ,50.2, 
6,Davis,Sacramento Valley,1/20/2022,020,0.06, ,0.00, ,284, ,10.0, ,64.0, ,35.9, ,48.1, ,100, ,57, ,87, ,44.5, ,2.2, ,53.9, ,50.3, 
6,Davis,Sacramento Valley,1/21/2022,021,0.17, ,0.00, ,278, ,7.3, ,64.6, ,43.0, ,55.7, ,100, ,31, ,48, ,36.4, ,14.3,Y,342.3,Y,50.5, 
6,Davis,Sacramento Valley,1/22/2022,022,0.14, ,0.00, ,300, ,7.1, ,69.2, ,40.8, ,55.7, ,97, ,28, ,46, ,35.6, ,10.9, ,262.5, ,50.7, 
6,Davis,Sacramento Valley,1/23/2022,023,0.06, ,0.00, ,307,R,8.8, ,67.4, ,34.6, ,48.0, ,100, ,33, ,78, ,41.3, ,2.3, ,54.7, ,50.1, 
6,Davis,Sacramento Valley,1/24/2022,024,0.06, ,0.00, ,289, ,9.1, ,62.6, ,33.5, ,45.9, ,100, ,49, ,86, ,42.1, ,2.4, ,56.6, ,50.0, 
6,Davis,Sacramento Valley,1/25/2022,025,0.11, ,0.00, ,326,R,7.5, ,67.7, ,37.1, ,50.1, ,100, ,20, ,60, ,37.0, ,6.0, ,143.5, ,49.3, 
6,Davis,Sacramento Valley,1/26/2022,026,0.07, ,0.00, ,303, ,8.5, ,61.5, ,35.4, ,47.0, ,100, ,43, ,78, ,40.4, ,3.8, ,91.9, ,49.2, 
6,Davis,Sacramento Valley,1/27/2022,027,0.08, ,0.00, ,322,R,6.9, ,62.5, ,33.9, ,47.1, ,88, ,34, ,62, ,34.9, ,3.1, ,74.4, ,49.0, 
6,Davis,Sacramento Valley,1/28/2022,028,0.06, ,0.00, ,270, ,7.8, ,63.4, ,34.7, ,46.6, ,96, ,42, ,72, ,38.2, ,2.5, ,59.5, ,48.5, 
6,Davis,Sacramento Valley,1/29/2022,029,0.08, ,0.00, ,308, ,7.2, ,65.9, ,32.5, ,47.6, ,93, ,32, ,64, ,36.2, ,3.6, ,85.8, ,48.4, 
6,Davis,Sacramento Valley,1/30/2022,030,0.07, ,0.00, ,307, ,8.4, ,60.5, ,32.6, ,46.1, ,100, ,51, ,79, ,40.0, ,2.8, ,66.5, ,48.8, 
6,Davis,Sacramento Valley,1/31/2022,031,0.09, ,0.00, ,296, ,8.6, ,62.8, ,41.5, ,50.5, ,98, ,30, ,68, ,40.5, ,5.4, ,130.7, ,49.6, 
6,Davis,Sacramento Valley,2/1/2022,032,0.22, ,0.00, ,329, ,3.7,Y,58.8, ,45.8, ,51.7, ,36, ,22, ,28,Y,19.8,Y,18.6,R,447.2,R,47.4, 
6,Davis,Sacramento Valley,2/2/2022,033,0.18, ,0.01, ,319, ,4.3, ,59.5, ,46.2, ,51.2, ,50, ,25, ,33, ,23.3, ,15.0,Y,358.8,Y,47.1, 
6,Davis,Sacramento Valley,2/3/2022,034,0.09, ,0.00, ,281, ,5.8, ,60.2, ,35.5, ,48.7, ,78, ,32, ,50, ,30.8, ,5.0, ,119.2, ,47.9, 
6,Davis,Sacramento Valley,2/4/2022,035,0.07, ,0.01, ,310, ,7.9, ,65.6, ,33.6, ,47.0, ,100, ,36, ,72, ,38.6, ,2.1, ,49.8, ,49.2, 
6,Davis,Sacramento Valley,2/5/2022,036,0.08, ,0.00, ,299, ,7.3, ,63.5, ,36.6, ,47.9, ,89, ,36, ,64, ,36.4, ,3.0, ,73.1, ,48.7, 
6,Davis,Sacramento Valley,2/6/2022,037,0.08, ,0.00, ,329, ,7.8, ,67.8, ,32.0, ,48.9, ,99, ,29, ,66, ,38.2, ,2.4, ,56.4, ,48.8, 
6,Davis,Sacramento Valley,2/7/2022,038,0.09, ,0.00, ,325, ,8.3, ,69.4, ,36.8, ,51.0, ,96, ,31, ,65, ,39.8, ,3.5, ,84.0, ,49.3, 
6,Davis,Sacramento Valley,2/8/2022,039,0.09, ,0.00, ,329, ,8.3, ,69.5, ,35.7, ,51.6, ,91, ,35, ,64, ,39.8, ,3.1, ,75.5, ,49.5, 
6,Davis,Sacramento Valley,2/9/2022,040,0.09, ,0.00, ,287, ,9.1, ,76.9,Y,36.5, ,55.0, ,100, ,26, ,61, ,42.0, ,3.6, ,87.2, ,50.1, 
6,Davis,Sacramento Valley,2/10/2022,041,0.10, ,0.00, ,334, ,10.0, ,73.0, ,43.3, ,58.2, ,85, ,39, ,60, ,44.7, ,3.7, ,88.3, ,51.7, 
6,Davis,Sacramento Valley,2/11/2022,042,0.09, ,0.00, ,335, ,10.7, ,75.0,Y,42.6, ,57.3, ,98, ,33, ,67, ,46.4, ,2.4, ,58.5, ,52.4, 
6,Davis,Sacramento Valley,2/12/2022,043,0.09, ,0.00, ,335, ,11.1, ,75.0,Y,41.7, ,56.7, ,100, ,37, ,71, ,47.3, ,2.4, ,58.5, ,52.6, 
6,Davis,Sacramento Valley,2/13/2022,044,0.11, ,0.00, ,341, ,9.5, ,76.7,Y,44.3, ,57.8, ,84, ,31, ,58, ,43.2, ,3.4, ,81.4, ,52.6, 
6,Davis,Sacramento Valley,2/14/2022,045,0.10, ,0.00, ,318, ,10.2, ,66.5, ,42.7, ,52.9, ,100, ,52, ,75, ,45.1, ,6.2, ,149.3, ,52.5, 
6,Davis,Sacramento Valley,2/15/2022,046,0.19, ,0.00, ,358, ,5.2, ,61.4, ,38.7, ,52.2, ,75, ,23, ,39, ,28.1, ,12.8,Y,306.6,Y,50.1, 
6,Davis,Sacramento Valley,2/16/2022,047,0.20, ,0.00, ,359, ,5.8, ,71.5, ,47.0, ,58.4, ,48, ,22, ,35, ,30.7, ,12.1, ,289.8, ,50.6, 
6,Davis,Sacramento Valley,2/17/2022,048,0.13, ,0.00, ,369, ,6.1, ,67.5, ,43.2, ,55.1, ,68, ,25, ,41, ,32.0, ,6.5, ,156.3, ,51.2, 
6,Davis,Sacramento Valley,2/18/2022,049,0.09, ,0.00, ,332, ,7.7, ,69.1, ,38.0, ,51.3, ,80, ,34, ,59, ,37.6, ,2.6, ,61.8, ,51.1, 
6,Davis,Sacramento Valley,2/19/2022,050,0.11, ,0.00, ,366, ,8.1, ,72.5, ,38.0, ,53.5, ,89, ,27, ,58, ,39.2, ,3.4, ,81.8, ,51.2, 
6,Davis,Sacramento Valley,2/20/2022,051,0.08, ,0.00, ,290, ,9.3, ,64.3, ,39.5, ,50.5, ,92, ,52, ,75, ,42.7, ,4.4, ,106.7, ,51.7, 
6,Davis,Sacramento Valley,2/21/2022,052,0.12, ,0.00, ,371, ,6.2, ,60.0, ,40.6, ,50.1, ,93, ,27, ,50, ,32.3, ,7.7, ,184.0, ,50.8, 
6,Davis,Sacramento Valley,2/22/2022,053,0.09, ,0.01, ,338, ,5.7, ,55.0, ,33.8, ,43.8, ,80, ,36, ,59, ,30.5, ,3.9, ,93.1, ,49.9, 
6,Davis,Sacramento Valley,2/23/2022,054,0.14, ,0.00, ,398, ,3.6,Y,55.1, ,33.8, ,43.6, ,73, ,19, ,37,Y,19.1,Y,9.3, ,223.7, ,47.4, 
6,Davis,Sacramento Valley,2/24/2022,055,0.10, ,0.00, ,389, ,3.9,Y,57.8, ,28.6,Y,43.0, ,61, ,21, ,41,Y,21.1,Y,2.9, ,69.7, ,47.1, 
6,Davis,Sacramento Valley,2/25/2022,056,0.11, ,0.00, ,401, ,4.5, ,61.1, ,33.8, ,46.1, ,66, ,24, ,43, ,24.7, ,4.5, ,109.0, ,47.8, 
6,Davis,Sacramento Valley,2/26/2022,057,0.07, ,0.00, ,266, ,6.2, ,60.0, ,30.1, ,46.4, ,87, ,34, ,58, ,32.3, ,2.3, ,55.5, ,47.9, 
6,Davis,Sacramento Valley,2/27/2022,058,0.12, ,0.00, ,394, ,7.0, ,71.4, ,38.1, ,54.1, ,76, ,28, ,49, ,35.5, ,4.0, ,96.2, ,49.9, 
6,Davis,Sacramento Valley,2/28/2022,059,0.12, ,0.00, ,396, ,8.5, ,76.4,Y,38.6, ,55.9, ,83, ,32, ,56, ,40.4, ,2.8, ,67.0, ,51.0, 
6,Davis,Sacramento Valley,3/1/2022,060,0.12, ,0.00, ,390, ,9.8, ,76.3, ,43.8, ,57.3, ,93, ,31, ,61, ,44.0, ,2.9, ,70.3, ,52.8, 
6,Davis,Sacramento Valley,3/2/2022,061,0.11, ,0.00, ,355, ,9.9, ,73.4, ,43.7, ,57.3, ,99, ,30, ,62, ,44.2, ,3.6, ,85.4, ,53.5, 
6,Davis,Sacramento Valley,3/3/2022,062,0.05, ,0.00, ,170, ,10.8, ,59.1, ,47.2, ,52.5, ,97, ,64, ,80, ,46.6, ,5.3, ,127.9, ,52.8, 
6,Davis,Sacramento Valley,3/4/2022,063,0.13, ,0.00, ,361, ,9.2, ,67.1, ,44.8, ,54.9, ,95, ,31, ,63, ,42.3, ,6.9, ,166.7, ,53.3, 
6,Davis,Sacramento Valley,3/5/2022,064,0.07, ,0.00, ,288, ,6.6, ,56.3, ,34.8, ,45.4, ,87, ,43, ,64, ,34.0, ,3.1, ,74.6, ,50.8, 
6,Davis,Sacramento Valley,3/6/2022,065,0.13, ,0.00, ,437, ,5.8, ,64.1, ,32.6, ,48.3, ,88, ,23, ,51, ,30.9, ,4.6, ,111.2, ,49.2, 
6,Davis,Sacramento Valley,3/7/2022,066,0.21, ,0.00, ,434, ,4.5,Y,68.7, ,39.5, ,54.6, ,55, ,15, ,31,Y,24.7,Y,10.7, ,256.9, ,49.0, 
6,Davis,Sacramento Valley,3/8/2022,067,0.16, ,0.00, ,437, ,6.0, ,74.4, ,43.2, ,56.4, ,70, ,16, ,38, ,31.4, ,5.6, ,133.5, ,50.5, 
6,Davis,Sacramento Valley,3/9/2022,068,0.15, ,0.00, ,432, ,6.6, ,71.3, ,41.2, ,56.6, ,74, ,23, ,42, ,34.0, ,4.4, ,104.7, ,51.5, 
6,Davis,Sacramento Valley,3/10/2022,069,0.24, ,0.00, ,470, ,3.7,Y,67.2, ,45.0, ,55.5, ,72, ,10, ,24,Y,19.8,Y,13.3,Y,319.6,Y,49.8, 
6,Davis,Sacramento Valley,3/11/2022,070,0.16, ,0.00, ,464, ,3.9,Y,72.2, ,38.8, ,55.9, ,52, ,11, ,25,Y,20.9,Y,4.6, ,110.2, ,50.9, 
6,Davis,Sacramento Valley,3/12/2022,071,0.17, ,0.00, ,437, ,5.9, ,70.7, ,37.3, ,54.4, ,71, ,11, ,41, ,30.9, ,6.0, ,145.1, ,51.0, 
6,Davis,Sacramento Valley,3/13/2022,072,0.14, ,0.00, ,444, ,8.6, ,67.2, ,47.9, ,56.8, ,91, ,22, ,55, ,40.6, ,5.5, ,132.3, ,53.1, 
6,Davis,Sacramento Valley,3/14/2022,073,0.15, ,0.00, ,447, ,7.3, ,71.9, ,41.1, ,57.3, ,80, ,23, ,45, ,36.4, ,4.1, ,98.6, ,53.3, 
6,Davis,Sacramento Valley,3/15/2022,074,0.11, ,0.15, ,369, ,14.2, ,71.4, ,49.5, ,60.8, ,100, ,54, ,78, ,54.0, ,6.0, ,144.7, ,57.0, 
6,Davis,Sacramento Valley,3/16/2022,075,0.18, ,0.00, ,476, ,8.3, ,72.9, ,46.1, ,58.1, ,98, ,20, ,50, ,39.6, ,6.0, ,143.8, ,55.1, 
6,Davis,Sacramento Valley,3/17/2022,076,0.13, ,0.00, ,407, ,9.4, ,73.3, ,45.7, ,56.5, ,86, ,28, ,60, ,43.0, ,4.2, ,100.1, ,55.0, 
6,Davis,Sacramento Valley,3/18/2022,077,0.14, ,0.00, ,459, ,9.1, ,72.8, ,39.4, ,56.0, ,96, ,32, ,60, ,42.2, ,3.7, ,88.1, ,54.9, 
6,Davis,Sacramento Valley,3/19/2022,078,0.10, ,0.00, ,269, ,10.0, ,64.7, ,50.0, ,56.0, ,81, ,47, ,65, ,44.6, ,7.5, ,180.8, ,54.6, 
6,Davis,Sacramento Valley,3/20/2022,079,0.22, ,0.00, ,497, ,5.1,Y,70.9, ,46.0, ,57.4, ,75, ,11, ,32,Y,27.6,Y,10.0, ,240.3, ,53.3, 
6,Davis,Sacramento Valley,3/21/2022,080,0.25, ,0.00, ,485, ,7.9, ,81.3, ,41.3, ,64.3, ,73, ,25, ,38, ,38.3, ,9.5, ,228.8, ,54.2, 
6,Davis,Sacramento Valley,3/22/2022,081,0.24,R,0.00, ,494, ,11.1, ,85.2,Y,58.0,Y,71.4,R,68, ,26, ,,R,,I,9.2, ,221.2, ,58.1, 
6,Davis,Sacramento Valley,3/23/2022,082,0.16, ,0.00, ,492, ,12.8, ,81.8, ,50.5, ,64.9, ,88, ,39, ,61, ,51.1, ,3.5, ,83.1, ,59.5, 
6,Davis,Sacramento Valley,3/24/2022,083,0.17, ,0.00, ,500, ,11.1, ,82.7, ,46.2, ,62.2, ,94, ,28, ,58, ,47.3, ,3.6, ,86.6, ,58.8, 
6,Davis,Sacramento Valley,3/25/2022,084,0.16, ,0.00, ,521, ,11.1, ,77.6, ,42.9, ,58.9, ,96, ,33, ,65, ,47.3, ,3.6, ,85.8, ,58.8, 
6,Davis,Sacramento Valley,3/26/2022,085,0.17, ,0.00, ,514, ,10.6, ,79.9, ,41.8, ,59.8, ,95, ,32, ,61, ,46.2, ,4.8, ,114.1, ,58.2, 
6,Davis,Sacramento Valley,3/27/2022,086,0.12, ,0.31, ,342, ,11.0, ,68.0, ,50.7, ,58.2, ,97, ,48, ,66, ,46.9, ,7.0, ,167.1, ,57.9, 
6,Davis,Sacramento Valley,3/28/2022,087,0.03, ,0.60, ,163, ,12.9, ,58.4, ,47.5, ,53.6, ,100, ,83, ,92, ,51.2, ,4.4, ,106.0, ,57.0, 
6,Davis,Sacramento Valley,3/29/2022,088,0.15, ,0.00, ,515, ,12.4, ,70.8, ,42.7, ,56.1, ,100, ,55, ,81, ,50.2, ,4.1, ,98.5, ,56.9, 
6,Davis,Sacramento Valley,3/30/2022,089,0.06, ,0.00, ,262, ,12.4, ,60.8, ,47.9, ,53.7, ,99, ,71, ,88, ,50.3, ,4.2, ,100.0, ,57.3, 
6,Davis,Sacramento Valley,3/31/2022,090,0.17, ,0.00, ,498, ,10.4, ,72.8, ,45.6, ,58.4, ,100, ,25, ,62, ,45.5, ,5.0, ,120.7, ,57.6, 
6,Davis,Sacramento Valley,4/1/2022,091,0.18, ,0.00, ,543, ,9.7, ,78.0, ,45.0, ,60.5, ,94, ,26, ,54, ,43.8, ,4.4, ,104.8, ,57.7, 
6,Davis,Sacramento Valley,4/2/2022,092,0.22, ,0.00, ,530, ,8.5, ,79.1, ,46.0, ,62.1, ,97, ,16, ,44, ,40.2, ,6.6, ,158.0, ,58.0, 
6,Davis,Sacramento Valley,4/3/2022,093,0.20, ,0.00, ,511, ,6.4, ,81.8, ,46.4, ,64.2, ,57, ,15, ,31, ,33.2, ,5.1, ,122.4, ,57.3, 
6,Davis,Sacramento Valley,4/4/2022,094,0.13, ,0.00, ,347, ,10.2, ,74.3, ,46.9, ,60.2, ,78, ,41, ,57, ,45.0, ,4.4, ,105.1, ,57.4, 
6,Davis,Sacramento Valley,4/5/2022,095,0.24, ,0.00, ,561, ,6.1, ,73.9, ,47.8, ,60.4, ,77, ,12, ,34, ,32.0, ,8.1, ,193.9, ,56.8, 
6,Davis,Sacramento Valley,4/6/2022,096,0.28, ,0.00, ,563, ,5.6, ,85.9, ,55.5,Y,68.9,Y,53, ,12, ,23,Y,29.9,Y,8.5, ,204.7, ,57.1, 
6,Davis,Sacramento Valley,4/7/2022,097,0.20, ,0.00, ,546, ,10.1, ,87.5,Y,47.3, ,68.1,Y,78, ,21, ,43,Y,44.8,Y,2.9, ,69.0, ,58.7, 
6,Davis,Sacramento Valley,4/8/2022,098,0.21, ,0.00, ,543, ,11.3, ,88.6,Y,50.1, ,69.7,Y,87, ,25, ,46,Y,47.9,Y,4.1, ,98.6, ,60.8, 
6,Davis,Sacramento Valley,4/9/2022,099,0.37, ,0.00, ,594, ,3.5,Y,76.7, ,58.6,Y,66.7, ,26, ,8, ,15,Y,18.3,Y,15.4,R,370.2,R,58.0, 
6,Davis,Sacramento Valley,4/10/2022,100,0.30, ,0.00, ,530, ,4.5, ,73.6, ,48.7, ,62.2, ,58, ,14, ,24, ,24.8, ,13.1,Y,314.2,Y,55.4, 
6,Davis,Sacramento Valley,4/11/2022,101,0.21, ,0.00, ,505, ,6.7, ,63.8, ,41.7, ,54.2, ,95, ,23, ,47, ,34.3, ,11.0, ,265.1, ,56.0, 
6,Davis,Sacramento Valley,4/12/2022,102,0.17, ,0.00, ,549, ,5.0, ,64.2, ,35.5, ,49.7, ,71, ,23, ,41, ,27.3, ,5.0, ,120.2, ,53.8, 
6,Davis,Sacramento Valley,4/13/2022,103,0.16, ,0.00, ,471, ,6.8, ,62.9, ,39.2, ,51.6, ,72, ,37, ,52, ,34.6, ,6.4, ,154.6, ,53.3, 
6,Davis,Sacramento Valley,4/14/2022,104,0.05, ,0.00, ,151, ,11.6, ,61.1, ,49.1, ,54.0, ,90, ,68, ,81, ,48.4, ,9.5, ,226.8, ,53.5, 
6,Davis,Sacramento Valley,4/15/2022,105,0.21, ,0.00, ,580, ,8.3, ,69.7, ,45.6, ,57.5, ,90, ,18, ,52, ,39.8, ,8.5, ,205.0, ,55.0, 
6,Davis,Sacramento Valley,4/16/2022,106,0.16, ,0.50, ,466, ,11.3, ,68.6, ,45.2, ,57.3, ,99, ,48, ,71, ,47.8, ,7.9, ,189.4, ,56.8, 
6,Davis,Sacramento Valley,4/17/2022,107,0.20, ,0.00, ,622, ,7.1, ,72.2, ,40.8, ,54.4, ,91, ,13, ,49, ,35.7, ,5.1, ,123.1, ,56.0, 
6,Davis,Sacramento Valley,4/18/2022,108,0.18, ,0.00, ,540, ,9.6, ,70.7, ,41.5, ,56.2, ,81, ,38, ,62, ,43.4, ,8.2, ,196.5, ,56.0, 
6,Davis,Sacramento Valley,4/19/2022,109,0.16, ,0.02,R,514, ,8.6, ,68.2, ,48.1, ,59.8, ,95, ,35, ,49, ,40.7, ,5.9, ,142.7, ,58.7, 
6,Davis,Sacramento Valley,4/20/2022,110,0.19, ,0.03, ,526, ,10.5, ,70.2, ,44.0, ,56.8, ,92, ,40, ,66, ,45.8, ,9.4, ,224.7, ,57.2, 
6,Davis,Sacramento Valley,4/21/2022,111,0.17, ,0.01, ,468, ,10.6, ,66.3, ,50.3, ,56.8, ,96, ,38, ,67, ,46.0, ,8.3, ,199.6, ,57.2, 
6,Davis,Sacramento Valley,4/22/2022,112,0.14, ,0.00, ,474, ,9.6, ,66.8, ,43.2, ,55.5, ,99, ,37, ,64, ,43.4, ,3.3, ,78.7, ,57.3, 
6,Davis,Sacramento Valley,4/23/2022,113,0.24, ,0.00, ,614, ,7.4, ,76.7, ,45.0, ,61.0, ,91, ,12, ,41, ,36.9, ,6.0, ,145.0, ,56.8, 
6,Davis,Sacramento Valley,4/24/2022,114,0.22, ,0.00, ,612, ,8.0, ,80.4, ,46.2, ,63.8, ,63, ,19, ,40, ,38.7, ,4.0, ,97.1, ,57.8, 
6,Davis,Sacramento Valley,4/25/2022,115,0.23, ,0.00, ,609, ,9.7, ,80.8, ,48.4, ,63.4, ,86, ,17, ,48, ,43.7, ,5.6, ,133.6, ,60.2, 
6,Davis,Sacramento Valley,4/26/2022,116,0.22, ,0.00, ,593, ,10.1, ,77.7, ,51.8, ,63.3, ,73, ,29, ,51, ,44.8, ,5.4, ,130.2, ,60.6, 
6,Davis,Sacramento Valley,4/27/2022,117,0.22, ,0.00, ,604, ,9.2, ,75.8, ,44.9, ,58.9, ,85, ,32, ,54, ,42.5, ,6.3, ,150.9, ,59.6, 
6,Davis,Sacramento Valley,4/28/2022,118,0.20, ,0.00, ,625, ,8.6, ,71.1, ,44.6, ,57.0, ,78, ,27, ,54, ,40.7, ,5.4, ,129.5, ,59.0, 
6,Davis,Sacramento Valley,4/29/2022,119,0.23, ,0.00, ,560, ,6.9, ,79.8, ,47.4, ,62.6, ,79, ,10, ,35, ,34.9, ,6.2, ,148.3, ,58.9, 
6,Davis,Sacramento Valley,4/30/2022,120,0.24, ,0.00, ,613, ,10.8, ,80.6, ,46.0, ,62.7, ,96, ,32, ,55, ,46.5, ,5.9, ,142.2, ,60.1, 
6,Davis,Sacramento Valley,5/1/2022,121,0.28, ,0.00, ,647, ,7.6, ,81.1, ,46.0, ,63.6, ,93, ,13, ,38, ,37.6, ,8.0, ,191.6, ,59.6, 
6,Davis,Sacramento Valley,5/2/2022,122,0.24, ,0.00, ,601, ,8.7, ,73.6, ,49.5, ,62.1, ,82, ,28, ,46, ,41.0, ,8.0, ,191.2, ,59.5, 
6,Davis,Sacramento Valley,5/3/2022,123,0.33, ,0.00, ,653, ,6.1, ,81.1, ,54.6, ,66.6, ,45, ,17, ,28, ,32.1, ,11.9, ,284.9, ,59.6, 
6,Davis,Sacramento Valley,5/4/2022,124,0.25, ,0.00, ,644, ,9.5, ,86.9, ,47.2, ,69.1, ,86, ,21, ,39, ,43.3, ,4.5, ,109.0, ,62.0, 
6,Davis,Sacramento Valley,5/5/2022,125,0.15, ,0.00, ,351, ,10.8, ,73.2, ,53.4, ,63.1, ,76, ,32, ,55, ,46.7, ,7.1, ,169.6, ,61.0, 
6,Davis,Sacramento Valley,5/6/2022,126,0.19, ,0.00, ,514, ,13.5, ,76.9, ,53.8, ,64.1, ,96, ,45, ,66, ,52.6, ,7.0, ,167.0, ,61.9, 
6,Davis,Sacramento Valley,5/7/2022,127,0.22, ,0.00, ,629, ,9.5, ,74.1, ,48.6, ,62.0, ,85, ,30, ,50, ,43.1, ,5.5, ,131.7, ,62.6, 
6,Davis,Sacramento Valley,5/8/2022,128,0.22, ,0.01, ,586, ,6.5, ,65.9, ,41.6, ,54.3, ,82, ,28, ,45, ,33.4, ,8.6, ,205.6, ,59.8, 
6,Davis,Sacramento Valley,5/9/2022,129,0.19, ,0.00, ,561, ,6.9, ,64.1, ,41.3, ,52.4, ,93, ,31, ,52, ,35.1, ,6.9, ,165.3, ,57.8, 
6,Davis,Sacramento Valley,5/10/2022,130,0.14, ,0.00, ,447, ,7.1, ,59.7,Y,37.5,Y,49.3,Y,94, ,39, ,60,Y,35.8,Y,5.2, ,125.7, ,56.7, 
6,Davis,Sacramento Valley,5/11/2022,131,0.23, ,0.00, ,662, ,7.4, ,71.2, ,37.3,Y,55.4, ,90, ,25, ,49, ,36.8, ,6.2, ,148.4, ,56.9, 
6,Davis,Sacramento Valley,5/12/2022,132,0.21, ,0.00, ,591, ,8.4, ,74.4, ,41.0, ,57.6, ,92, ,20, ,52, ,39.9, ,5.3, ,128.2, ,57.3, 
6,Davis,Sacramento Valley,5/13/2022,133,0.23, ,0.00, ,645, ,11.7, ,81.3, ,43.7, ,64.1, ,95, ,33, ,57, ,48.6, ,4.2, ,100.7, ,60.4, 
6,Davis,Sacramento Valley,5/14/2022,134,0.28, ,0.00, ,660, ,11.1, ,89.3, ,54.5, ,71.9, ,91, ,16, ,42, ,47.4, ,5.2, ,124.5, ,63.5, 
6,Davis,Sacramento Valley,5/15/2022,135,0.27, ,0.00, ,610, ,13.4, ,89.8, ,53.1, ,70.7, ,96, ,26, ,52, ,52.4, ,6.5, ,156.2, ,64.3, 
6,Davis,Sacramento Valley,5/16/2022,136,0.24, ,0.00, ,657, ,11.8, ,83.2, ,50.0, ,66.0, ,90, ,36, ,54, ,49.0, ,5.0, ,120.9, ,64.3, 
6,Davis,Sacramento Valley,5/17/2022,137,0.26, ,0.00, ,671, ,10.9, ,90.7, ,47.9, ,69.5, ,96, ,13, ,44, ,46.7, ,4.4, ,106.6, ,65.4, 
6,Davis,Sacramento Valley,5/18/2022,138,0.35, ,0.00, ,663, ,10.0, ,97.4, ,49.3, ,77.1, ,96, ,13, ,31, ,44.4, ,7.8, ,187.3, ,66.0, 
6,Davis,Sacramento Valley,5/19/2022,139,0.35, ,0.00, ,655, ,7.9, ,89.7, ,59.6, ,78.4,Y,60,H,11,H,24,Y,38.4,Y,9.0, ,216.6, ,67.1, 
6,Davis,Sacramento Valley,5/20/2022,140,0.44, ,0.00, ,681, ,4.2,R,81.0, ,56.5, ,68.8, ,29, ,10, ,,R,,I,17.4,R,417.8,R,65.4, 
6,Davis,Sacramento Valley,5/21/2022,141,0.32, ,0.00, ,693, ,5.9,Y,86.3, ,57.6, ,72.0, ,47, ,10, ,22,Y,30.9,Y,7.2, ,173.1, ,64.9, 
6,Davis,Sacramento Valley,5/22/2022,142,0.30, ,0.00, ,671, ,9.0, ,88.9, ,49.5, ,70.8, ,85, ,10, ,35, ,41.8, ,6.0, ,143.4, ,65.1, 
6,Davis,Sacramento Valley,5/23/2022,143,0.34, ,0.00, ,674, ,7.9, ,93.5, ,54.7, ,75.6, ,64, ,11, ,26, ,38.5, ,7.1, ,171.6, ,65.5, 
6,Davis,Sacramento Valley,5/24/2022,144,0.39,R,0.00, ,674, ,7.7, ,96.9, ,61.2, ,81.3,Y,53, ,8, ,21,Y,37.7,Y,9.0, ,215.7, ,66.3, 
6,Davis,Sacramento Valley,5/25/2022,145,0.32, ,0.00, ,662, ,11.9, ,98.5, ,58.7, ,81.5,Y,80, ,18, ,32,Y,49.2,Y,6.0, ,143.2, ,68.0, 
6,Davis,Sacramento Valley,5/26/2022,146,0.24, ,0.00, ,569, ,12.4, ,81.0, ,57.9, ,68.5, ,73, ,37, ,52, ,50.2, ,7.5, ,179.1, ,66.3, 
6,Davis,Sacramento Valley,5/27/2022,147,0.23, ,0.00, ,597, ,13.2, ,81.4, ,53.8, ,65.9, ,90, ,39, ,61, ,52.0, ,6.8, ,162.4, ,65.6, 
6,Davis,Sacramento Valley,5/28/2022,148,0.25, ,0.00, ,623, ,12.2, ,78.3, ,54.6, ,65.2, ,84, ,39, ,58, ,49.9, ,8.5, ,203.6, ,65.3, 
6,Davis,Sacramento Valley,5/29/2022,149,0.29, ,0.00, ,701, ,8.4, ,80.4, ,49.8, ,66.2, ,93, ,13, ,38, ,40.1, ,6.7, ,161.2, ,64.8, 
6,Davis,Sacramento Valley,5/30/2022,150,0.31, ,0.00, ,709, ,6.9,Y,81.5, ,52.1, ,67.3, ,70, ,10, ,30,Y,35.1,Y,8.1, ,194.6, ,64.5, 
6,Davis,Sacramento Valley,5/31/2022,151,0.35, ,0.00, ,708, ,6.3,Y,86.7, ,56.3, ,72.7, ,49, ,10, ,23,Y,32.7,Y,9.2, ,220.2, ,64.9, 
6,Davis,Sacramento Valley,6/1/2022,152,0.27, ,0.01, ,680, ,10.4, ,91.5, ,53.2, ,72.4, ,75, ,17, ,38, ,45.5, ,3.7, ,87.6, ,65.9, 
6,Davis,Sacramento Valley,6/2/2022,153,0.27, ,0.00, ,601, ,11.3, ,90.8, ,58.7, ,72.7, ,63, ,24, ,41, ,47.8, ,5.8, ,139.5, ,66.5, 
6,Davis,Sacramento Valley,6/3/2022,154,0.23, ,0.00, ,528, ,13.4, ,83.8, ,56.7, ,69.6, ,74, ,40, ,54, ,52.4, ,7.2, ,172.6, ,66.0, 
6,Davis,Sacramento Valley,6/4/2022,155,0.16, ,0.09, ,354, ,11.6, ,77.2, ,58.6, ,67.3, ,83, ,27, ,51, ,48.4, ,5.6, ,135.6, ,65.0, 
6,Davis,Sacramento Valley,6/5/2022,156,0.18, ,0.13, ,517, ,18.2,Y,79.1, ,60.2, ,68.2, ,96, ,57, ,77,Y,60.8,Y,6.9, ,164.4, ,65.8, 
6,Davis,Sacramento Valley,6/6/2022,157,0.25, ,0.00, ,703, ,14.3, ,87.2, ,55.0, ,71.2, ,93, ,25, ,55, ,54.2, ,4.1, ,97.6, ,67.3, 
6,Davis,Sacramento Valley,6/7/2022,158,0.28, ,0.00, ,665, ,12.3, ,91.7, ,55.2, ,73.6, ,86, ,23, ,43, ,50.0, ,5.0, ,119.0, ,67.2, 
6,Davis,Sacramento Valley,6/8/2022,159,0.26, ,0.00, ,619, ,12.8, ,90.2, ,59.4, ,73.7, ,68, ,31, ,45, ,51.1, ,4.4, ,106.1, ,67.7, 
6,Davis,Sacramento Valley,6/9/2022,160,0.30, ,0.00, ,640, ,12.7, ,96.7, ,59.1, ,79.1, ,78, ,15, ,37, ,50.9, ,5.1, ,122.7, ,68.4, 
6,Davis,Sacramento Valley,6/10/2022,161,0.32, ,0.00, ,688, ,13.7, ,100.4, ,64.4, ,83.7,Y,64, ,17, ,35,Y,52.9,Y,4.9, ,116.4, ,69.7, 
6,Davis,Sacramento Valley,6/11/2022,162,0.31, ,0.00, ,676, ,15.7, ,97.5, ,62.8, ,81.1, ,71, ,24, ,43, ,56.7, ,6.1, ,145.4, ,70.6, 
6,Davis,Sacramento Valley,6/12/2022,163,0.28, ,0.00, ,649, ,15.8, ,83.0, ,61.8, ,72.8, ,79, ,38, ,58, ,56.9, ,8.7, ,208.4, ,69.4, 
6,Davis,Sacramento Valley,6/13/2022,164,0.33, ,0.00, ,722, ,7.0, ,83.4, ,56.3, ,70.3, ,62, ,11, ,28, ,35.5, ,8.5, ,205.1, ,66.8, 
6,Davis,Sacramento Valley,6/14/2022,165,0.37, ,0.00, ,714, ,6.2,Y,89.2, ,62.1, ,75.4, ,33, ,8, ,21,Y,32.4,Y,9.6, ,230.3, ,66.5, 
6,Davis,Sacramento Valley,6/15/2022,166,0.35, ,0.00, ,687, ,7.9, ,93.8, ,60.1, ,75.7, ,52, ,15, ,26, ,38.5, ,7.8, ,188.3, ,65.9, 
6,Davis,Sacramento Valley,6/16/2022,167,0.31, ,0.00, ,713, ,9.4, ,86.8, ,56.9, ,69.7, ,62, ,20, ,38, ,42.9, ,7.8, ,187.6, ,66.2, 
6,Davis,Sacramento Valley,6/17/2022,168,0.28, ,0.00, ,690, ,9.4, ,74.4, ,53.3, ,63.1, ,71, ,32, ,48, ,43.0, ,8.2, ,197.4, ,63.8, 
6,Davis,Sacramento Valley,6/18/2022,169,0.25, ,0.00, ,696, ,10.3, ,77.2, ,48.7, ,63.7, ,87, ,32, ,51, ,45.4, ,4.8, ,114.5, ,64.4, 
6,Davis,Sacramento Valley,6/19/2022,170,0.29, ,0.00, ,701, ,9.8, ,85.6, ,51.8, ,69.9, ,70, ,18, ,39, ,43.9, ,5.6, ,133.9, ,64.3, 
6,Davis,Sacramento Valley,6/20/2022,171,0.35, ,0.00, ,695, ,8.4, ,91.5, ,56.4, ,75.9, ,63, ,11, ,28, ,40.2, ,7.1, ,169.8, ,64.7, 
6,Davis,Sacramento Valley,6/21/2022,172,0.38, ,0.00, ,702, ,8.0, ,100.5, ,68.7,Y,84.8, ,32, ,8, ,20, ,38.7, ,7.4, ,177.1, ,65.8, 
6,Davis,Sacramento Valley,6/22/2022,173,0.33, ,0.00, ,636, ,10.8, ,98.3, ,64.9, ,82.5, ,39, ,18, ,29, ,46.7, ,6.2, ,149.6, ,69.0, 
6,Davis,Sacramento Valley,6/23/2022,174,0.34, ,0.00, ,660, ,11.6, ,99.2, ,66.6,Y,83.4, ,54, ,17, ,30, ,48.4, ,6.6, ,158.2, ,70.1, 
6,Davis,Sacramento Valley,6/24/2022,175,0.31, ,0.00, ,705, ,12.4, ,98.8, ,57.7, ,78.0, ,71, ,11, ,38, ,50.3, ,4.3, ,102.5, ,70.2, 
6,Davis,Sacramento Valley,6/25/2022,176,0.30, ,0.00, ,709, ,12.3, ,97.3, ,56.1, ,75.5, ,81, ,15, ,41, ,49.9, ,4.9, ,117.6, ,69.9, 
6,Davis,Sacramento Valley,6/26/2022,177,0.30, ,0.00, ,714, ,12.6, ,98.5, ,54.6, ,75.8, ,80, ,13, ,41, ,50.6, ,4.3, ,103.9, ,70.2, 
6,Davis,Sacramento Valley,6/27/2022,178,0.30, ,0.00, ,714, ,12.6, ,101.4, ,55.1, ,75.9, ,85, ,9, ,41, ,50.7, ,4.5, ,108.0, ,71.2, 
6,Davis,Sacramento Valley,6/28/2022,179,0.32, ,0.00, ,701, ,12.0, ,97.1, ,58.4, ,76.5, ,72, ,18, ,39, ,49.4, ,6.0, ,143.9, ,71.4, 
6,Davis,Sacramento Valley,6/29/2022,180,0.29, ,0.00, ,709, ,12.9, ,90.0, ,54.4, ,70.4, ,84, ,24, ,51, ,51.2, ,6.2, ,148.9, ,70.0, 
6,Davis,Sacramento Valley,6/30/2022,181,0.26, ,0.00, ,698, ,13.6, ,84.5, ,53.4, ,67.3, ,88, ,36, ,59, ,52.7, ,5.6, ,133.5, ,69.2, 
6,Davis,Sacramento Valley,7/1/2022,182,0.26, ,0.00, ,702, ,13.5, ,86.2, ,52.2, ,67.5, ,95, ,28, ,59, ,52.6, ,5.5, ,131.9, ,68.4, 
6,Davis,Sacramento Valley,7/2/2022,183,0.27, ,0.00, ,698, ,13.3, ,81.4, ,54.4, ,64.9, ,86, ,41, ,63, ,52.1, ,9.8,Y,235.6,Y,66.6, 
6,Davis,Sacramento Valley,7/3/2022,184,0.22, ,0.00, ,587, ,12.8, ,78.2, ,53.5, ,64.2, ,92, ,41, ,62, ,51.1, ,7.2, ,172.0, ,65.4,Y
6,Davis,Sacramento Valley,7/4/2022,185,0.26, ,0.00, ,666, ,15.0, ,85.5, ,52.9, ,70.0, ,91, ,41, ,60, ,55.5, ,5.9, ,141.7, ,66.5, 
6,Davis,Sacramento Valley,7/5/2022,186,0.28, ,0.00, ,655, ,16.9, ,85.2, ,62.7, ,73.4, ,90, ,42, ,60, ,58.7, ,7.7, ,183.8, ,69.3, 
6,Davis,Sacramento Valley,7/6/2022,187,0.27, ,0.00, ,687, ,14.7, ,82.7, ,56.9, ,69.2, ,90, ,40, ,60, ,54.8, ,7.3, ,174.8, ,68.7, 
6,Davis,Sacramento Valley,7/7/2022,188,0.26, ,0.00, ,693, ,14.2, ,87.3, ,54.7, ,70.1, ,93, ,29, ,56, ,53.8, ,4.4, ,106.2, ,68.5, 
6,Davis,Sacramento Valley,7/8/2022,189,0.28, ,0.00, ,692, ,14.4, ,92.6, ,54.8, ,72.8, ,96, ,24, ,52, ,54.4, ,4.6, ,111.5, ,69.0, 
6,Davis,Sacramento Valley,7/9/2022,190,0.27, ,0.00, ,691, ,14.9, ,91.0, ,56.1, ,72.7, ,91, ,29, ,54, ,55.2, ,4.7, ,112.6, ,69.4, 
6,Davis,Sacramento Valley,7/10/2022,191,0.29, ,0.00, ,693, ,14.9, ,98.6, ,55.4, ,77.6, ,95, ,19, ,46, ,55.3, ,4.1, ,97.7, ,69.6, 
6,Davis,Sacramento Valley,7/11/2022,192,0.30, ,0.00, ,670, ,15.3, ,99.2, ,60.1, ,80.1, ,89, ,23, ,44, ,56.0, ,4.6, ,111.1, ,70.7, 
6,Davis,Sacramento Valley,7/12/2022,193,0.30, ,0.00, ,678, ,14.6, ,94.8, ,58.0, ,74.8, ,86, ,24, ,50, ,54.7, ,6.6, ,157.3, ,70.2, 
6,Davis,Sacramento Valley,7/13/2022,194,0.27, ,0.00, ,693, ,14.5, ,88.9, ,59.6, ,72.2, ,79, ,30, ,54, ,54.5, ,6.2, ,148.1, ,69.7, 
6,Davis,Sacramento Valley,7/14/2022,195,0.28, ,0.00, ,679, ,14.9, ,93.8, ,54.4, ,73.5, ,95, ,28, ,53, ,55.3, ,4.4, ,106.5, ,69.5, 
6,Davis,Sacramento Valley,7/15/2022,196,0.27, ,0.00, ,689, ,14.9, ,93.3, ,55.1, ,73.4, ,95, ,25, ,53, ,55.2, ,4.0, ,97.1, ,69.4, 
6,Davis,Sacramento Valley,7/16/2022,197,0.28, ,0.01, ,670, ,13.8, ,99.2, ,55.0, ,77.2, ,93, ,14, ,43, ,53.2, ,4.1, ,97.4, ,69.4, 
6,Davis,Sacramento Valley,7/17/2022,198,0.30, ,0.00, ,672, ,14.0, ,100.9, ,57.9, ,78.3, ,88, ,15, ,42, ,53.6, ,5.2, ,124.9, ,69.9, 
6,Davis,Sacramento Valley,7/18/2022,199,0.29, ,0.00, ,667, ,13.4, ,98.1, ,59.3, ,77.7, ,84, ,20, ,41, ,52.4, ,5.2, ,124.0, ,69.9, 
6,Davis,Sacramento Valley,7/19/2022,200,0.29, ,0.00, ,674, ,12.8, ,97.3, ,56.7, ,75.1, ,91, ,13, ,43, ,51.0, ,5.1, ,123.3, ,69.2, 
6,Davis,Sacramento Valley,7/20/2022,201,0.28, ,0.00, ,678, ,13.2, ,98.5, ,53.3, ,74.8, ,94, ,18, ,45, ,52.0, ,4.5, ,108.2, ,68.4, 
6,Davis,Sacramento Valley,7/21/2022,202,0.27, ,0.00, ,682, ,13.7, ,95.4, ,53.8, ,73.8, ,93, ,25, ,48, ,52.9, ,4.6, ,110.4, ,68.2, 
6,Davis,Sacramento Valley,7/22/2022,203,0.28, ,0.00, ,680, ,12.6, ,96.7, ,53.9, ,74.1, ,93, ,19, ,44, ,50.6, ,4.5, ,108.1, ,68.2, 
6,Davis,Sacramento Valley,7/23/2022,204,0.26, ,0.00, ,688, ,13.3, ,93.9, ,51.5, ,71.9, ,94, ,23, ,50, ,52.2, ,4.1, ,97.4, ,67.5,Y
6,Davis,Sacramento Valley,7/24/2022,205,0.26, ,0.00, ,682, ,13.9, ,94.1, ,53.6, ,72.7, ,93, ,23, ,51, ,53.3, ,4.0, ,96.6, ,67.6,Y
6,Davis,Sacramento Valley,7/25/2022,206,0.25, ,0.00, ,642, ,14.8, ,90.2, ,54.6, ,71.0, ,93, ,34, ,57, ,55.0, ,4.5, ,107.2, ,67.9,Y
6,Davis,Sacramento Valley,7/26/2022,207,0.24, ,0.00, ,586, ,14.8, ,91.8, ,58.0, ,73.0, ,85, ,32, ,53, ,55.0, ,5.6, ,134.9, ,68.0,Y
6,Davis,Sacramento Valley,7/27/2022,208,0.26, ,0.00, ,624, ,14.9, ,93.8, ,56.4, ,73.3, ,90, ,31, ,53, ,55.3, ,4.9, ,116.8, ,68.0,Y
6,Davis,Sacramento Valley,7/28/2022,209,0.24, ,0.00, ,619, ,15.7, ,92.9, ,56.9, ,72.0, ,91, ,34, ,58, ,56.6, ,5.0, ,120.3, ,67.9,Y
6,Davis,Sacramento Valley,7/29/2022,210,0.24, ,0.00, ,630, ,16.8, ,91.7, ,58.0, ,72.5, ,94, ,37, ,62, ,58.6, ,5.1, ,121.4, ,68.2, 
6,Davis,Sacramento Valley,7/30/2022,211,0.24, ,0.00, ,629, ,16.9, ,86.3, ,60.1, ,72.1, ,90, ,43, ,63, ,58.7, ,6.0, ,144.9, ,68.4, 
6,Davis,Sacramento Valley,7/31/2022,212,0.17, ,0.00, ,400, ,17.0, ,86.2, ,61.6, ,71.2, ,88, ,47, ,65, ,58.9, ,6.5, ,155.1, ,68.4, 
6,Davis,Sacramento Valley,8/1/2022,213,0.09, ,0.00, ,248, ,17.7, ,83.2, ,60.4, ,71.7, ,91, ,52, ,67, ,60.1, ,4.0, ,97.0, ,68.2, 
6,Davis,Sacramento Valley,8/2/2022,214,0.26, ,0.00, ,581, ,17.6, ,98.3, ,62.9, ,80.3, ,94, ,26, ,50, ,59.9, ,4.6, ,110.4, ,69.2, 
6,Davis,Sacramento Valley,8/3/2022,215,0.26, ,0.00, ,616, ,16.7, ,99.7, ,61.3, ,79.7, ,87, ,26, ,48, ,58.4, ,4.3, ,103.4, ,69.6, 
6,Davis,Sacramento Valley,8/4/2022,216,0.27, ,0.00, ,602, ,15.7, ,98.5, ,61.9, ,78.2, ,87, ,23, ,48, ,56.7, ,5.5, ,132.3, ,69.9, 
6,Davis,Sacramento Valley,8/5/2022,217,0.26, ,0.00, ,573, ,15.2, ,89.7, ,63.8, ,73.8, ,74, ,34, ,53, ,55.8, ,8.1, ,194.4, ,68.9, 
6,Davis,Sacramento Valley,8/6/2022,218,0.25, ,0.00, ,631, ,15.1, ,88.4, ,58.3, ,72.3, ,89, ,32, ,56, ,55.6, ,5.4, ,129.9, ,68.6, 
6,Davis,Sacramento Valley,8/7/2022,219,0.25, ,0.00, ,637, ,14.3, ,90.7, ,55.1, ,71.7, ,93, ,28, ,54, ,54.2, ,5.1, ,122.4, ,68.0, 
6,Davis,Sacramento Valley,8/8/2022,220,0.25, ,0.00, ,649, ,14.2, ,91.0, ,55.3, ,72.3, ,94, ,25, ,52, ,53.9, ,4.8, ,116.1, ,67.7, 
6,Davis,Sacramento Valley,8/9/2022,221,0.27, ,0.00, ,623, ,14.0, ,89.5, ,58.6, ,72.5, ,89, ,27, ,51, ,53.6, ,6.8, ,163.8, ,67.6, 
6,Davis,Sacramento Valley,8/10/2022,222,0.24, ,0.00, ,633, ,14.4, ,88.9, ,55.3, ,71.5, ,95, ,27, ,55, ,54.4, ,4.8, ,116.3, ,67.4, 
6,Davis,Sacramento Valley,8/11/2022,223,0.24, ,0.00, ,625, ,14.8, ,90.8, ,54.4, ,72.5, ,95, ,25, ,54, ,55.1, ,4.7, ,111.8, ,67.5, 
6,Davis,Sacramento Valley,8/12/2022,224,0.25, ,0.00, ,634, ,13.9, ,93.3, ,56.4, ,72.9, ,94, ,22, ,50, ,53.4, ,4.5, ,107.8, ,67.2, 
6,Davis,Sacramento Valley,8/13/2022,225,0.25, ,0.00, ,635, ,13.2, ,94.4, ,52.2, ,73.1, ,93, ,20, ,48, ,52.0, ,4.1, ,99.2, ,66.8, 
6,Davis,Sacramento Valley,8/14/2022,226,0.25, ,0.00, ,638, ,12.8, ,98.0, ,53.5, ,75.9, ,94, ,14, ,42, ,51.1, ,4.1, ,99.3, ,66.9, 
6,Davis,Sacramento Valley,8/15/2022,227,0.25, ,0.00, ,625, ,13.5, ,99.5, ,56.7, ,78.7, ,90, ,13, ,40, ,52.5, ,3.7, ,88.5, ,67.7, 
6,Davis,Sacramento Valley,8/16/2022,228,0.26, ,0.00, ,606, ,12.9, ,102.2, ,57.0, ,81.3, ,87, ,14, ,35, ,51.3, ,3.6, ,87.4, ,68.2, 
6,Davis,Sacramento Valley,8/17/2022,229,0.15,R,0.00, ,319, ,14.6, ,95.3, ,62.7, ,79.5, ,65, ,26, ,42, ,54.7, ,4.4, ,106.5, ,68.8, 
6,Davis,Sacramento Valley,8/18/2022,230,0.26, ,0.00, ,588, ,14.9, ,100.4, ,59.5, ,78.3, ,88, ,18, ,45, ,55.3, ,4.6, ,110.1, ,69.1, 
6,Davis,Sacramento Valley,8/19/2022,231,0.25, ,0.00, ,606, ,15.3, ,97.1, ,55.7, ,75.7, ,93, ,22, ,50, ,56.1, ,4.1, ,99.4, ,68.6, 
6,Davis,Sacramento Valley,8/20/2022,232,0.25, ,0.00, ,602, ,14.4, ,100.7, ,54.9, ,77.7, ,92, ,15, ,44, ,54.3, ,3.7, ,89.1, ,68.8, 
6,Davis,Sacramento Valley,8/21/2022,233,0.26, ,0.00, ,603, ,14.6, ,90.6, ,62.2, ,74.5, ,75, ,29, ,50, ,54.6, ,6.7, ,160.0, ,68.3, 
6,Davis,Sacramento Valley,8/22/2022,234,0.23, ,0.00, ,591, ,15.9, ,96.2, ,55.2, ,74.8, ,92, ,27, ,54, ,57.1, ,4.2, ,101.7, ,68.4, 
6,Davis,Sacramento Valley,8/23/2022,235,0.23, ,0.00, ,586, ,16.7, ,98.2, ,59.6, ,78.0, ,94, ,22, ,51, ,58.5, ,4.0, ,95.1, ,69.5, 
6,Davis,Sacramento Valley,8/24/2022,236,0.25, ,0.00, ,593, ,15.2, ,94.9, ,58.3, ,75.0, ,91, ,22, ,51, ,55.7, ,5.2, ,125.8, ,69.6, 
6,Davis,Sacramento Valley,8/25/2022,237,0.23, ,0.00, ,593, ,15.6, ,89.5, ,55.0, ,71.9, ,95, ,32, ,59, ,56.6, ,5.8, ,139.4, ,68.8, 
6,Davis,Sacramento Valley,8/26/2022,238,0.23, ,0.00, ,593, ,14.4, ,93.1, ,54.3, ,72.2, ,95, ,17, ,53, ,54.3, ,4.5, ,107.1, ,68.6, 
6,Davis,Sacramento Valley,8/27/2022,239,0.22, ,0.00, ,580, ,15.0, ,89.4, ,54.1, ,70.4, ,95, ,30, ,59, ,55.4, ,4.9, ,117.0, ,68.7, 
6,Davis,Sacramento Valley,8/28/2022,240,0.22, ,0.00, ,578, ,13.9, ,89.0, ,54.6, ,70.1, ,94, ,19, ,55, ,53.3, ,4.7, ,112.8, ,68.3, 
6,Davis,Sacramento Valley,8/29/2022,241,0.20, ,0.00, ,519, ,13.9, ,92.8, ,54.3, ,72.3, ,92, ,23, ,51, ,53.3, ,3.7, ,89.9, ,68.5, 
6,Davis,Sacramento Valley,8/30/2022,242,0.23, ,0.00, ,558, ,13.7, ,95.1, ,55.8, ,74.7, ,91, ,21, ,47, ,52.9, ,4.4, ,104.5, ,69.0, 
6,Davis,Sacramento Valley,8/31/2022,243,0.22, ,0.00, ,571, ,12.8, ,96.3, ,53.8, ,74.7, ,91, ,17, ,44, ,51.0, ,3.2, ,75.6, ,69.2, 
6,Davis,Sacramento Valley,9/1/2022,244,0.24, ,0.00, ,561, ,12.1, ,103.4, ,53.7, ,79.4, ,88, ,15, ,35, ,49.5, ,3.8, ,90.9, ,69.4, 
6,Davis,Sacramento Valley,9/2/2022,245,0.25, ,0.00, ,563, ,12.4, ,102.6, ,56.1, ,79.5, ,89, ,12, ,36, ,50.3, ,4.0, ,95.9, ,70.4, 
6,Davis,Sacramento Valley,9/3/2022,246,0.24, ,0.00, ,553, ,12.2, ,99.4, ,57.5, ,78.4, ,85, ,13, ,37, ,49.7, ,4.0, ,97.1, ,70.0, 
6,Davis,Sacramento Valley,9/4/2022,247,0.25, ,0.00, ,544, ,11.2, ,103.2, ,57.1, ,81.9, ,83, ,12, ,30, ,47.5, ,3.9, ,92.7, ,70.4, 
6,Davis,Sacramento Valley,9/5/2022,248,0.28,R,0.00, ,526, ,11.9, ,111.7,Y,63.6, ,88.8,R,62, ,10, ,,R,,I,5.0, ,120.3, ,71.7, 
6,Davis,Sacramento Valley,9/6/2022,249,0.26,R,0.00, ,526, ,13.7, ,112.3,R,64.9, ,89.9,R,77, ,13, ,,R,,I,3.9, ,92.6, ,73.7, 
6,Davis,Sacramento Valley,9/7/2022,250,0.28,R,0.00, ,512, ,12.1, ,107.2,Y,65.3, ,87.9,R,67,H,13,H,,R,,I,5.5, ,130.8, ,73.1, 
6,Davis,Sacramento Valley,9/8/2022,251,0.25,R,0.00, ,509, ,13.1, ,108.6,Y,61.1, ,87.2,Y,81, ,14, ,30,Y,51.8,Y,3.9, ,93.2, ,73.5, 
6,Davis,Sacramento Valley,9/9/2022,252,0.23, ,0.00, ,415, ,12.0, ,104.3,Y,65.6,Y,84.6,Y,70, ,14, ,30,Y,49.5,Y,5.3, ,126.7, ,73.5, 
6,Davis,Sacramento Valley,9/10/2022,253,0.23, ,0.00, ,382, ,12.1, ,86.9, ,66.8,Y,76.1, ,65, ,21, ,39, ,49.6, ,8.4, ,202.5, ,70.3, 
6,Davis,Sacramento Valley,9/11/2022,254,0.14, ,0.00, ,306, ,13.4, ,87.7, ,62.6, ,75.3, ,88, ,20, ,45, ,52.4, ,3.5, ,83.1, ,70.7, 
6,Davis,Sacramento Valley,9/12/2022,255,0.17, ,0.00, ,388, ,14.4, ,90.2, ,63.1, ,75.5, ,86, ,25, ,48, ,54.3, ,4.3, ,102.3, ,71.5, 
6,Davis,Sacramento Valley,9/13/2022,256,0.21, ,0.00, ,509, ,13.6, ,82.1, ,58.9, ,68.2, ,80, ,36, ,58, ,52.7, ,8.4, ,201.2, ,68.5, 
6,Davis,Sacramento Valley,9/14/2022,257,0.18,H,0.01, ,388, ,12.9, ,79.3, ,58.3, ,69.6,H,94,H,37,H,52, ,51.3, ,7.6, ,182.5, ,69.6, 
6,Davis,Sacramento Valley,9/15/2022,258,0.16, ,0.00, ,486, ,13.3, ,79.0, ,50.5, ,64.5, ,94, ,41, ,64, ,52.1, ,4.1, ,99.1, ,68.4, 
6,Davis,Sacramento Valley,9/16/2022,259,0.17, ,0.00, ,483, ,13.4, ,83.0, ,50.1, ,66.7, ,93, ,37, ,60, ,52.3, ,3.9, ,94.0, ,68.8, 
6,Davis,Sacramento Valley,9/17/2022,260,0.18, ,0.00, ,429, ,13.0, ,77.6, ,57.1, ,64.8, ,84, ,38, ,62, ,51.5, ,9.5,Y,227.6,Y,66.6, 
6,Davis,Sacramento Valley,9/18/2022,261,0.07, ,1.20, ,204, ,15.4, ,73.7, ,58.2, ,63.1, ,94, ,58, ,78, ,56.1, ,7.1, ,171.0, ,64.8, 
6,Davis,Sacramento Valley,9/19/2022,262,0.08, ,1.69, ,286, ,17.8,Y,74.1, ,59.3, ,63.8, ,98, ,65, ,88,Y,60.1,Y,3.6, ,86.3, ,66.6, 
6,Davis,Sacramento Valley,9/20/2022,263,0.11, ,0.00, ,372, ,16.9, ,74.5, ,58.9, ,64.9, ,97, ,54, ,80, ,58.8, ,3.8, ,90.9, ,67.8, 
6,Davis,Sacramento Valley,9/21/2022,264,0.09, ,0.03, ,307, ,16.1, ,76.9, ,60.0, ,66.3, ,92, ,45, ,73, ,57.4, ,4.3, ,103.7, ,67.6, 
6,Davis,Sacramento Valley,9/22/2022,265,0.17, ,0.00, ,477, ,14.9, ,80.6, ,57.3, ,67.7, ,89, ,37, ,64, ,55.3, ,6.0, ,142.9, ,67.9, 
6,Davis,Sacramento Valley,9/23/2022,266,0.17, ,0.00, ,475, ,15.5, ,86.1, ,55.9, ,69.7, ,91, ,34, ,62, ,56.3, ,3.6, ,87.2, ,68.7, 
6,Davis,Sacramento Valley,9/24/2022,267,0.18, ,0.00, ,479, ,14.6, ,94.0, ,56.4, ,73.5, ,89, ,20, ,52, ,54.7, ,3.1, ,74.3, ,70.0, 
6,Davis,Sacramento Valley,9/25/2022,268,0.17, ,0.00, ,457, ,14.8, ,93.6, ,58.1, ,73.7, ,87, ,22, ,52, ,55.0, ,3.3, ,78.7, ,71.6, 
6,Davis,Sacramento Valley,9/26/2022,269,0.16, ,0.00, ,453, ,15.5, ,90.1, ,57.2, ,70.6, ,87, ,36, ,61, ,56.4, ,3.4, ,80.7, ,72.6, 
6,Davis,Sacramento Valley,9/27/2022,270,0.15, ,0.00, ,464, ,13.2, ,83.8, ,51.3, ,66.0, ,91, ,30, ,60, ,51.9, ,3.7, ,88.2, ,70.0, 
6,Davis,Sacramento Valley,9/28/2022,271,0.16, ,0.00, ,451, ,14.0, ,86.3, ,53.9, ,69.6, ,93, ,26, ,57, ,53.6, ,3.5, ,84.1, ,69.8, 
6,Davis,Sacramento Valley,9/29/2022,272,0.16, ,0.01, ,447, ,14.9, ,86.0, ,54.6, ,69.5, ,96, ,30, ,60, ,55.2, ,4.0, ,97.2, ,69.3, 
6,Davis,Sacramento Valley,9/30/2022,273,0.19, ,0.00, ,358, ,12.1, ,89.1, ,61.6, ,77.6, ,80, ,23, ,38, ,49.7, ,4.0, ,94.8, ,69.9, 
6,Davis,Sacramento Valley,10/1/2022,274,0.15, ,0.00, ,438, ,14.5, ,84.2, ,53.8, ,67.0, ,96, ,39, ,64, ,54.5, ,4.1, ,98.0, ,68.5, 
6,Davis,Sacramento Valley,10/2/2022,275,0.14, ,0.02, ,430, ,14.0, ,81.0, ,51.7, ,65.5, ,95, ,40, ,65, ,53.6, ,3.6, ,87.2, ,68.2, 
6,Davis,Sacramento Valley,10/3/2022,276,0.14, ,0.01, ,422, ,14.2, ,85.4, ,52.3, ,67.3, ,94, ,36, ,62, ,54.0, ,2.9, ,68.8, ,68.8, 
6,Davis,Sacramento Valley,10/4/2022,277,0.13, ,0.00, ,420, ,15.0, ,86.4, ,52.1, ,67.6, ,95, ,36, ,65, ,55.5, ,2.8, ,67.4, ,69.0, 
6,Davis,Sacramento Valley,10/5/2022,278,0.14, ,0.00, ,417, ,15.5, ,90.5, ,53.8, ,70.6, ,95, ,34, ,61, ,56.3, ,2.2, ,53.7, ,69.6, 
6,Davis,Sacramento Valley,10/6/2022,279,0.14, ,0.00, ,411, ,15.0, ,92.3, ,55.4, ,71.8, ,94, ,26, ,56, ,55.5, ,2.5, ,60.3, ,69.9, 
6,Davis,Sacramento Valley,10/7/2022,280,0.16, ,0.00, ,409, ,13.8, ,95.8, ,56.1, ,73.5, ,89, ,19, ,49, ,53.1, ,3.2, ,75.9, ,69.4, 
6,Davis,Sacramento Valley,10/8/2022,281,0.14, ,0.00, ,399, ,14.1, ,92.6, ,54.2, ,71.9, ,92, ,27, ,53, ,53.8, ,2.7, ,65.3, ,69.9, 
6,Davis,Sacramento Valley,10/9/2022,282,0.13, ,0.00, ,388, ,14.3, ,89.5, ,52.4, ,68.9, ,94, ,30, ,59, ,54.2, ,2.7, ,63.9, ,69.6, 
6,Davis,Sacramento Valley,10/10/2022,283,0.14, ,0.01, ,397, ,13.3, ,89.9, ,52.6, ,68.9, ,93, ,27, ,55, ,52.1, ,2.7, ,64.7, ,69.3, 
6,Davis,Sacramento Valley,10/11/2022,284,0.13, ,0.00, ,392, ,12.4, ,88.5, ,49.1, ,66.7, ,94, ,26, ,56, ,50.3, ,3.1, ,75.2, ,68.4, 
6,Davis,Sacramento Valley,10/12/2022,285,0.12, ,0.00, ,380, ,14.0, ,82.9, ,51.4, ,65.9, ,94, ,39, ,64, ,53.5, ,3.1, ,73.8, ,68.2, 
6,Davis,Sacramento Valley,10/13/2022,286,0.11, ,0.00, ,385, ,13.4, ,85.8, ,48.7, ,63.3, ,95, ,35, ,68, ,52.4, ,3.0, ,71.9, ,67.5, 
6,Davis,Sacramento Valley,10/14/2022,287,0.12, ,0.00, ,383, ,13.7, ,84.8, ,48.6, ,64.6, ,96, ,39, ,66, ,53.0, ,3.1, ,74.3, ,67.3, 
6,Davis,Sacramento Valley,10/15/2022,288,0.12, ,0.01, ,376, ,13.9, ,81.0, ,49.1, ,62.5, ,94, ,44, ,72, ,53.3, ,4.3, ,102.5, ,67.0, 
6,Davis,Sacramento Valley,10/16/2022,289,0.11, ,0.00, ,360, ,13.1, ,73.8, ,48.6, ,60.4, ,95, ,51, ,73, ,51.7, ,3.8, ,90.3, ,66.2, 
6,Davis,Sacramento Valley,10/17/2022,290,0.10, ,0.00, ,356, ,12.7, ,78.9, ,46.9, ,60.7, ,96, ,42, ,70, ,50.8, ,3.1, ,73.7, ,65.1, 
6,Davis,Sacramento Valley,10/18/2022,291,0.11, ,0.00, ,287, ,12.5, ,84.7, ,53.8, ,66.2, ,94, ,29, ,57, ,50.4, ,4.0, ,96.5, ,65.2, 
6,Davis,Sacramento Valley,10/19/2022,292,0.13, ,0.00, ,367, ,10.2, ,93.0, ,47.0, ,68.1, ,90, ,22, ,43, ,45.0, ,2.8, ,66.5, ,64.8, 
6,Davis,Sacramento Valley,10/20/2022,293,0.11, ,0.00, ,356, ,11.2, ,88.3, ,48.3, ,66.3, ,90, ,23, ,51, ,47.5, ,2.2, ,52.9, ,64.9, 
6,Davis,Sacramento Valley,10/21/2022,294,0.12, ,0.00, ,347, ,12.1, ,79.8, ,46.2, ,63.0, ,94, ,29, ,61, ,49.6, ,5.0, ,119.6, ,64.0, 
6,Davis,Sacramento Valley,10/22/2022,295,0.15, ,0.00, ,339, ,9.6, ,74.0, ,54.9, ,63.8, ,86, ,18, ,48, ,43.5, ,7.1, ,169.3, ,64.2, 
6,Davis,Sacramento Valley,10/23/2022,296,0.22, ,0.00, ,357, ,5.7, ,69.9, ,52.8, ,61.0, ,47, ,22, ,31, ,30.4, ,12.7, ,303.8, ,61.5, 
6,Davis,Sacramento Valley,10/24/2022,297,0.15, ,0.00, ,344, ,6.2, ,75.2, ,46.7, ,61.6, ,59, ,19, ,33, ,32.4, ,6.3, ,150.9, ,60.9, 
6,Davis,Sacramento Valley,10/25/2022,298,0.11, ,0.00, ,334, ,9.3, ,72.4, ,43.8, ,58.0, ,90, ,35, ,56, ,42.6, ,4.3, ,103.3, ,60.7, 
6,Davis,Sacramento Valley,10/26/2022,299,0.14, ,0.00, ,332, ,6.9, ,71.1, ,43.9, ,57.1, ,87, ,19, ,43, ,35.0, ,6.2, ,148.9, ,59.5, 
6,Davis,Sacramento Valley,10/27/2022,300,0.12, ,0.00, ,332, ,6.4, ,72.1, ,39.6, ,57.2, ,80, ,23, ,40, ,33.2, ,4.1, ,98.2, ,58.4, 
6,Davis,Sacramento Valley,10/28/2022,301,0.08, ,0.01, ,271, ,7.5, ,70.4, ,38.2, ,54.3, ,88, ,30, ,52, ,37.1, ,3.0, ,71.1, ,57.3, 
6,Davis,Sacramento Valley,10/29/2022,302,0.10, ,0.01, ,323, ,7.5, ,76.4, ,37.6, ,56.4, ,89, ,23, ,48, ,37.0, ,3.0, ,72.3, ,57.2, 
6,Davis,Sacramento Valley,10/30/2022,303,0.10, ,0.00, ,310, ,9.0, ,77.6, ,39.6, ,57.5, ,89, ,27, ,56, ,41.7, ,3.5, ,82.9, ,57.4, 
6,Davis,Sacramento Valley,10/31/2022,304,0.06, ,0.00, ,199, ,10.7, ,69.3, ,45.0, ,56.9, ,94, ,45, ,68, ,46.4, ,4.2, ,100.0, ,57.9, 
6,Davis,Sacramento Valley,11/1/2022,305,0.05, ,0.14, ,132, ,10.9, ,61.3, ,48.9, ,54.9, ,89, ,47, ,74, ,46.7, ,9.2, ,221.3, ,57.1, 
6,Davis,Sacramento Valley,11/2/2022,306,0.07, ,0.00, ,257, ,8.4, ,60.9, ,40.5, ,50.4, ,88, ,41, ,67, ,40.0, ,5.1, ,123.3, ,55.6, 
6,Davis,Sacramento Valley,11/3/2022,307,0.12, ,0.00, ,310, ,5.9, ,60.9, ,34.8, ,47.8, ,92, ,29, ,52, ,31.2, ,6.9, ,164.4, ,53.7, 
6,Davis,Sacramento Valley,11/4/2022,308,0.07, ,0.01, ,252, ,7.7, ,63.2, ,34.6, ,49.6, ,92, ,43, ,63, ,37.7, ,3.2, ,76.8, ,53.0, 
6,Davis,Sacramento Valley,11/5/2022,309,0.03, ,0.00, ,117, ,13.3, ,63.5, ,47.8, ,56.5, ,94, ,72, ,85, ,52.1, ,6.4, ,153.1, ,54.7, 
6,Davis,Sacramento Valley,11/6/2022,310,0.09, ,0.00, ,274, ,10.6, ,64.8, ,49.9, ,55.9, ,95, ,40, ,69, ,46.1, ,7.5, ,180.1, ,56.5, 
6,Davis,Sacramento Valley,11/7/2022,311,0.07, ,0.24, ,227, ,9.2, ,60.0, ,43.7, ,51.2, ,92, ,48, ,72, ,42.3, ,7.3, ,176.4, ,54.5, 
6,Davis,Sacramento Valley,11/8/2022,312,0.02, ,1.07, ,110, ,9.9, ,53.5, ,43.8, ,48.3, ,95, ,73, ,86, ,44.3, ,6.8, ,163.6, ,52.5, 
6,Davis,Sacramento Valley,11/9/2022,313,0.06, ,0.00, ,258, ,9.0, ,58.3, ,39.8, ,48.6, ,95, ,54, ,77, ,41.7, ,4.9, ,118.7, ,52.3, 
6,Davis,Sacramento Valley,11/10/2022,314,0.08, ,0.00, ,288, ,8.4, ,57.8, ,39.2, ,47.1, ,94, ,55, ,76, ,40.1, ,5.6, ,134.7, ,52.5, 
6,Davis,Sacramento Valley,11/11/2022,315,0.05, ,0.02, ,243, ,8.3, ,57.3, ,34.3, ,44.7, ,97, ,58, ,82, ,39.6, ,2.7, ,65.8, ,51.0, 
6,Davis,Sacramento Valley,11/12/2022,316,0.06, ,0.00, ,256, ,9.3, ,58.4, ,40.5, ,48.9, ,96, ,57, ,79, ,42.7, ,4.5, ,108.9, ,51.7, 
6,Davis,Sacramento Valley,11/13/2022,317,0.10, ,0.00, ,287, ,6.9, ,61.6, ,36.9, ,48.7, ,85, ,33, ,59, ,35.0, ,7.3, ,174.5, ,51.1, 
6,Davis,Sacramento Valley,11/14/2022,318,0.06, ,0.01, ,274, ,7.1, ,57.9, ,31.0, ,43.6, ,97, ,46, ,74, ,35.9, ,2.9, ,69.3, ,49.5, 
6,Davis,Sacramento Valley,11/15/2022,319,0.14, ,0.00, ,278, ,6.0, ,67.7, ,36.2, ,53.1, ,85, ,26, ,44, ,31.6, ,8.9, ,212.8, ,49.4, 
6,Davis,Sacramento Valley,11/16/2022,320,0.09, ,0.00, ,280, ,5.8, ,64.9, ,40.3, ,51.7, ,78, ,25, ,44, ,30.6, ,4.7, ,111.7, ,50.5, 
6,Davis,Sacramento Valley,11/17/2022,321,0.06, ,0.00, ,249, ,7.4, ,66.4, ,34.4, ,47.5, ,85, ,37, ,66, ,36.9, ,2.4, ,58.6, ,49.8, 
6,Davis,Sacramento Valley,11/18/2022,322,0.15, ,0.00, ,269, ,5.5, ,65.1, ,36.4, ,51.0, ,87, ,23, ,43, ,29.3, ,9.4, ,225.5, ,49.7, 
6,Davis,Sacramento Valley,11/19/2022,323,0.12, ,0.00, ,268, ,4.5, ,62.6, ,36.9, ,49.9, ,67, ,23, ,37, ,24.4, ,7.2, ,173.9, ,49.9, 
6,Davis,Sacramento Valley,11/20/2022,324,0.07, ,0.00, ,261, ,5.3, ,63.1, ,31.9, ,45.3, ,76, ,28, ,51, ,28.5, ,3.2, ,76.3, ,48.6, 
6,Davis,Sacramento Valley,11/21/2022,325,0.07, ,0.00, ,246, ,5.5, ,64.0, ,30.9, ,44.7, ,78, ,26, ,55, ,29.4, ,3.2, ,76.5, ,47.9, 
6,Davis,Sacramento Valley,11/22/2022,326,0.05, ,0.00, ,227, ,6.4, ,63.6, ,31.4, ,45.5, ,84, ,35, ,62, ,33.1, ,1.9, ,46.2, ,48.2, 
6,Davis,Sacramento Valley,11/23/2022,327,0.07, ,0.00, ,247, ,7.3, ,69.7, ,38.1, ,50.5, ,79, ,34, ,58, ,36.4, ,3.6, ,87.2, ,49.2, 
6,Davis,Sacramento Valley,11/24/2022,328,0.06, ,0.00, ,246, ,7.4, ,66.9, ,33.1, ,47.9, ,87, ,36, ,65, ,36.6, ,1.9, ,45.0, ,49.4, 
6,Davis,Sacramento Valley,11/25/2022,329,0.05, ,0.00, ,205, ,7.4, ,71.0, ,35.9, ,47.9, ,84, ,34, ,65, ,36.8, ,2.5, ,59.5, ,49.3, 
6,Davis,Sacramento Valley,11/26/2022,330,0.08, ,0.00, ,234, ,7.2, ,68.2, ,38.1, ,51.0, ,84, ,29, ,57, ,36.1, ,3.9, ,94.1, ,49.8, 
6,Davis,Sacramento Valley,11/27/2022,331,0.06, ,0.00, ,238, ,6.8, ,64.5, ,34.1, ,49.3, ,81, ,35, ,57, ,34.6, ,2.8, ,66.6, ,49.6, 
6,Davis,Sacramento Valley,11/28/2022,332,0.07, ,0.00, ,225, ,6.9, ,63.0, ,34.6, ,47.8, ,90, ,35, ,61, ,35.1, ,3.7, ,88.3, ,49.5, 
6,Davis,Sacramento Valley,11/29/2022,333,0.08, ,0.00, ,244, ,4.9, ,58.5, ,33.7, ,44.9, ,72, ,25, ,49, ,26.8, ,4.7, ,112.4, ,48.4, 
6,Davis,Sacramento Valley,11/30/2022,334,0.06, ,0.00, ,231, ,6.7, ,58.4, ,28.5, ,43.8, ,91, ,42, ,69, ,34.2, ,4.9, ,116.4, ,47.3, 
6,Davis,Sacramento Valley,12/1/2022,335,0.02, ,0.42, ,54, ,8.7, ,51.2, ,34.5, ,46.3, ,94, ,68, ,81, ,40.9, ,5.5, ,132.5, ,48.3, 
6,Davis,Sacramento Valley,12/2/2022,336,0.05, ,0.00, ,215, ,6.9, ,50.4, ,30.9, ,39.4, ,97, ,62, ,84, ,35.0, ,4.6, ,109.5, ,46.7, 
6,Davis,Sacramento Valley,12/3/2022,337,0.00, ,1.37, ,29, ,7.8, ,42.4,Y,36.5, ,40.1, ,97, ,78, ,92, ,38.0, ,4.9, ,116.6, ,46.1, 
6,Davis,Sacramento Valley,12/4/2022,338,0.03, ,0.15, ,147, ,10.1, ,56.2, ,40.4, ,47.2, ,98, ,73, ,91, ,44.8, ,4.0, ,95.9, ,48.0, 
6,Davis,Sacramento Valley,12/5/2022,339,0.04, ,0.10, ,178, ,10.4, ,59.3, ,44.6, ,50.5, ,95, ,66, ,83, ,45.6, ,5.0, ,121.1, ,49.6, 
6,Davis,Sacramento Valley,12/6/2022,340,0.05, ,0.02, ,188, ,9.4, ,56.2, ,41.8, ,48.1, ,94, ,66, ,82, ,43.0, ,5.7, ,137.1, ,49.9, 
6,Davis,Sacramento Valley,12/7/2022,341,0.05, ,0.00, ,227, ,8.2, ,57.2, ,33.6, ,44.9, ,96, ,57, ,80, ,39.3, ,2.8, ,66.1, ,48.4, 
6,Davis,Sacramento Valley,12/8/2022,342,0.01, ,0.03, ,89, ,9.4, ,51.8, ,38.1, ,45.3, ,98, ,81, ,91, ,43.0, ,5.2, ,124.7, ,47.9, 
6,Davis,Sacramento Valley,12/9/2022,343,0.02, ,0.00, ,129, ,9.3, ,53.8, ,40.1, ,47.7, ,97, ,63, ,82, ,42.6, ,3.1, ,75.2, ,49.2, 
6,Davis,Sacramento Valley,12/10/2022,344,0.01, ,1.15, ,46, ,11.2, ,55.5, ,46.9, ,50.7, ,94, ,80, ,89, ,47.6, ,9.9, ,237.1, ,49.9, 
6,Davis,Sacramento Valley,12/11/2022,345,0.03, ,0.27, ,129, ,9.1, ,53.0, ,44.0, ,47.1, ,94, ,64, ,82, ,42.0, ,7.1, ,170.8, ,49.5, 
6,Davis,Sacramento Valley,12/12/2022,346,0.05, ,0.09, ,211, ,8.2, ,53.0, ,35.3, ,44.7, ,95, ,60, ,82, ,39.5, ,5.5, ,132.3, ,49.2, 
6,Davis,Sacramento Valley,12/13/2022,347,0.05, ,0.00, ,225, ,7.0, ,53.8, ,32.4, ,41.4, ,96, ,54, ,79, ,35.3, ,3.7, ,88.6, ,47.2, 
6,Davis,Sacramento Valley,12/14/2022,348,0.04, ,0.00, ,207, ,7.3, ,54.2, ,31.3, ,40.5, ,98, ,57, ,85, ,36.3, ,2.6, ,61.3, ,46.3, 
6,Davis,Sacramento Valley,12/15/2022,349,0.05, ,0.00, ,204, ,7.1, ,54.2, ,32.1, ,42.1, ,96, ,55, ,78, ,35.7, ,3.6, ,86.5, ,45.9, 
6,Davis,Sacramento Valley,12/16/2022,350,0.05, ,0.00, ,222, ,6.6, ,53.9, ,31.7, ,40.6, ,98, ,45, ,76, ,33.7, ,3.7, ,88.2, ,45.1, 
6,Davis,Sacramento Valley,12/17/2022,351,0.05, ,0.00, ,222, ,6.4, ,53.7, ,32.1, ,40.7, ,93, ,54, ,74, ,33.1, ,2.8, ,66.3, ,44.6, 
6,Davis,Sacramento Valley,12/18/2022,352,0.03, ,0.00, ,188, ,6.7, ,46.9, ,27.0, ,36.3, ,98, ,76, ,92, ,34.2, ,3.3, ,79.9, ,43.8, 
6,Davis,Sacramento Valley,12/19/2022,353,0.00, ,0.00, ,28, ,7.7, ,42.6, ,40.1, ,41.0, ,91, ,85, ,88, ,37.7, ,3.3, ,80.3, ,45.2, 
6,Davis,Sacramento Valley,12/20/2022,354,0.03, ,0.00, ,164, ,8.2, ,51.8, ,38.8, ,43.7, ,95, ,65, ,84, ,39.3, ,3.1, ,74.5, ,46.4, 
6,Davis,Sacramento Valley,12/21/2022,355,0.01, ,0.00, ,78, ,7.9, ,42.7, ,35.4, ,39.2, ,98, ,93, ,97, ,38.5, ,3.4, ,80.8, ,45.5, 
6,Davis,Sacramento Valley,12/22/2022,356,0.00, ,0.00, ,49, ,8.6, ,45.5, ,39.9, ,42.5, ,99, ,86, ,93, ,40.6, ,3.2, ,75.8, ,46.0, 
6,Davis,Sacramento Valley,12/23/2022,357,0.03, ,0.00, ,159, ,9.2, ,54.4, ,38.3, ,45.0, ,98, ,71, ,90, ,42.3, ,2.9, ,70.1, ,47.0, 
6,Davis,Sacramento Valley,12/24/2022,358,0.04, ,0.00, ,189, ,9.2, ,58.2, ,34.4, ,44.6, ,99, ,71, ,91, ,42.3, ,2.2, ,52.8, ,46.8, 
6,Davis,Sacramento Valley,12/25/2022,359,0.00, ,0.00, ,60, ,9.0, ,44.5, ,38.9, ,42.1, ,99, ,97, ,99, ,41.9, ,3.3, ,78.8, ,46.9, 
6,Davis,Sacramento Valley,12/26/2022,360,0.00, ,0.37, ,34, ,9.5, ,47.9, ,41.1, ,43.5, ,99, ,95, ,98, ,43.1, ,4.4, ,105.7, ,47.3, 
6,Davis,Sacramento Valley,12/27/2022,361,0.00, ,0.75, ,44, ,11.5, ,55.1, ,42.4, ,50.5, ,96, ,82, ,92, ,48.3, ,8.7, ,208.4, ,48.9, 
6,Davis,Sacramento Valley,12/28/2022,362,0.04, ,0.00, ,208, ,9.0, ,52.2, ,34.9, ,43.9, ,99, ,78, ,93, ,41.9, ,3.0, ,73.1, ,47.9, 
6,Davis,Sacramento Valley,12/29/2022,363,0.00, ,0.54, ,35, ,10.9, ,50.7, ,44.3, ,48.1, ,99, ,89, ,96, ,46.9, ,4.9, ,117.8, ,48.5, 
6,Davis,Sacramento Valley,12/30/2022,364,0.00, ,0.13, ,32, ,14.2,Y,60.9, ,50.1, ,54.8, ,98, ,92, ,96,Y,53.8,Y,11.6,Y,278.6,Y,50.9, 
6,Davis,Sacramento Valley,12/31/2022,365,0.01, ,1.52, ,23, ,12.7, ,58.4, ,48.4, ,53.4, ,98, ,74, ,91, ,50.9, ,10.9,Y,262.4,Y,52.7, 
6,Davis,Sacramento Valley,1/1/2023,001,0.14, ,0.00, ,267,R,7.2, ,57.4, ,44.1, ,51.8, ,81, ,46, ,55, ,36.0, ,15.3,R,366.3,R,50.3, 
6,Davis,Sacramento Valley,1/2/2023,002,0.01, ,0.74, ,44, ,7.7, ,46.9, ,37.5, ,42.5, ,97, ,58, ,83, ,37.7, ,5.2, ,124.2, ,47.7, 
6,Davis,Sacramento Valley,1/3/2023,003,0.01, ,0.03, ,67, ,8.8, ,45.5, ,39.6, ,42.6, ,98, ,91, ,95, ,41.3, ,6.4, ,152.5, ,47.7, 
6,Davis,Sacramento Valley,1/4/2023,004,0.02, ,1.24, ,49, ,11.0, ,59.4, ,42.2, ,50.5, ,98, ,67, ,88, ,47.0, ,10.1, ,242.7, ,48.9, 
6,Davis,Sacramento Valley,1/5/2023,005,0.01, ,1.17, ,55, ,11.7, ,54.7, ,46.2, ,51.4, ,96, ,84, ,91, ,48.8, ,7.7, ,184.5, ,51.0, 
6,Davis,Sacramento Valley,1/6/2023,006,0.03, ,0.02, ,142, ,10.9, ,57.1, ,46.3, ,50.5, ,97, ,74, ,87, ,46.9, ,3.9, ,93.2, ,50.3, 
6,Davis,Sacramento Valley,1/7/2023,007,0.02, ,0.17, ,53, ,10.3, ,55.9, ,46.7, ,51.6, ,94, ,66, ,79, ,45.4, ,8.0, ,193.0, ,49.9, 
6,Davis,Sacramento Valley,1/8/2023,008,0.04, ,0.83, ,148, ,12.0, ,57.5, ,46.3, ,52.9, ,94, ,81, ,87, ,49.3, ,9.8, ,234.3, ,50.7, 
6,Davis,Sacramento Valley,1/9/2023,009,0.03, ,1.51, ,120, ,12.7, ,59.5, ,45.7, ,54.1, ,97, ,68, ,89, ,50.8, ,7.8, ,186.4, ,52.8, 
6,Davis,Sacramento Valley,1/10/2023,010,0.04, ,0.37, ,140, ,10.7, ,55.8, ,47.4, ,51.2, ,97, ,71, ,84, ,46.4, ,10.0, ,240.2, ,51.2, 
6,Davis,Sacramento Valley,1/11/2023,011,0.01, ,0.41, ,56, ,11.0, ,53.7, ,47.5, ,50.2, ,95, ,76, ,88, ,46.9, ,7.3, ,174.2, ,50.3, 
6,Davis,Sacramento Valley,1/12/2023,012,0.05, ,0.00, ,201, ,11.3, ,61.7, ,47.2, ,54.7, ,91, ,62, ,77, ,47.8, ,3.5, ,84.6, ,51.7, 
6,Davis,Sacramento Valley,1/13/2023,013,0.01, ,0.36, ,45, ,12.0, ,54.3, ,49.9, ,52.2, ,96, ,77, ,90, ,49.3, ,5.3, ,126.7, ,51.5, 
6,Davis,Sacramento Valley,1/14/2023,014,0.03, ,1.56, ,114, ,12.0, ,58.4, ,47.0, ,52.5, ,95, ,77, ,89, ,49.4, ,8.4, ,202.8, ,52.2, 
6,Davis,Sacramento Valley,1/15/2023,015,0.02, ,0.50, ,103, ,10.5, ,53.4, ,44.7, ,48.1, ,95, ,81, ,91, ,45.7, ,5.9, ,142.2, ,50.6, 
6,Davis,Sacramento Valley,1/16/2023,016,0.05, ,0.27, ,191, ,9.2, ,56.1, ,41.0, ,48.5, ,96, ,60, ,80, ,42.5, ,6.7, ,159.7, ,50.3, 
6,Davis,Sacramento Valley,1/17/2023,017,0.06, ,0.00, ,292,R,7.8, ,55.4, ,36.6, ,44.4, ,97, ,47, ,79, ,38.2, ,4.5, ,108.8, ,48.8, 
6,Davis,Sacramento Valley,1/18/2023,018,0.05, ,0.38, ,230, ,8.8, ,52.5, ,32.5, ,43.8, ,99, ,76, ,90, ,41.1, ,5.0, ,121.0, ,47.5, 
6,Davis,Sacramento Valley,1/19/2023,019,0.07, ,0.00, ,274, ,7.8, ,52.5, ,38.6, ,45.5, ,98, ,54, ,75, ,38.1, ,8.8, ,211.6, ,48.3, 
6,Davis,Sacramento Valley,1/20/2023,020,0.09, ,0.00, ,310,R,6.0, ,53.7, ,34.4, ,44.2, ,87, ,39, ,61, ,31.7, ,9.1, ,218.8, ,47.5, 
6,Davis,Sacramento Valley,1/21/2023,021,0.05, ,0.00, ,291, ,6.9, ,54.4, ,29.7, ,40.8, ,94, ,52, ,80, ,35.1, ,2.6, ,63.5, ,45.9, 
6,Davis,Sacramento Valley,1/22/2023,022,0.12, ,0.00, ,304,R,6.2, ,55.3, ,34.9, ,45.8, ,96, ,35, ,59, ,32.2, ,11.9,Y,285.2,Y,46.2, 
6,Davis,Sacramento Valley,1/23/2023,023,0.14, ,0.00, ,309,R,5.5, ,59.1, ,40.5, ,49.4, ,79, ,33, ,46, ,29.3, ,13.4,Y,320.8,Y,46.6, 
6,Davis,Sacramento Valley,1/24/2023,024,0.06, ,0.00, ,307,R,7.6, ,60.5, ,31.2, ,44.0, ,95, ,46, ,78, ,37.5, ,2.3, ,56.3, ,46.3, 
6,Davis,Sacramento Valley,1/25/2023,025,0.12, ,0.00, ,304, ,7.4, ,66.5, ,32.1, ,50.2, ,99, ,36, ,60, ,36.7, ,8.3, ,198.1, ,46.6, 
6,Davis,Sacramento Valley,1/26/2023,026,0.09, ,0.00,H,311,H,8.2,H,63.0, ,39.6, ,53.2,H,90,H,47,H,59, ,39.4, ,5.9,H,141.8,H,48.6,H
6,Davis,Sacramento Valley,1/27/2023,027,0.06, ,0.00, ,292, ,8.6, ,59.3, ,32.6, ,46.2, ,99, ,56, ,81, ,40.6, ,3.0, ,72.6, ,47.8, 
6,Davis,Sacramento Valley,1/28/2023,028,0.07, ,0.00, ,312, ,8.1, ,60.5, ,34.0, ,48.5, ,92, ,44, ,69, ,39.0, ,4.9, ,117.6, ,47.9, 
6,Davis,Sacramento Valley,1/29/2023,029,0.02, ,0.18, ,50, ,7.8, ,46.9, ,40.1, ,43.3, ,96, ,42, ,81, ,38.1, ,7.7, ,185.9, ,47.2, 
6,Davis,Sacramento Valley,1/30/2023,030,0.16, ,0.00, ,318, ,3.1,Y,52.7, ,36.3, ,43.8, ,42, ,24, ,32,Y,15.6,Y,15.3,R,368.1,R,45.9, 
6,Davis,Sacramento Valley,1/31/2023,031,0.10, ,0.00, ,317, ,4.0, ,54.6, ,36.2, ,44.9, ,77, ,27, ,39, ,21.8, ,6.7, ,160.6, ,45.8, 
6,Davis,Sacramento Valley,2/1/2023,032,0.06, ,0.00, ,276, ,6.3, ,55.0, ,30.5, ,41.6, ,92, ,46, ,71, ,32.8, ,2.9, ,70.4, ,45.0, 
6,Davis,Sacramento Valley,2/2/2023,033,0.05, ,0.00, ,210, ,7.0, ,54.9, ,34.3, ,43.5, ,86, ,51, ,72, ,35.3, ,3.9, ,93.8, ,45.0, 
6,Davis,Sacramento Valley,2/3/2023,034,0.02, ,0.19, ,121, ,9.8, ,55.8, ,38.8, ,48.2, ,92, ,72, ,86, ,44.1, ,2.8, ,68.1, ,47.0, 
6,Davis,Sacramento Valley,2/4/2023,035,0.02, ,0.22, ,129, ,10.6, ,55.2, ,38.7, ,48.4, ,98, ,80, ,92, ,46.2, ,5.9, ,142.2, ,47.6, 
6,Davis,Sacramento Valley,2/5/2023,036,0.06, ,0.04, ,247, ,9.3, ,57.3, ,40.0, ,49.6, ,93, ,60, ,77, ,42.7, ,6.1, ,145.7, ,48.9, 
6,Davis,Sacramento Valley,2/6/2023,037,0.11, ,0.00, ,334, ,7.3, ,59.7, ,39.2, ,49.6, ,88, ,41, ,61, ,36.6, ,9.2, ,219.6, ,47.8, 
6,Davis,Sacramento Valley,2/7/2023,038,0.06, ,0.00, ,301, ,8.5, ,59.0, ,34.7, ,46.9, ,97, ,57, ,78, ,40.2, ,2.4, ,58.5, ,48.1, 
6,Davis,Sacramento Valley,2/8/2023,039,0.08, ,0.00, ,337, ,8.4, ,62.6, ,33.8, ,47.1, ,97, ,47, ,76, ,39.9, ,2.6, ,61.7, ,47.8, 
6,Davis,Sacramento Valley,2/9/2023,040,0.08, ,0.00, ,342, ,9.4, ,63.6, ,34.8, ,48.9, ,98, ,54, ,80, ,42.9, ,2.5, ,59.5, ,48.4, 
6,Davis,Sacramento Valley,2/10/2023,041,0.09, ,0.00, ,328, ,8.2, ,63.4, ,34.2, ,47.5, ,98, ,43, ,73, ,39.3, ,5.2, ,124.7, ,48.8, 
6,Davis,Sacramento Valley,2/11/2023,042,0.08, ,0.02, ,297, ,8.5, ,57.7, ,40.6, ,47.4, ,95, ,52, ,76, ,40.3, ,6.3, ,151.6, ,48.8, 
6,Davis,Sacramento Valley,2/12/2023,043,0.17, ,0.00, ,352, ,6.8, ,71.0, ,39.5, ,56.6, ,91, ,24, ,43, ,34.6, ,10.0, ,240.4, ,48.6, 
6,Davis,Sacramento Valley,2/13/2023,044,0.10, ,0.00, ,360, ,8.3, ,66.5, ,37.1, ,52.4, ,95, ,29, ,62, ,39.6, ,5.3, ,127.3, ,49.7, 
6,Davis,Sacramento Valley,2/14/2023,045,0.12, ,0.00, ,303, ,4.6, ,54.6, ,41.3, ,47.1, ,53, ,31, ,41, ,24.8, ,10.3, ,247.0, ,49.2, 
6,Davis,Sacramento Valley,2/15/2023,046,0.13, ,0.00, ,376, ,4.4, ,58.0, ,34.3, ,45.9, ,71, ,24, ,42, ,24.0, ,9.5, ,227.5, ,47.9, 
6,Davis,Sacramento Valley,2/16/2023,047,0.06, ,0.00, ,291, ,5.8, ,56.3, ,29.0, ,42.0, ,91, ,35, ,64, ,30.6, ,2.9, ,69.9, ,45.8, 
6,Davis,Sacramento Valley,2/17/2023,048,0.11, ,0.00, ,360, ,5.5, ,62.0, ,37.7, ,47.2, ,76, ,25, ,50, ,29.4, ,6.2, ,148.1, ,46.7, 
6,Davis,Sacramento Valley,2/18/2023,049,0.08, ,0.00, ,331, ,6.1, ,58.8, ,29.1, ,43.8, ,91, ,36, ,62, ,31.8, ,2.8, ,66.5, ,45.9, 
6,Davis,Sacramento Valley,2/19/2023,050,0.10, ,0.00, ,347, ,6.7, ,63.8, ,31.5, ,48.1, ,83, ,37, ,58, ,34.1, ,3.3, ,79.1, ,46.5, 
6,Davis,Sacramento Valley,2/20/2023,051,0.08, ,0.00, ,325, ,8.3, ,68.9, ,36.6, ,51.2, ,88, ,38, ,64, ,39.6, ,2.0, ,47.8, ,48.2, 
6,Davis,Sacramento Valley,2/21/2023,052,0.13, ,0.00, ,338, ,7.3, ,65.4, ,39.6, ,49.9, ,86, ,29, ,60, ,36.6, ,8.7, ,207.8, ,48.5, 
6,Davis,Sacramento Valley,2/22/2023,053,0.11, ,0.00, ,383, ,5.0, ,54.4, ,31.4, ,43.0, ,73, ,34, ,53, ,27.1, ,6.3, ,150.9, ,47.2, 
6,Davis,Sacramento Valley,2/23/2023,054,0.08, ,0.07, ,297, ,6.2, ,49.5, ,32.5, ,41.4, ,83, ,54, ,70, ,32.3, ,9.8, ,236.0, ,44.8, 
6,Davis,Sacramento Valley,2/24/2023,055,0.04, ,0.88, ,170, ,7.7, ,48.3, ,38.4, ,41.9, ,94, ,72, ,85, ,37.9, ,10.9, ,261.5, ,43.4,Y
6,Davis,Sacramento Valley,2/25/2023,056,0.02, ,0.06, ,131, ,8.1, ,45.9,Y,39.4, ,42.0, ,96, ,79, ,89, ,38.9, ,5.1, ,122.6, ,45.2, 
6,Davis,Sacramento Valley,2/26/2023,057,0.02, ,0.22, ,107, ,9.1, ,49.8, ,38.3, ,44.4, ,95, ,80, ,91, ,42.1, ,8.0, ,192.2, ,45.8, 
6,Davis,Sacramento Valley,2/27/2023,058,0.03, ,0.43, ,143, ,7.4, ,49.1, ,35.8, ,41.2,Y,93, ,65, ,84,Y,36.9,Y,7.1, ,170.2, ,44.5,Y
6,Davis,Sacramento Valley,2/28/2023,059,0.02, ,0.42, ,119, ,8.1, ,51.4, ,37.0, ,43.1, ,93, ,72, ,86, ,39.2, ,8.4, ,202.5, ,44.6,Y
6,Davis,Sacramento Valley,3/1/2023,060,0.15, ,0.00, ,436, ,5.4, ,53.3, ,33.5, ,43.8, ,82, ,39, ,55, ,28.7, ,12.5,Y,300.3,Y,45.1,Y
6,Davis,Sacramento Valley,3/2/2023,061,0.11, ,0.00, ,431, ,6.6, ,59.5, ,36.4, ,47.2, ,81, ,40, ,59, ,33.7, ,5.8, ,139.4, ,46.6, 
6,Davis,Sacramento Valley,3/3/2023,062,0.10, ,0.00, ,401, ,8.1, ,60.9, ,34.2, ,47.4, ,97, ,45, ,73, ,39.1, ,5.3, ,126.2, ,48.0, 
6,Davis,Sacramento Valley,3/4/2023,063,0.07, ,0.12, ,247, ,7.8, ,52.8, ,41.0, ,46.0, ,86, ,55, ,73, ,38.0, ,10.0, ,239.0, ,47.2, 
6,Davis,Sacramento Valley,3/5/2023,064,0.09, ,0.30, ,368, ,7.3, ,54.4, ,39.2, ,44.9, ,92, ,49, ,72, ,36.5, ,7.2, ,173.7, ,47.0, 
6,Davis,Sacramento Valley,3/6/2023,065,0.07, ,0.06, ,286, ,7.8, ,52.2, ,37.1, ,43.8, ,92, ,62, ,80, ,38.2, ,5.6, ,134.4, ,47.0, 
6,Davis,Sacramento Valley,3/7/2023,066,0.08, ,0.05, ,333, ,7.8, ,54.2, ,37.3, ,45.5, ,95, ,55, ,75, ,38.2, ,6.7, ,161.5, ,47.5, 
6,Davis,Sacramento Valley,3/8/2023,067,0.11, ,0.11, ,444, ,7.7, ,55.6, ,39.9, ,47.4, ,91, ,45, ,69, ,37.7, ,5.5, ,132.9, ,48.3, 
6,Davis,Sacramento Valley,3/9/2023,068,0.01, ,1.01, ,95, ,9.0, ,49.9, ,36.4, ,44.5, ,95, ,80, ,90, ,41.8, ,7.0, ,169.2, ,47.1, 
6,Davis,Sacramento Valley,3/10/2023,069,0.08, ,0.35, ,314, ,10.4, ,60.8, ,48.6, ,53.0, ,95, ,46, ,76, ,45.6, ,7.9, ,188.8, ,50.3, 
6,Davis,Sacramento Valley,3/11/2023,070,0.02, ,0.23, ,136, ,11.3, ,53.0, ,45.0, ,49.6, ,97, ,88, ,93, ,47.7, ,3.7, ,88.0, ,50.7, 
6,Davis,Sacramento Valley,3/12/2023,071,0.02, ,0.26, ,122, ,13.7, ,58.6, ,51.4, ,55.0, ,97, ,87, ,93, ,52.9, ,6.5, ,157.0, ,52.2, 
6,Davis,Sacramento Valley,3/13/2023,072,0.07, ,0.01, ,254, ,14.0, ,66.2, ,53.6, ,58.1, ,95, ,71, ,85, ,53.5, ,6.5, ,155.0, ,54.1, 
6,Davis,Sacramento Valley,3/14/2023,073,0.04, ,1.11, ,143, ,13.0, ,63.2, ,43.7, ,54.4, ,96, ,76, ,90, ,51.5, ,10.7, ,257.1, ,54.4, 
6,Davis,Sacramento Valley,3/15/2023,074,0.15, ,0.00, ,501,R,8.4, ,62.8, ,38.3, ,50.5, ,98, ,40, ,67, ,39.9, ,7.0, ,168.2, ,52.8, 
6,Davis,Sacramento Valley,3/16/2023,075,0.14, ,0.00, ,512,R,8.3, ,64.6, ,39.4, ,52.3, ,94, ,43, ,62, ,39.7, ,4.4, ,105.2, ,52.9, 
6,Davis,Sacramento Valley,3/17/2023,076,0.13, ,0.00, ,475, ,9.3, ,67.5, ,39.8, ,52.7, ,95, ,40, ,69, ,42.7, ,3.8, ,91.1, ,53.0, 
6,Davis,Sacramento Valley,3/18/2023,077,0.08, ,0.00, ,314, ,10.4, ,62.5, ,41.8, ,53.5, ,92, ,59, ,75, ,45.6, ,3.8, ,90.4, ,52.7, 
6,Davis,Sacramento Valley,3/19/2023,078,0.03, ,0.44, ,146, ,12.5, ,56.2, ,50.2, ,53.1, ,96, ,82, ,90, ,50.4, ,7.3, ,174.6, ,53.2, 
6,Davis,Sacramento Valley,3/20/2023,079,0.14, ,0.00, ,513, ,9.5, ,58.3, ,44.0, ,51.1, ,93, ,52, ,75, ,43.3, ,7.0, ,169.2, ,53.0, 
6,Davis,Sacramento Valley,3/21/2023,080,0.01, ,1.78, ,66, ,10.3, ,53.7, ,46.7, ,48.6, ,97, ,69, ,88, ,45.2, ,6.9, ,164.4, ,51.1, 
6,Davis,Sacramento Valley,3/22/2023,081,0.04, ,0.11, ,181, ,10.7, ,55.9, ,46.4, ,50.3, ,97, ,70, ,86, ,46.3, ,5.4, ,130.5, ,50.8, 
6,Davis,Sacramento Valley,3/23/2023,082,0.13, ,0.00, ,480, ,9.2, ,62.7, ,40.4, ,51.0, ,98, ,47, ,72, ,42.3, ,5.5, ,131.4, ,52.7, 
6,Davis,Sacramento Valley,3/24/2023,083,0.14, ,0.00, ,529, ,6.7, ,59.3, ,36.2, ,48.7, ,85, ,36, ,57, ,34.2, ,4.3, ,102.8, ,53.0, 
6,Davis,Sacramento Valley,3/25/2023,084,0.17, ,0.00, ,556,R,6.2, ,59.3, ,39.4, ,49.0, ,74, ,32, ,52, ,32.2, ,7.8, ,187.1, ,52.6, 
6,Davis,Sacramento Valley,3/26/2023,085,0.16, ,0.00, ,568,R,5.2, ,58.7, ,36.2, ,46.5, ,78, ,20, ,48, ,28.1, ,6.0, ,143.3, ,51.3, 
6,Davis,Sacramento Valley,3/27/2023,086,0.15, ,0.00, ,533, ,6.3, ,61.8, ,30.3,Y,48.2, ,92, ,35, ,55, ,32.8, ,4.8, ,115.9, ,50.7, 
6,Davis,Sacramento Valley,3/28/2023,087,0.03, ,0.46, ,130, ,9.1, ,50.5,Y,41.8, ,46.7, ,94, ,73, ,83, ,42.0, ,6.5, ,156.8, ,50.3, 
6,Davis,Sacramento Valley,3/29/2023,088,0.02, ,0.99, ,113, ,9.3, ,52.0,Y,42.7, ,44.7,Y,97, ,78, ,92,Y,42.5,Y,5.8, ,138.6, ,49.0,Y
6,Davis,Sacramento Valley,3/30/2023,089,0.12, ,0.00, ,491, ,9.2, ,59.1, ,38.0, ,49.0, ,98, ,60, ,77, ,42.2, ,5.0, ,120.3, ,51.3, 
6,Davis,Sacramento Valley,3/31/2023,090,0.14, ,0.00, ,526, ,8.6, ,60.6, ,39.4, ,49.8, ,92, ,46, ,71, ,40.7, ,4.9, ,116.6, ,52.0, 
6,Davis,Sacramento Valley,4/1/2023,091,0.15, ,0.00, ,545, ,9.7, ,66.0, ,38.3, ,52.7, ,90, ,56, ,72, ,43.8, ,4.7, ,113.8, ,52.9, 
6,Davis,Sacramento Valley,4/2/2023,092,0.16, ,0.00, ,550, ,9.1, ,64.1, ,43.8, ,53.0, ,93, ,44, ,66, ,42.0, ,7.4, ,177.1, ,54.5, 
6,Davis,Sacramento Valley,4/3/2023,093,0.17, ,0.00, ,590,R,5.7, ,57.9, ,35.9, ,47.5, ,77, ,32, ,51, ,30.3, ,7.0, ,167.8, ,53.2, 
6,Davis,Sacramento Valley,4/4/2023,094,0.16, ,0.00, ,578, ,6.0, ,59.8, ,34.5, ,47.5, ,91, ,27, ,54, ,31.7, ,5.6, ,133.3, ,51.8, 
6,Davis,Sacramento Valley,4/5/2023,095,0.14, ,0.00, ,551, ,7.8, ,62.4, ,35.9, ,49.4, ,96, ,38, ,65, ,38.1, ,3.4, ,82.0, ,52.7, 
6,Davis,Sacramento Valley,4/6/2023,096,0.14, ,0.00, ,471, ,9.4, ,64.1, ,40.0, ,52.8, ,94, ,46, ,69, ,43.0, ,4.8, ,114.2, ,53.1, 
6,Davis,Sacramento Valley,4/7/2023,097,0.05, ,0.17, ,210, ,11.8, ,60.7, ,48.6, ,53.6, ,95, ,75, ,84, ,48.9, ,6.2, ,149.5, ,53.6, 
6,Davis,Sacramento Valley,4/8/2023,098,0.14, ,0.00, ,510, ,9.8, ,69.4, ,44.1, ,55.6, ,94, ,35, ,65, ,44.0, ,3.0, ,72.6, ,55.2, 
6,Davis,Sacramento Valley,4/9/2023,099,0.18, ,0.00, ,575, ,11.6, ,76.4, ,45.5, ,60.4, ,92, ,40, ,65, ,48.5, ,3.7, ,88.6, ,56.4, 
6,Davis,Sacramento Valley,4/10/2023,100,0.19, ,0.00, ,576, ,13.2, ,78.5, ,47.9, ,62.8, ,97, ,43, ,68, ,52.0, ,4.7, ,113.5, ,57.9, 
6,Davis,Sacramento Valley,4/11/2023,101,0.19, ,0.00, ,582, ,12.1, ,74.7, ,47.8, ,61.3, ,93, ,34, ,65, ,49.5, ,6.1, ,147.1, ,58.9, 
6,Davis,Sacramento Valley,4/12/2023,102,0.18, ,0.00, ,579, ,8.5, ,65.3, ,41.2, ,53.7, ,89, ,32, ,60, ,40.2, ,5.8, ,139.0, ,57.3, 
6,Davis,Sacramento Valley,4/13/2023,103,0.26, ,0.00, ,612, ,5.2, ,68.2, ,47.4, ,56.3, ,77, ,16, ,33, ,27.9, ,12.1,Y,289.3,Y,56.2, 
6,Davis,Sacramento Valley,4/14/2023,104,0.17, ,0.00, ,599, ,9.1, ,68.6, ,39.2, ,53.8, ,89, ,37, ,64, ,42.1, ,3.9, ,92.6, ,55.7, 
6,Davis,Sacramento Valley,4/15/2023,105,0.18, ,0.00, ,610, ,9.4, ,71.0, ,41.2, ,55.4, ,94, ,29, ,63, ,43.0, ,4.4, ,106.5, ,56.3, 
6,Davis,Sacramento Valley,4/16/2023,106,0.19, ,0.00, ,608, ,9.6, ,69.4, ,42.6, ,55.5, ,86, ,43, ,64, ,43.5, ,6.6, ,157.7, ,56.3, 
6,Davis,Sacramento Valley,4/17/2023,107,0.14, ,0.00, ,432, ,9.3, ,64.1, ,43.7, ,54.2, ,91, ,40, ,65, ,42.6, ,6.8, ,163.0, ,55.3, 
6,Davis,Sacramento Valley,4/18/2023,108,0.17, ,0.00, ,583, ,6.4, ,63.4, ,41.1, ,52.1, ,80, ,22, ,48, ,33.1, ,5.1, ,122.5, ,55.4, 
6,Davis,Sacramento Valley,4/19/2023,109,0.18, ,0.00, ,617, ,7.1, ,64.7, ,38.4, ,52.1, ,85, ,29, ,53, ,35.8, ,3.8, ,91.6, ,54.5, 
6,Davis,Sacramento Valley,4/20/2023,110,0.21, ,0.00, ,613, ,7.8, ,72.6, ,41.5, ,58.1, ,78, ,27, ,47, ,38.3, ,5.2, ,123.8, ,54.9, 
6,Davis,Sacramento Valley,4/21/2023,111,0.26, ,0.00, ,580, ,10.6, ,83.5, ,52.4, ,68.1, ,68, ,29, ,45, ,46.2, ,8.0, ,191.7, ,56.1, 
6,Davis,Sacramento Valley,4/22/2023,112,0.27, ,0.00, ,603, ,11.7, ,83.9, ,57.2, ,71.2, ,78, ,27, ,45, ,48.7, ,8.4, ,201.9, ,57.7, 
6,Davis,Sacramento Valley,4/23/2023,113,0.21, ,0.00, ,615, ,13.1, ,81.8, ,49.9, ,64.7, ,89, ,35, ,63, ,51.7, ,4.4, ,106.6, ,59.3, 
6,Davis,Sacramento Valley,4/24/2023,114,0.21, ,0.00, ,629, ,11.6, ,80.6, ,47.9, ,63.4, ,87, ,29, ,58, ,48.4, ,3.3, ,80.3, ,59.7, 
6,Davis,Sacramento Valley,4/25/2023,115,0.29, ,0.00, ,648, ,8.6, ,85.4, ,49.4, ,67.8, ,83, ,17, ,37, ,40.7, ,7.9, ,189.2, ,58.3, 
6,Davis,Sacramento Valley,4/26/2023,116,0.23, ,0.00, ,642, ,10.4, ,87.7, ,49.5, ,68.8, ,77, ,18, ,43, ,45.6, ,3.3, ,78.1, ,59.1, 
6,Davis,Sacramento Valley,4/27/2023,117,0.23, ,0.00, ,626, ,13.1, ,91.0, ,52.6, ,71.3, ,83, ,23, ,50, ,51.7, ,3.2, ,77.6, ,60.8, 
6,Davis,Sacramento Valley,4/28/2023,118,0.23, ,0.00, ,627, ,13.6, ,88.8, ,53.3, ,70.5, ,84, ,28, ,53, ,52.7, ,3.6, ,86.0, ,63.1, 
6,Davis,Sacramento Valley,4/29/2023,119,0.22, ,0.00, ,624, ,13.0, ,86.6, ,50.3, ,67.1, ,88, ,34, ,57, ,51.6, ,3.8, ,92.1, ,63.6, 
6,Davis,Sacramento Valley,4/30/2023,120,0.23, ,0.00, ,640, ,11.3, ,76.7, ,47.8, ,60.5, ,82, ,43, ,63, ,47.7, ,7.5, ,181.1, ,61.7, 
6,Davis,Sacramento Valley,5/1/2023,121,0.05, ,0.06, ,195, ,10.2, ,57.9,Y,45.5, ,51.8, ,93, ,63, ,78, ,45.1, ,6.1, ,145.8, ,56.4, 
6,Davis,Sacramento Valley,5/2/2023,122,0.11, ,0.16, ,405, ,10.6, ,60.8, ,46.2, ,52.1, ,93, ,58, ,80, ,46.1, ,5.5, ,131.7, ,55.8, 
6,Davis,Sacramento Valley,5/3/2023,123,0.11, ,0.00, ,396, ,10.2, ,61.7, ,46.0, ,54.6, ,98, ,51, ,70, ,45.1, ,3.6, ,85.8, ,57.4, 
6,Davis,Sacramento Valley,5/4/2023,124,0.05, ,0.00, ,202, ,10.8, ,61.1, ,47.4, ,54.7, ,94, ,60, ,74, ,46.6, ,4.3, ,104.3, ,57.3, 
6,Davis,Sacramento Valley,5/5/2023,125,0.14, ,0.04, ,433, ,10.7, ,64.2, ,45.4, ,54.8, ,96, ,49, ,73, ,46.3, ,6.5, ,155.4, ,57.1, 
6,Davis,Sacramento Valley,5/6/2023,126,0.12, ,0.22, ,418, ,11.9, ,64.6, ,46.8, ,55.4, ,97, ,57, ,79, ,49.1, ,6.4, ,154.2, ,58.0, 
6,Davis,Sacramento Valley,5/7/2023,127,0.21, ,0.00, ,657, ,9.5, ,67.7, ,42.9, ,55.4, ,98, ,38, ,63, ,43.2, ,5.6, ,135.3, ,57.6, 
6,Davis,Sacramento Valley,5/8/2023,128,0.15, ,0.00, ,474, ,10.2, ,67.3, ,46.0, ,56.0, ,90, ,45, ,67, ,45.1, ,5.8, ,140.2, ,57.2, 
6,Davis,Sacramento Valley,5/9/2023,129,0.20, ,0.00, ,623, ,10.8, ,72.7, ,46.1, ,58.9, ,94, ,35, ,64, ,46.7, ,4.5, ,108.0, ,59.0, 
6,Davis,Sacramento Valley,5/10/2023,130,0.22, ,0.00, ,664, ,11.1, ,69.7, ,46.4, ,58.0, ,94, ,50, ,68, ,47.4, ,6.2, ,149.5, ,59.1, 
6,Davis,Sacramento Valley,5/11/2023,131,0.21, ,0.00, ,659, ,12.1, ,77.4, ,43.7, ,60.3, ,97, ,36, ,68, ,49.5, ,3.6, ,87.2, ,60.0, 
6,Davis,Sacramento Valley,5/12/2023,132,0.23, ,0.00, ,661, ,13.8, ,87.6, ,49.8, ,67.5, ,97, ,28, ,60, ,53.1, ,3.8, ,90.9, ,61.9, 
6,Davis,Sacramento Valley,5/13/2023,133,0.25, ,0.00, ,668, ,14.7, ,93.4, ,52.4, ,73.4, ,97, ,22, ,52, ,54.9, ,3.3, ,79.6, ,64.2, 
6,Davis,Sacramento Valley,5/14/2023,134,0.25, ,0.00, ,660, ,14.9, ,87.3, ,58.6, ,71.6, ,86, ,31, ,56, ,55.3, ,5.0, ,120.4, ,65.2, 
6,Davis,Sacramento Valley,5/15/2023,135,0.25, ,0.00, ,670, ,13.6, ,85.2, ,52.5, ,68.8, ,92, ,28, ,56, ,52.7, ,4.9, ,116.9, ,64.7, 
6,Davis,Sacramento Valley,5/16/2023,136,0.25, ,0.00, ,678, ,14.0, ,92.2, ,50.9, ,72.1, ,96, ,24, ,52, ,53.6, ,3.6, ,85.4, ,65.3, 
6,Davis,Sacramento Valley,5/17/2023,137,0.25, ,0.00, ,676, ,14.4, ,89.5, ,53.8, ,70.2, ,95, ,30, ,57, ,54.4, ,3.9, ,93.2, ,66.1, 
6,Davis,Sacramento Valley,5/18/2023,138,0.23, ,0.00, ,671, ,14.8, ,86.1, ,50.8, ,67.6, ,96, ,38, ,64, ,55.0, ,3.6, ,87.4, ,65.9, 
6,Davis,Sacramento Valley,5/19/2023,139,0.24, ,0.00, ,677, ,15.1, ,85.0, ,52.5, ,68.0, ,97, ,44, ,65, ,55.6, ,4.2, ,100.6, ,66.0, 
6,Davis,Sacramento Valley,5/20/2023,140,0.23, ,0.00, ,680, ,14.3, ,80.8, ,50.9, ,64.6, ,97, ,48, ,69, ,54.1, ,5.0, ,120.3, ,65.1, 
6,Davis,Sacramento Valley,5/21/2023,141,0.22, ,0.00, ,645, ,15.0, ,87.2, ,49.8, ,67.3, ,96, ,37, ,66, ,55.4, ,3.5, ,83.4, ,65.2, 
6,Davis,Sacramento Valley,5/22/2023,142,0.25, ,0.00, ,672, ,14.9, ,90.2, ,51.8, ,70.6, ,95, ,29, ,58, ,55.3, ,4.2, ,102.0, ,66.3, 
6,Davis,Sacramento Valley,5/23/2023,143,0.23, ,0.00, ,649, ,13.5, ,75.3, ,53.6, ,63.7, ,88, ,51, ,67, ,52.5, ,7.1, ,171.1, ,64.8, 
6,Davis,Sacramento Valley,5/24/2023,144,0.23, ,0.01, ,674, ,12.4, ,73.1, ,51.4, ,61.3, ,86, ,49, ,67, ,50.2, ,7.2, ,173.5, ,62.4, 
6,Davis,Sacramento Valley,5/25/2023,145,0.23, ,0.00, ,672, ,12.8, ,73.3, ,49.6, ,61.3, ,94, ,51, ,69, ,51.2, ,6.7, ,160.2, ,62.0, 
6,Davis,Sacramento Valley,5/26/2023,146,0.22, ,0.00, ,669, ,13.1, ,75.6, ,51.8, ,62.3, ,90, ,49, ,68, ,51.8, ,5.8, ,139.7, ,62.1, 
6,Davis,Sacramento Valley,5/27/2023,147,0.23, ,0.00, ,676, ,13.9, ,77.2, ,51.4, ,63.0, ,93, ,52, ,71, ,53.3, ,5.5, ,131.3, ,62.7, 
6,Davis,Sacramento Valley,5/28/2023,148,0.17, ,0.00, ,491, ,14.1, ,78.0, ,55.1, ,62.8, ,93, ,52, ,72, ,53.8, ,4.8, ,114.5, ,63.4, 
6,Davis,Sacramento Valley,5/29/2023,149,0.24, ,0.00, ,675, ,13.1, ,78.0, ,51.4, ,63.4, ,94, ,48, ,66, ,51.7, ,6.1, ,145.7, ,63.0, 
6,Davis,Sacramento Valley,5/30/2023,150,0.24, ,0.00, ,674, ,12.5, ,76.2, ,51.0, ,63.4, ,86, ,49, ,62, ,50.4, ,6.2, ,149.4, ,62.6, 
6,Davis,Sacramento Valley,5/31/2023,151,0.23, ,0.00, ,684, ,13.5, ,77.4, ,51.5, ,63.0, ,93, ,48, ,69, ,52.6, ,5.4, ,129.9, ,63.1, 
6,Davis,Sacramento Valley,6/1/2023,152,0.23, ,0.00, ,695, ,13.4, ,79.6, ,48.9, ,64.1, ,95, ,40, ,65, ,52.3, ,4.7, ,112.5, ,63.2, 
6,Davis,Sacramento Valley,6/2/2023,153,0.24, ,0.00, ,694, ,13.6, ,86.4, ,49.8, ,67.5, ,94, ,34, ,59, ,52.8, ,3.7, ,89.7, ,64.4, 
6,Davis,Sacramento Valley,6/3/2023,154,0.26, ,0.00, ,692, ,14.3, ,90.6, ,52.1, ,71.7, ,97, ,29, ,54, ,54.2, ,3.6, ,86.2, ,65.2, 
6,Davis,Sacramento Valley,6/4/2023,155,0.27, ,0.00, ,682, ,14.8, ,92.5, ,54.1, ,73.4, ,95, ,25, ,53, ,55.0, ,4.0, ,96.0, ,65.8, 
6,Davis,Sacramento Valley,6/5/2023,156,0.24, ,0.00, ,607, ,14.9, ,83.6, ,55.4, ,68.0, ,89, ,46, ,64, ,55.3, ,5.7, ,137.8, ,65.7, 
6,Davis,Sacramento Valley,6/6/2023,157,0.15, ,0.00, ,404, ,13.7, ,74.0, ,56.5, ,64.0, ,82, ,53, ,67, ,53.0, ,6.7, ,160.6, ,64.3, 
6,Davis,Sacramento Valley,6/7/2023,158,0.23, ,0.00, ,636, ,14.0, ,76.7, ,55.4, ,65.7, ,86, ,51, ,65, ,53.6, ,6.3, ,151.2, ,64.2, 
6,Davis,Sacramento Valley,6/8/2023,159,0.24, ,0.00, ,664, ,13.8, ,80.1, ,53.5, ,66.3, ,95, ,44, ,62, ,53.1, ,5.2, ,125.3, ,64.6, 
6,Davis,Sacramento Valley,6/9/2023,160,0.24, ,0.00, ,669, ,12.9, ,80.7, ,52.9, ,65.1, ,88, ,38, ,61, ,51.2, ,5.7, ,137.3, ,63.6, 
6,Davis,Sacramento Valley,6/10/2023,161,0.20, ,0.00, ,558, ,13.4, ,80.7, ,49.2, ,64.2, ,94, ,41, ,65, ,52.4, ,4.5, ,108.0, ,63.7, 
6,Davis,Sacramento Valley,6/11/2023,162,0.23, ,0.00, ,615, ,14.3, ,81.8, ,52.6, ,65.6, ,93, ,46, ,67, ,54.2, ,6.1, ,146.1, ,64.0, 
6,Davis,Sacramento Valley,6/12/2023,163,0.19, ,0.00, ,517, ,14.1, ,78.4, ,58.1, ,65.9, ,77, ,49, ,65, ,53.7, ,6.0, ,144.2, ,63.8, 
6,Davis,Sacramento Valley,6/13/2023,164,0.24, ,0.00, ,681, ,15.0, ,80.7, ,54.9, ,67.7, ,90, ,49, ,65, ,55.4, ,5.5, ,132.6, ,64.5, 
6,Davis,Sacramento Valley,6/14/2023,165,0.23, ,0.00, ,647, ,15.6, ,85.0, ,54.2, ,68.6, ,92, ,44, ,65, ,56.4, ,4.5, ,107.6, ,65.5, 
6,Davis,Sacramento Valley,6/15/2023,166,0.27, ,0.00, ,686, ,14.0, ,91.4, ,55.0, ,71.8, ,93, ,17, ,53, ,53.6, ,4.1, ,98.4, ,66.0, 
6,Davis,Sacramento Valley,6/16/2023,167,0.28, ,0.00, ,709, ,15.0, ,89.8, ,53.6, ,72.2, ,94, ,34, ,55, ,55.4, ,5.3, ,126.1, ,66.6, 
6,Davis,Sacramento Valley,6/17/2023,168,0.26, ,0.00, ,671, ,15.4, ,85.3, ,54.7, ,69.6, ,92, ,43, ,63, ,56.2, ,6.2, ,149.3, ,65.9, 
6,Davis,Sacramento Valley,6/18/2023,169,0.29, ,0.00, ,695, ,13.4, ,85.0, ,55.7, ,68.5, ,91, ,36, ,56, ,52.3, ,7.3, ,175.6, ,65.6, 
6,Davis,Sacramento Valley,6/19/2023,170,0.26, ,0.00, ,700, ,9.7, ,76.0, ,49.6, ,63.2, ,73, ,32, ,49, ,43.8, ,7.3, ,174.7, ,62.9, 
6,Davis,Sacramento Valley,6/20/2023,171,0.26, ,0.00, ,716, ,9.0, ,78.1, ,46.3, ,64.2, ,83, ,26, ,44, ,41.9, ,5.2, ,123.8, ,62.7, 
6,Davis,Sacramento Valley,6/21/2023,172,0.27, ,0.00, ,716, ,10.3, ,83.2, ,46.4, ,66.9, ,92, ,24, ,46, ,45.4, ,5.0, ,120.4, ,62.6, 
6,Davis,Sacramento Valley,6/22/2023,173,0.23, ,0.00, ,617, ,12.3, ,78.4, ,50.3, ,63.1, ,89, ,40, ,62, ,50.0, ,6.9, ,164.8, ,62.3,Y
6,Davis,Sacramento Valley,6/23/2023,174,0.25, ,0.00, ,695, ,12.6, ,78.6, ,52.7, ,64.3, ,83, ,41, ,61, ,50.7, ,6.5, ,156.7, ,62.2,Y
6,Davis,Sacramento Valley,6/24/2023,175,0.25, ,0.00, ,669, ,13.2, ,82.5, ,52.1, ,65.0, ,93, ,36, ,62, ,51.8, ,5.9, ,141.0, ,63.0, 
6,Davis,Sacramento Valley,6/25/2023,176,0.24, ,0.00, ,702, ,13.5, ,78.0, ,52.9, ,63.8, ,91, ,46, ,67, ,52.6, ,6.1, ,147.3, ,63.2, 
6,Davis,Sacramento Valley,6/26/2023,177,0.25, ,0.00, ,687, ,13.6, ,83.8, ,50.7, ,65.9, ,96, ,33, ,63, ,52.8, ,5.2, ,124.1, ,63.5, 
6,Davis,Sacramento Valley,6/27/2023,178,0.24, ,0.00, ,687, ,14.6, ,84.3, ,52.7, ,67.1, ,96, ,39, ,64, ,54.7, ,4.4, ,105.7, ,64.5, 
6,Davis,Sacramento Valley,6/28/2023,179,0.26, ,0.00, ,683, ,15.2, ,86.6, ,53.3, ,68.7, ,94, ,42, ,64, ,55.8, ,4.7, ,113.7, ,65.6, 
6,Davis,Sacramento Valley,6/29/2023,180,0.27, ,0.00, ,690, ,17.1, ,94.3, ,53.1, ,74.5, ,93, ,36, ,59, ,59.0, ,4.1, ,97.3, ,67.1, 
6,Davis,Sacramento Valley,6/30/2023,181,0.28, ,0.00, ,686, ,17.1, ,100.1, ,57.1, ,79.7, ,90, ,27, ,49, ,59.1, ,3.3, ,79.5, ,69.5, 
6,Davis,Sacramento Valley,7/1/2023,182,0.30, ,0.00, ,693, ,17.3, ,104.4, ,59.6, ,84.1, ,93, ,23, ,43, ,59.3, ,3.4, ,82.0, ,71.5, 
6,Davis,Sacramento Valley,7/2/2023,183,0.30, ,0.00, ,694, ,16.0, ,104.6, ,59.3, ,84.0, ,88, ,20, ,40, ,57.3, ,3.7, ,89.7, ,72.4, 
6,Davis,Sacramento Valley,7/3/2023,184,0.30, ,0.00, ,692, ,15.1, ,95.5, ,58.8, ,75.9, ,85, ,29, ,49, ,55.5, ,5.4, ,129.3, ,71.4, 
6,Davis,Sacramento Valley,7/4/2023,185,0.26, ,0.00, ,694, ,14.5, ,87.7, ,53.2, ,69.6, ,94, ,38, ,59, ,54.5, ,4.8, ,114.9, ,69.6, 
6,Davis,Sacramento Valley,7/5/2023,186,0.26, ,0.00, ,689, ,14.6, ,84.7, ,53.6, ,67.9, ,91, ,44, ,63, ,54.7, ,5.7, ,137.2, ,68.6, 
6,Davis,Sacramento Valley,7/6/2023,187,0.25, ,0.00, ,699, ,14.7, ,82.7, ,51.5, ,66.4, ,94, ,45, ,66, ,54.9, ,5.5, ,131.2, ,67.9, 
6,Davis,Sacramento Valley,7/7/2023,188,0.25, ,0.00, ,684, ,14.7, ,82.4, ,54.3, ,67.0, ,94, ,45, ,65, ,54.9, ,5.9, ,142.2, ,68.1, 
6,Davis,Sacramento Valley,7/8/2023,189,0.26, ,0.00, ,696, ,13.7, ,83.3, ,51.4, ,66.2, ,93, ,42, ,62, ,52.9, ,5.8, ,138.8, ,67.8, 
6,Davis,Sacramento Valley,7/9/2023,190,0.24, ,0.00, ,707, ,13.3, ,78.0, ,50.9, ,63.7, ,92, ,46, ,66, ,52.2, ,6.4, ,153.6, ,66.5,Y
6,Davis,Sacramento Valley,7/10/2023,191,0.25, ,0.00, ,706, ,14.4, ,88.1, ,49.9, ,69.2, ,95, ,30, ,59, ,54.2, ,3.9, ,92.5, ,67.5, 
6,Davis,Sacramento Valley,7/11/2023,192,0.27, ,0.00, ,702, ,14.5, ,94.3, ,54.4, ,74.9, ,95, ,19, ,49, ,54.6, ,3.4, ,81.5, ,69.1, 
6,Davis,Sacramento Valley,7/12/2023,193,0.27, ,0.00, ,704, ,14.9, ,90.7, ,55.7, ,72.1, ,87, ,27, ,55, ,55.2, ,4.9, ,117.1, ,68.4, 
6,Davis,Sacramento Valley,7/13/2023,194,0.26, ,0.00, ,676, ,16.5, ,93.7, ,55.0, ,74.1, ,95, ,32, ,57, ,58.0, ,3.8, ,91.8, ,69.2, 
6,Davis,Sacramento Valley,7/14/2023,195,0.28, ,0.00, ,687, ,17.1, ,100.0, ,57.2, ,78.6, ,94, ,25, ,51, ,59.0, ,3.5, ,85.0, ,70.7, 
6,Davis,Sacramento Valley,7/15/2023,196,0.28, ,0.00, ,690, ,18.3, ,102.8, ,57.8, ,81.4, ,93, ,24, ,50, ,61.0, ,3.4, ,81.5, ,72.1, 
6,Davis,Sacramento Valley,7/16/2023,197,0.29, ,0.00, ,651, ,18.7,Y,103.4, ,62.4, ,83.6, ,92, ,25, ,48,Y,61.6,Y,4.1, ,99.3, ,73.2, 
6,Davis,Sacramento Valley,7/17/2023,198,0.29, ,0.00, ,628, ,17.0, ,96.9, ,64.7, ,80.6, ,75, ,29, ,48, ,59.0, ,6.1, ,145.5, ,72.7, 
6,Davis,Sacramento Valley,7/18/2023,199,0.27, ,0.00, ,677, ,15.8, ,89.6, ,58.7, ,74.6, ,86, ,34, ,54, ,56.9, ,5.8, ,138.6, ,71.1, 
6,Davis,Sacramento Valley,7/19/2023,200,0.25, ,0.00, ,677, ,16.4, ,91.0, ,54.7, ,72.0, ,94, ,32, ,61, ,58.0, ,4.2, ,101.3, ,70.1, 
6,Davis,Sacramento Valley,7/20/2023,201,0.27, ,0.00, ,677, ,15.8, ,97.7, ,52.7, ,76.4, ,95, ,24, ,51, ,56.9, ,3.6, ,86.7, ,70.1, 
6,Davis,Sacramento Valley,7/21/2023,202,0.28, ,0.00, ,669, ,18.2, ,101.5, ,60.5, ,81.4, ,91, ,30, ,50, ,60.7, ,4.0, ,96.9, ,72.2, 
6,Davis,Sacramento Valley,7/22/2023,203,0.28, ,0.00, ,661, ,17.6, ,103.1, ,59.0, ,82.1, ,90, ,24, ,47, ,59.9, ,3.7, ,87.9, ,72.5, 
6,Davis,Sacramento Valley,7/23/2023,204,0.28, ,0.00, ,643, ,17.0, ,96.6, ,61.4, ,78.0, ,88, ,32, ,52, ,59.0, ,5.8, ,138.1, ,72.4, 
6,Davis,Sacramento Valley,7/24/2023,205,0.25, ,0.00, ,646, ,15.0, ,91.5, ,56.1, ,72.6, ,89, ,33, ,55, ,55.5, ,5.3, ,126.2, ,70.3, 
6,Davis,Sacramento Valley,7/25/2023,206,0.26, ,0.00, ,674, ,15.6, ,94.3, ,55.4, ,74.9, ,95, ,26, ,53, ,56.5, ,3.9, ,94.4, ,70.3, 
6,Davis,Sacramento Valley,7/26/2023,207,0.27, ,0.00, ,667, ,16.3, ,91.5, ,58.1, ,73.7, ,93, ,30, ,58, ,57.8, ,5.7, ,137.0, ,70.6, 
6,Davis,Sacramento Valley,7/27/2023,208,0.25, ,0.00, ,660, ,15.7, ,86.7, ,57.1, ,70.4, ,87, ,41, ,62, ,56.7, ,5.6, ,135.2, ,70.4, 
6,Davis,Sacramento Valley,7/28/2023,209,0.26, ,0.00, ,660, ,14.1, ,92.2, ,54.3, ,72.3, ,93, ,28, ,52, ,53.8, ,4.8, ,116.2, ,69.4, 
6,Davis,Sacramento Valley,7/29/2023,210,0.26, ,0.00, ,663, ,13.2, ,94.6, ,53.7, ,72.9, ,94, ,22, ,48, ,51.9, ,4.6, ,109.3, ,69.1, 
6,Davis,Sacramento Valley,7/30/2023,211,0.28, ,0.00, ,671, ,13.0, ,95.1, ,54.1, ,73.4, ,92, ,18, ,46, ,51.6, ,5.0, ,120.9, ,68.7, 
6,Davis,Sacramento Valley,7/31/2023,212,0.26, ,0.00, ,657, ,14.1, ,92.3, ,54.3, ,73.1, ,94, ,20, ,51, ,53.6, ,4.6, ,111.1, ,68.8, 
6,Davis,Sacramento Valley,8/1/2023,213,0.24, ,0.00, ,637, ,15.2, ,87.6, ,54.4, ,70.4, ,93, ,36, ,60, ,55.8, ,5.5, ,132.2, ,68.8, 
6,Davis,Sacramento Valley,8/2/2023,214,0.24, ,0.00, ,647, ,14.9, ,83.9, ,54.2, ,68.0, ,94, ,41, ,64, ,55.3, ,5.7, ,137.1, ,68.1, 
6,Davis,Sacramento Valley,8/3/2023,215,0.23, ,0.00, ,647, ,15.2, ,82.9, ,53.4, ,67.4, ,93, ,45, ,66, ,55.8, ,5.1, ,121.6, ,67.8, 
6,Davis,Sacramento Valley,8/4/2023,216,0.24, ,0.00, ,628, ,16.4, ,93.3, ,55.7, ,72.6, ,97, ,34, ,60, ,58.0, ,4.2, ,100.6, ,69.3, 
6,Davis,Sacramento Valley,8/5/2023,217,0.26, ,0.00, ,625, ,17.5, ,96.5, ,56.6, ,77.1, ,94, ,33, ,55, ,59.7, ,4.2, ,101.7, ,70.4, 
6,Davis,Sacramento Valley,8/6/2023,218,0.32,R,0.00, ,634, ,15.4, ,101.0, ,62.2, ,83.5,Y,91, ,16, ,39,Y,56.2,Y,6.2, ,149.8, ,72.0, 
6,Davis,Sacramento Valley,8/7/2023,219,0.29, ,0.00, ,628, ,16.2, ,100.9, ,61.0, ,80.6, ,88, ,22, ,45, ,57.6, ,6.2, ,149.8, ,72.1, 
6,Davis,Sacramento Valley,8/8/2023,220,0.27, ,0.00, ,637, ,14.7, ,87.0, ,58.8, ,70.9, ,85, ,30, ,57, ,55.0, ,8.5,Y,205.0,Y,69.5, 
6,Davis,Sacramento Valley,8/9/2023,221,0.24, ,0.00, ,626, ,15.7, ,86.5, ,56.9, ,70.8, ,91, ,35, ,61, ,56.8, ,5.9, ,140.6, ,69.2, 
6,Davis,Sacramento Valley,8/10/2023,222,0.23, ,0.00, ,623, ,16.3, ,87.6, ,54.9, ,70.5, ,95, ,36, ,64, ,57.7, ,5.0, ,120.5, ,69.5, 
6,Davis,Sacramento Valley,8/11/2023,223,0.22, ,0.00, ,608, ,16.5, ,87.0, ,58.0, ,70.8, ,93, ,35, ,64, ,58.1, ,4.5, ,107.4, ,69.7, 
6,Davis,Sacramento Valley,8/12/2023,224,0.24, ,0.00, ,597, ,16.3, ,93.6, ,57.2, ,75.0, ,94, ,28, ,55, ,57.7, ,4.0, ,96.5, ,70.5, 
6,Davis,Sacramento Valley,8/13/2023,225,0.25, ,0.00, ,578, ,16.7, ,96.7, ,59.6, ,78.9, ,92, ,30, ,50, ,58.4, ,4.7, ,112.5, ,71.4, 
6,Davis,Sacramento Valley,8/14/2023,226,0.22, ,0.00, ,507, ,19.0,Y,98.4, ,64.2, ,83.1,Y,82, ,30, ,49,Y,62.1,Y,3.8, ,90.8, ,72.8, 
6,Davis,Sacramento Valley,8/15/2023,227,0.26,R,0.00, ,610, ,20.4,R,100.9, ,63.8, ,84.6,Y,92, ,32, ,,R,,I,4.3, ,102.9, ,74.1, 
6,Davis,Sacramento Valley,8/16/2023,228,0.25, ,0.00, ,583, ,19.4,Y,102.8, ,61.3, ,82.1, ,93, ,28, ,52,Y,62.6,Y,4.1, ,99.5, ,74.2, 
6,Davis,Sacramento Valley,8/17/2023,229,0.25, ,0.00, ,596, ,19.0,Y,100.1, ,63.5, ,80.2, ,90, ,26, ,54,Y,62.0,Y,5.2, ,123.6, ,74.5, 
6,Davis,Sacramento Valley,8/18/2023,230,0.23, ,0.00, ,576, ,18.2,Y,90.4, ,61.1, ,74.4, ,92, ,42, ,63,Y,60.9,Y,5.4, ,129.0, ,72.9, 
6,Davis,Sacramento Valley,8/19/2023,231,0.23, ,0.00, ,575, ,17.5, ,90.7, ,58.1, ,74.5, ,95, ,40, ,60, ,59.7, ,4.9, ,118.2, ,72.6, 
6,Davis,Sacramento Valley,8/20/2023,232,0.18, ,0.00, ,371, ,17.7, ,89.3, ,64.0, ,77.8, ,80, ,38, ,55, ,60.1, ,5.3, ,127.2, ,72.8, 
6,Davis,Sacramento Valley,8/21/2023,233,0.15, ,0.01, ,343, ,18.7,Y,78.9, ,65.8,Y,72.6, ,89, ,55, ,68,Y,61.5,Y,8.4, ,201.1, ,72.6, 
6,Davis,Sacramento Valley,8/22/2023,234,0.21, ,0.00, ,553, ,17.8, ,88.4, ,60.1, ,74.8, ,95, ,38, ,60, ,60.1, ,3.5, ,85.2, ,72.6, 
6,Davis,Sacramento Valley,8/23/2023,235,0.24, ,0.00, ,571, ,17.1, ,93.7, ,60.8, ,78.7, ,91, ,26, ,51, ,59.1, ,4.3, ,103.4, ,73.6, 
6,Davis,Sacramento Valley,8/24/2023,236,0.25, ,0.00, ,572, ,17.4, ,93.8, ,60.7, ,77.6, ,91, ,33, ,54, ,59.6, ,5.6, ,134.0, ,73.8, 
6,Davis,Sacramento Valley,8/25/2023,237,0.22, ,0.00, ,591, ,16.3, ,88.7, ,57.9, ,71.7, ,93, ,34, ,61, ,57.7, ,4.5, ,108.7, ,71.7, 
6,Davis,Sacramento Valley,8/26/2023,238,0.22, ,0.00, ,594, ,14.6, ,91.2, ,53.0, ,71.2, ,95, ,29, ,56, ,54.8, ,3.8, ,90.5, ,71.1, 
6,Davis,Sacramento Valley,8/27/2023,239,0.22, ,0.00, ,603, ,13.5, ,94.1, ,49.6, ,71.3, ,95, ,19, ,52, ,52.6, ,3.3, ,79.8, ,70.8, 
6,Davis,Sacramento Valley,8/28/2023,240,0.23, ,0.00, ,587, ,14.5, ,95.5, ,54.2, ,74.7, ,94, ,21, ,49, ,54.5, ,3.7, ,87.6, ,71.2, 
6,Davis,Sacramento Valley,8/29/2023,241,0.23, ,0.00, ,582, ,12.9, ,92.1, ,54.2, ,72.7, ,91, ,21, ,47, ,51.4, ,4.3, ,103.9, ,70.5, 
6,Davis,Sacramento Valley,8/30/2023,242,0.29, ,0.00, ,561, ,12.0, ,95.3, ,63.6, ,79.3, ,63, ,19, ,35, ,49.4, ,7.3, ,175.7, ,71.3, 
6,Davis,Sacramento Valley,8/31/2023,243,0.22, ,0.00, ,500, ,14.2, ,90.7, ,53.8, ,73.2, ,90, ,28, ,51, ,53.9, ,6.1, ,145.6, ,70.6, 
6,Davis,Sacramento Valley,9/1/2023,244,0.19, ,0.00, ,488, ,15.6, ,75.5,Y,60.6, ,65.9, ,84, ,56, ,72, ,56.5, ,11.6,R,279.6,R,68.6, 
6,Davis,Sacramento Valley,9/2/2023,245,0.13, ,0.00, ,351, ,15.6, ,77.5, ,57.6, ,67.4, ,87, ,51, ,68, ,56.5, ,5.0, ,120.5, ,67.9, 
6,Davis,Sacramento Valley,9/3/2023,246,0.17, ,0.00, ,457, ,15.1, ,79.7, ,60.0, ,69.3, ,82, ,47, ,62, ,55.6, ,5.5, ,132.0, ,68.9, 
6,Davis,Sacramento Valley,9/4/2023,247,0.19, ,0.00, ,536, ,15.5, ,85.6, ,54.4, ,69.7, ,96, ,40, ,63, ,56.4, ,3.6, ,87.2, ,69.6, 
6,Davis,Sacramento Valley,9/5/2023,248,0.19, ,0.00, ,537, ,14.5, ,87.9, ,54.7, ,71.1, ,95, ,33, ,56, ,54.5, ,3.5, ,82.9, ,69.8, 
6,Davis,Sacramento Valley,9/6/2023,249,0.20, ,0.00, ,510, ,14.4, ,86.8, ,61.0, ,75.9, ,91, ,32, ,47, ,54.4, ,6.0, ,145.0, ,72.3, 
6,Davis,Sacramento Valley,9/7/2023,250,0.20, ,0.00, ,533, ,14.1, ,87.9, ,54.9, ,70.3, ,94, ,27, ,56, ,53.8, ,4.0, ,96.9, ,70.7, 
6,Davis,Sacramento Valley,9/8/2023,251,0.21, ,0.00, ,535, ,13.6, ,89.8, ,54.3, ,72.2, ,96, ,24, ,50, ,52.7, ,4.2, ,100.7, ,71.2, 
6,Davis,Sacramento Valley,9/9/2023,252,0.21, ,0.00, ,538, ,12.5, ,90.6, ,52.5, ,72.1, ,94, ,18, ,46, ,50.5, ,3.6, ,85.5, ,71.0, 
6,Davis,Sacramento Valley,9/10/2023,253,0.19, ,0.00, ,541, ,12.8, ,92.4, ,50.4, ,70.9, ,95, ,20, ,50, ,51.1, ,3.4, ,80.6, ,70.6, 
6,Davis,Sacramento Valley,9/11/2023,254,0.19, ,0.00, ,528, ,14.1, ,92.0, ,51.6, ,71.7, ,93, ,25, ,53, ,53.6, ,3.5, ,83.2, ,71.2, 
6,Davis,Sacramento Valley,9/12/2023,255,0.18, ,0.00, ,519, ,15.4, ,90.1, ,52.1, ,69.9, ,96, ,30, ,61, ,56.1, ,3.8, ,91.5, ,71.1, 
6,Davis,Sacramento Valley,9/13/2023,256,0.18, ,0.00, ,501, ,15.1, ,92.3, ,54.8, ,72.6, ,94, ,27, ,55, ,55.5, ,3.6, ,85.7, ,71.8, 
6,Davis,Sacramento Valley,9/14/2023,257,0.18, ,0.00, ,502, ,16.2, ,92.6, ,56.4, ,72.4, ,95, ,31, ,60, ,57.5, ,3.5, ,83.8, ,72.4, 
6,Davis,Sacramento Valley,9/15/2023,258,0.17, ,0.00, ,490, ,16.5, ,89.3, ,55.3, ,70.4, ,94, ,39, ,65, ,58.1, ,3.9, ,93.9, ,72.4, 
6,Davis,Sacramento Valley,9/16/2023,259,0.17, ,0.00, ,484, ,16.3, ,83.0, ,56.4, ,69.5, ,94, ,48, ,66, ,57.8, ,4.4, ,106.1, ,71.9, 
6,Davis,Sacramento Valley,9/17/2023,260,0.17, ,0.00, ,477, ,15.7, ,83.5, ,57.6, ,68.7, ,92, ,45, ,66, ,56.7, ,5.6, ,134.5, ,71.5, 
6,Davis,Sacramento Valley,9/18/2023,261,0.17, ,0.00, ,469, ,14.9, ,83.1, ,55.8, ,68.3, ,93, ,42, ,63, ,55.2, ,4.8, ,115.2, ,70.8, 
6,Davis,Sacramento Valley,9/19/2023,262,0.16, ,0.00, ,464, ,15.2, ,82.6, ,53.2, ,67.6, ,92, ,45, ,66, ,55.7, ,3.8, ,92.2, ,70.4, 
6,Davis,Sacramento Valley,9/20/2023,263,0.16, ,0.00, ,463, ,15.2, ,81.9, ,53.5, ,66.0, ,95, ,46, ,70, ,55.9, ,5.1, ,122.6, ,69.7, 
6,Davis,Sacramento Valley,9/21/2023,264,0.19, ,0.00, ,474, ,11.5, ,80.2, ,52.4, ,65.5, ,94, ,25, ,54, ,48.2, ,6.5, ,156.7, ,67.6, 
6,Davis,Sacramento Valley,9/22/2023,265,0.15, ,0.00, ,464, ,12.1, ,80.0, ,47.5, ,63.8, ,93, ,33, ,60, ,49.6, ,4.0, ,96.6, ,66.7, 
6,Davis,Sacramento Valley,9/23/2023,266,0.16, ,0.00, ,469, ,12.1, ,78.9, ,50.0, ,63.6, ,95, ,30, ,60, ,49.6, ,4.8, ,114.7, ,65.7, 
6,Davis,Sacramento Valley,9/24/2023,267,0.17, ,0.00, ,462, ,12.1, ,80.7, ,46.1, ,63.5, ,97, ,27, ,60, ,49.5, ,5.5, ,132.5, ,64.9, 
6,Davis,Sacramento Valley,9/25/2023,268,0.17, ,0.00, ,452, ,13.4, ,76.8, ,54.2, ,65.6, ,92, ,42, ,62, ,52.3, ,7.2, ,173.9, ,64.9, 
6,Davis,Sacramento Valley,9/26/2023,269,0.15, ,0.00, ,442, ,14.1, ,81.3, ,57.5, ,69.5, ,87, ,34, ,57, ,53.7, ,3.7, ,88.7, ,68.0, 
6,Davis,Sacramento Valley,9/27/2023,270,0.16, ,0.00, ,450, ,13.4, ,86.9, ,49.9, ,67.4, ,95, ,32, ,59, ,52.4, ,3.8, ,91.8, ,66.9, 
6,Davis,Sacramento Valley,9/28/2023,271,0.19, ,0.00, ,454, ,11.5, ,84.6, ,51.2, ,68.0, ,96, ,23, ,49, ,48.1, ,5.2, ,124.2, ,65.7, 
6,Davis,Sacramento Valley,9/29/2023,272,0.13, ,0.00, ,340, ,13.9, ,79.1, ,48.5, ,64.7, ,96, ,41, ,67, ,53.4, ,6.1, ,147.5, ,65.3, 
6,Davis,Sacramento Valley,9/30/2023,273,0.06, ,0.00, ,231, ,15.6, ,68.6, ,56.2, ,61.6, ,96, ,66, ,83, ,56.4, ,3.9, ,93.0, ,65.4, 
6,Davis,Sacramento Valley,10/1/2023,274,0.16, ,0.00, ,437, ,11.4, ,75.2, ,51.6, ,63.1, ,93, ,34, ,58, ,48.1, ,5.8, ,139.1, ,64.1, 
6,Davis,Sacramento Valley,10/2/2023,275,0.16, ,0.00, ,434, ,10.3, ,81.5, ,49.8, ,65.0, ,83, ,22, ,49, ,45.2, ,4.7, ,113.9, ,62.9, 
6,Davis,Sacramento Valley,10/3/2023,276,0.15, ,0.00, ,425, ,12.2, ,82.9, ,50.4, ,66.3, ,95, ,33, ,55, ,49.8, ,3.6, ,85.3, ,64.2, 
6,Davis,Sacramento Valley,10/4/2023,277,0.18, ,0.00, ,426, ,12.8, ,89.0, ,54.9, ,72.4, ,87, ,26, ,47, ,51.0, ,4.8, ,115.9, ,65.8, 
6,Davis,Sacramento Valley,10/5/2023,278,0.17, ,0.00, ,420, ,12.6, ,91.1, ,54.6, ,72.6, ,89, ,24, ,46, ,50.8, ,3.4, ,81.9, ,66.7, 
6,Davis,Sacramento Valley,10/6/2023,279,0.17, ,0.00, ,420, ,12.6, ,92.6, ,51.6, ,72.8, ,93, ,24, ,46, ,50.7, ,3.7, ,88.2, ,66.7, 
6,Davis,Sacramento Valley,10/7/2023,280,0.16, ,0.00, ,410, ,13.1, ,95.1, ,52.5, ,73.2, ,93, ,22, ,47, ,51.8, ,2.8, ,68.0, ,67.4, 
6,Davis,Sacramento Valley,10/8/2023,281,0.16, ,0.00, ,399, ,13.0, ,92.2, ,55.5, ,72.3, ,90, ,24, ,48, ,51.5, ,4.2, ,100.8, ,68.0, 
6,Davis,Sacramento Valley,10/9/2023,282,0.08, ,0.00, ,207, ,14.3, ,72.3, ,54.9, ,63.6, ,86, ,58, ,71, ,54.1, ,6.8, ,163.4, ,65.5, 
6,Davis,Sacramento Valley,10/10/2023,283,0.11, ,0.00, ,315, ,14.6, ,75.0, ,55.5, ,63.8, ,96, ,39, ,72, ,54.7, ,6.4, ,152.8, ,65.2, 
6,Davis,Sacramento Valley,10/11/2023,284,0.16, ,0.00, ,408, ,9.4, ,73.9, ,51.5, ,62.5, ,74, ,29, ,49, ,43.0, ,6.5, ,157.1, ,63.6, 
6,Davis,Sacramento Valley,10/12/2023,285,0.19, ,0.00, ,395, ,8.6, ,78.6, ,53.7, ,65.7, ,60, ,24, ,40, ,40.5, ,7.9, ,188.8, ,62.1, 
6,Davis,Sacramento Valley,10/13/2023,286,0.11, ,0.00, ,295, ,10.5, ,76.4, ,43.7, ,63.6, ,92, ,33, ,53, ,45.9, ,3.4, ,80.5, ,62.2, 
6,Davis,Sacramento Valley,10/14/2023,287,0.12, ,0.00, ,335, ,13.1, ,79.0, ,54.2, ,66.7, ,88, ,38, ,58, ,51.7, ,3.3, ,80.1, ,63.9, 
6,Davis,Sacramento Valley,10/15/2023,288,0.13, ,0.00, ,374, ,12.7, ,83.9, ,52.0, ,67.3, ,91, ,32, ,55, ,50.8, ,3.5, ,83.6, ,64.1, 
6,Davis,Sacramento Valley,10/16/2023,289,0.11, ,0.00, ,318, ,13.3, ,81.0, ,49.6, ,66.9, ,94, ,40, ,59, ,52.1, ,3.3, ,78.3, ,64.0, 
6,Davis,Sacramento Valley,10/17/2023,290,0.15, ,0.00, ,375, ,13.5, ,84.8, ,50.3, ,68.3, ,95, ,35, ,57, ,52.5, ,4.7, ,113.8, ,64.0, 
6,Davis,Sacramento Valley,10/18/2023,291,0.12, ,0.00, ,362, ,13.4, ,86.3, ,50.5, ,67.2, ,95, ,34, ,59, ,52.4, ,2.7, ,64.6, ,63.8, 
6,Davis,Sacramento Valley,10/19/2023,292,0.14, ,0.00, ,367, ,12.0, ,91.0, ,50.5, ,69.3, ,89, ,25, ,49, ,49.4, ,3.4, ,81.9, ,63.7, 
6,Davis,Sacramento Valley,10/20/2023,293,0.13, ,0.00, ,358, ,12.5, ,85.3, ,50.5, ,67.7, ,89, ,32, ,54, ,50.5, ,3.6, ,86.6, ,64.1, 
6,Davis,Sacramento Valley,10/21/2023,294,0.11, ,0.00, ,316, ,12.6, ,76.7, ,53.6, ,63.5, ,85, ,43, ,63, ,50.7, ,5.1, ,122.4, ,63.4, 
6,Davis,Sacramento Valley,10/22/2023,295,0.03, ,0.00, ,119, ,15.8, ,68.5, ,56.4, ,60.8, ,96, ,71, ,87, ,56.9, ,5.4, ,129.1, ,63.0, 
6,Davis,Sacramento Valley,10/23/2023,296,0.11, ,0.00, ,347, ,16.0, ,77.0, ,54.9, ,64.5, ,97, ,51, ,77, ,57.2, ,5.1, ,123.6, ,63.4, 
6,Davis,Sacramento Valley,10/24/2023,297,0.08, ,0.00, ,306, ,14.4, ,77.3, ,50.8, ,60.9, ,98, ,45, ,79, ,54.3, ,3.6, ,86.4, ,62.5, 
6,Davis,Sacramento Valley,10/25/2023,298,0.04, ,0.00, ,114, ,11.9, ,66.3, ,48.1, ,57.4, ,91, ,55, ,74, ,49.2, ,5.8, ,138.7, ,60.7, 
6,Davis,Sacramento Valley,10/26/2023,299,0.11, ,0.00, ,358, ,8.1, ,67.1, ,40.4, ,52.5, ,93, ,30, ,60, ,39.0, ,5.3, ,126.7, ,57.0, 
6,Davis,Sacramento Valley,10/27/2023,300,0.09, ,0.00, ,351, ,8.1, ,67.4, ,35.0, ,50.1, ,95, ,33, ,65, ,39.0, ,2.5, ,60.3, ,54.6, 
6,Davis,Sacramento Valley,10/28/2023,301,0.17, ,0.00, ,348, ,5.8, ,67.8, ,38.1, ,54.0, ,91, ,20, ,41, ,30.9, ,9.8, ,235.2, ,53.4,Y
6,Davis,Sacramento Valley,10/29/2023,302,0.18, ,0.00, ,353, ,4.6, ,73.2, ,43.7, ,58.7, ,58, ,17, ,27, ,24.9, ,9.4, ,224.4, ,52.8,Y
6,Davis,Sacramento Valley,10/30/2023,303,0.10, ,0.00, ,343, ,6.3, ,71.6, ,34.1, ,51.5, ,94, ,19, ,49, ,32.8, ,2.4, ,58.2, ,52.2,Y
6,Davis,Sacramento Valley,10/31/2023,304,0.10, ,0.00, ,317, ,6.9, ,72.8, ,37.0, ,52.9, ,87, ,25, ,51, ,35.1, ,3.4, ,82.7, ,52.0,Y
6,Davis,Sacramento Valley,11/1/2023,305,0.09, ,0.00, ,294, ,8.0, ,74.9, ,37.9, ,55.1, ,94, ,25, ,54, ,38.7, ,2.4, ,56.5, ,52.4, 
6,Davis,Sacramento Valley,11/2/2023,306,0.09, ,0.00, ,246, ,9.1, ,76.2, ,40.6, ,58.6, ,94, ,32, ,54, ,42.1, ,2.7, ,65.4, ,54.4, 
6,Davis,Sacramento Valley,11/3/2023,307,0.10, ,0.01, ,325, ,13.1, ,79.8, ,58.8,Y,70.8,Y,92, ,41, ,51,Y,51.7,Y,3.1, ,73.8, ,59.0, 
6,Davis,Sacramento Valley,11/4/2023,308,0.10, ,0.13, ,273, ,14.2, ,80.8, ,48.8, ,64.4, ,92, ,45, ,69, ,53.9, ,5.0, ,121.1, ,59.3, 
6,Davis,Sacramento Valley,11/5/2023,309,0.06, ,0.03, ,178, ,16.6,Y,71.7, ,57.6,Y,64.3, ,91, ,68, ,81,Y,58.3,Y,6.8, ,163.5, ,61.4, 
6,Davis,Sacramento Valley,11/6/2023,310,0.08, ,0.08, ,236, ,14.3, ,69.8, ,50.7, ,61.5, ,92, ,57, ,76, ,54.1, ,7.6, ,182.8, ,62.5, 
6,Davis,Sacramento Valley,11/7/2023,311,0.09, ,0.00, ,292, ,9.9, ,66.2, ,43.4, ,54.9, ,96, ,43, ,67, ,44.3, ,5.1, ,122.8, ,59.0, 
6,Davis,Sacramento Valley,11/8/2023,312,0.14, ,0.00, ,307, ,6.8, ,70.3, ,41.7, ,57.1, ,63, ,26, ,42, ,34.5, ,8.7, ,209.8, ,56.5, 
6,Davis,Sacramento Valley,11/9/2023,313,0.07, ,0.00, ,248, ,6.9, ,64.7, ,34.6, ,49.2, ,81, ,36, ,58, ,35.1, ,2.6, ,63.0, ,54.4, 
6,Davis,Sacramento Valley,11/10/2023,314,0.09, ,0.00, ,244, ,7.3, ,67.1, ,40.0, ,52.4, ,73, ,33, ,54, ,36.3, ,3.5, ,84.5, ,54.4, 
6,Davis,Sacramento Valley,11/11/2023,315,0.08, ,0.00, ,283, ,7.8, ,72.1, ,39.5, ,53.1, ,80, ,33, ,57, ,38.2, ,2.8, ,66.3, ,54.2, 
6,Davis,Sacramento Valley,11/12/2023,316,0.08, ,0.00, ,279, ,8.8, ,71.7, ,40.0, ,54.8, ,83, ,37, ,60, ,41.2, ,2.4, ,58.0, ,54.5, 
6,Davis,Sacramento Valley,11/13/2023,317,0.07, ,0.00, ,250, ,10.6, ,67.6, ,45.8, ,55.3, ,92, ,48, ,71, ,46.0, ,2.6, ,63.4, ,55.6, 
6,Davis,Sacramento Valley,11/14/2023,318,0.06, ,0.00, ,225, ,10.7, ,67.5, ,43.5, ,55.8, ,88, ,47, ,70, ,46.3, ,4.3, ,103.4, ,55.7, 
6,Davis,Sacramento Valley,11/15/2023,319,0.03, ,0.00, ,98, ,11.1, ,63.8, ,47.9, ,55.6, ,91, ,51, ,73, ,47.3, ,4.8, ,114.5, ,55.8, 
6,Davis,Sacramento Valley,11/16/2023,320,0.06, ,0.00, ,199, ,12.5, ,67.6, ,48.7, ,58.2, ,93, ,60, ,75, ,50.5, ,5.6, ,134.8, ,56.6, 
6,Davis,Sacramento Valley,11/17/2023,321,0.05, ,0.06, ,179, ,13.3, ,68.7, ,53.7, ,59.7, ,95, ,56, ,76, ,52.1, ,3.1, ,73.7, ,57.4, 
6,Davis,Sacramento Valley,11/18/2023,322,0.02, ,0.49, ,95, ,14.6, ,63.5, ,53.8, ,58.4, ,96, ,58, ,87, ,54.6, ,6.8, ,163.6, ,58.2, 
6,Davis,Sacramento Valley,11/19/2023,323,0.10, ,0.00, ,272, ,8.3, ,61.7, ,41.7, ,53.1, ,87, ,44, ,61, ,39.8, ,8.6, ,205.4, ,55.9, 
6,Davis,Sacramento Valley,11/20/2023,324,0.11, ,0.00, ,272, ,7.3, ,64.2, ,41.0, ,53.3, ,90, ,34, ,53, ,36.6, ,8.7, ,207.6, ,53.5, 
6,Davis,Sacramento Valley,11/21/2023,325,0.05, ,0.00, ,204, ,8.7, ,63.8, ,37.6, ,49.0, ,93, ,47, ,73, ,40.8, ,3.1, ,75.0, ,52.2, 
6,Davis,Sacramento Valley,11/22/2023,326,0.06, ,0.00, ,232, ,8.1, ,66.5, ,35.3, ,50.1, ,92, ,36, ,65, ,39.0, ,2.7, ,64.4, ,51.6, 
6,Davis,Sacramento Valley,11/23/2023,327,0.14, ,0.00, ,259, ,7.5, ,69.2, ,40.3, ,55.4, ,91, ,28, ,50, ,37.2, ,9.8, ,236.2, ,52.5, 
6,Davis,Sacramento Valley,11/24/2023,328,0.15, ,0.00, ,269, ,4.7, ,60.0, ,40.2, ,51.5, ,53, ,26, ,36, ,25.5, ,12.7,Y,303.8,Y,51.4, 
6,Davis,Sacramento Valley,11/25/2023,329,0.11, ,0.00, ,263, ,4.9, ,61.1, ,36.5, ,49.4, ,63, ,27, ,41, ,26.7, ,7.7, ,185.8, ,50.0, 
6,Davis,Sacramento Valley,11/26/2023,330,0.08, ,0.00, ,258, ,5.0, ,62.4, ,34.1, ,45.9, ,72, ,25, ,48, ,27.2, ,4.5, ,108.3, ,48.3, 
6,Davis,Sacramento Valley,11/27/2023,331,0.06, ,0.00, ,252, ,5.6, ,60.6, ,28.0, ,42.8, ,83, ,35, ,60, ,29.8, ,2.9, ,70.8, ,47.1, 
6,Davis,Sacramento Valley,11/28/2023,332,0.06, ,0.00, ,242, ,5.7, ,61.2, ,32.4, ,44.9, ,77, ,35, ,57, ,30.5, ,3.2, ,77.5, ,46.9, 
6,Davis,Sacramento Valley,11/29/2023,333,0.06, ,0.07, ,228, ,7.7, ,62.6, ,38.7, ,49.2, ,89, ,37, ,65, ,37.9, ,4.2, ,99.7, ,48.2, 
6,Davis,Sacramento Valley,11/30/2023,334,0.05, ,0.00, ,221, ,8.2, ,63.8, ,36.4, ,48.9, ,92, ,47, ,70, ,39.5, ,2.6, ,62.5, ,48.9, 
6,Davis,Sacramento Valley,12/1/2023,335,0.05, ,0.00, ,193, ,8.4, ,61.8, ,33.5, ,49.7, ,90, ,43, ,69, ,39.9, ,3.2, ,76.4, ,49.2, 
6,Davis,Sacramento Valley,12/2/2023,336,0.02, ,0.09, ,93, ,12.9, ,60.0, ,49.7, ,54.5, ,96, ,79, ,89, ,51.2, ,5.8, ,139.1, ,51.9, 
6,Davis,Sacramento Valley,12/3/2023,337,0.05, ,0.00, ,174, ,12.8, ,65.0, ,47.9, ,57.0, ,92, ,63, ,80, ,51.0, ,4.5, ,107.7, ,54.0, 
6,Davis,Sacramento Valley,12/4/2023,338,0.05, ,0.00, ,203, ,11.7, ,66.7, ,43.2, ,53.0, ,98, ,62, ,86, ,48.8, ,2.5, ,59.6, ,53.1, 
6,Davis,Sacramento Valley,12/5/2023,339,0.05, ,0.00, ,199, ,11.2, ,64.6, ,40.9, ,51.6, ,98, ,63, ,86, ,47.4, ,2.0, ,48.4, ,52.8, 
6,Davis,Sacramento Valley,12/6/2023,340,0.01, ,0.22, ,65, ,11.4, ,60.6, ,40.1, ,50.8, ,98, ,74, ,90, ,48.0, ,4.8, ,114.1, ,52.0, 
6,Davis,Sacramento Valley,12/7/2023,341,0.02, ,0.06, ,106, ,10.8, ,58.4, ,39.8, ,49.3, ,96, ,71, ,90, ,46.6, ,5.2, ,123.9, ,51.9, 
6,Davis,Sacramento Valley,12/8/2023,342,0.08, ,0.00, ,235, ,7.6, ,56.9, ,39.3, ,47.8, ,98, ,42, ,67, ,37.4, ,8.8, ,211.1, ,50.3, 
6,Davis,Sacramento Valley,12/9/2023,343,0.06, ,0.00, ,216, ,6.4, ,56.6, ,36.1, ,45.6, ,86, ,44, ,61, ,33.0, ,4.6, ,109.8, ,48.8, 
6,Davis,Sacramento Valley,12/10/2023,344,0.04, ,0.00, ,182, ,6.6, ,56.2, ,31.9, ,42.2, ,87, ,46, ,72, ,34.0, ,2.8, ,67.5, ,47.1, 
6,Davis,Sacramento Valley,12/11/2023,345,0.05, ,0.00, ,224, ,7.1, ,62.9, ,30.1, ,44.0, ,94, ,42, ,72, ,35.6, ,1.8, ,42.7, ,46.8, 
6,Davis,Sacramento Valley,12/12/2023,346,0.06, ,0.00, ,229, ,8.0, ,64.6, ,31.5, ,47.0, ,97, ,48, ,73, ,38.7, ,3.8, ,91.9, ,47.0, 
6,Davis,Sacramento Valley,12/13/2023,347,0.05, ,0.00, ,224, ,7.5, ,61.9, ,33.3, ,46.5, ,96, ,40, ,69, ,37.0, ,2.6, ,63.1, ,47.2, 
6,Davis,Sacramento Valley,12/14/2023,348,0.04, ,0.00, ,169, ,7.5, ,58.2, ,31.9, ,44.8, ,92, ,50, ,74, ,37.0, ,3.7, ,88.6, ,46.6, 
6,Davis,Sacramento Valley,12/15/2023,349,0.06, ,0.00, ,185, ,7.2, ,61.5, ,39.2, ,49.1, ,82, ,39, ,60, ,36.0, ,4.9, ,118.5, ,47.2, 
6,Davis,Sacramento Valley,12/16/2023,350,0.07, ,0.00, ,224, ,6.4, ,66.0, ,34.4, ,48.1, ,86, ,31, ,56, ,33.2, ,3.8, ,92.1, ,46.8, 
6,Davis,Sacramento Valley,12/17/2023,351,0.02, ,0.09, ,74, ,8.5, ,56.7, ,39.2, ,47.8, ,89, ,55, ,75, ,40.2, ,4.5, ,107.0, ,47.3, 
6,Davis,Sacramento Valley,12/18/2023,352,0.01, ,0.89, ,58, ,12.2, ,57.8, ,48.3, ,52.1, ,96, ,79, ,92, ,49.8, ,6.2, ,148.4, ,49.8, 
6,Davis,Sacramento Valley,12/19/2023,353,0.02, ,0.20, ,107, ,15.0,Y,64.5, ,54.2,Y,57.7,Y,97, ,85, ,92,Y,55.4,Y,6.1, ,147.0, ,53.3, 
6,Davis,Sacramento Valley,12/20/2023,354,0.00, ,0.31, ,34, ,13.8,Y,58.1, ,48.9, ,54.8, ,98, ,91, ,94,Y,53.1,Y,4.0, ,97.0, ,54.3, 
6,Davis,Sacramento Valley,12/21/2023,355,0.04, ,0.00, ,183, ,12.7, ,61.4, ,45.5, ,53.0, ,98, ,79, ,93, ,50.9, ,4.2, ,100.1, ,53.4, 
6,Davis,Sacramento Valley,12/22/2023,356,0.06, ,0.00, ,235, ,11.4, ,69.9,Y,42.4, ,53.4, ,99, ,52, ,82, ,48.0, ,3.6, ,86.5, ,52.4, 
6,Davis,Sacramento Valley,12/23/2023,357,0.07, ,0.00, ,244, ,7.4, ,57.8, ,36.9, ,49.0, ,92, ,46, ,63, ,36.8, ,6.4, ,153.2, ,51.3, 
6,Davis,Sacramento Valley,12/24/2023,358,0.04, ,0.00, ,198, ,8.3, ,57.7, ,34.3, ,45.4, ,92, ,63, ,80, ,39.6, ,2.8, ,67.8, ,49.1, 
6,Davis,Sacramento Valley,12/25/2023,359,0.04, ,0.00, ,173, ,8.7, ,57.3, ,36.5, ,46.8, ,94, ,60, ,80, ,41.0, ,2.5, ,61.0, ,49.1, 
6,Davis,Sacramento Valley,12/26/2023,360,0.03, ,0.00, ,131, ,9.6, ,56.4, ,41.3, ,47.6, ,96, ,69, ,86, ,43.5, ,2.8, ,67.1, ,49.7, 
6,Davis,Sacramento Valley,12/27/2023,361,0.01, ,0.23, ,72, ,11.2, ,54.2, ,40.5, ,48.6, ,98, ,86, ,96, ,47.6, ,4.1, ,98.4, ,50.0, 
6,Davis,Sacramento Valley,12/28/2023,362,0.04, ,0.03, ,183, ,13.0, ,62.3, ,50.0, ,54.6, ,97, ,77, ,90, ,51.6, ,3.5, ,85.0, ,52.6, 
6,Davis,Sacramento Valley,12/29/2023,363,0.02, ,1.07, ,103, ,13.7,Y,64.1, ,50.2, ,55.2, ,98, ,76, ,92,Y,52.9,Y,4.7, ,112.9, ,53.8, 
6,Davis,Sacramento Valley,12/30/2023,364,0.03, ,0.24, ,128, ,12.9, ,59.5, ,47.5, ,53.4, ,99, ,79, ,93, ,51.4, ,3.2, ,76.1, ,54.5, 
6,Davis,Sacramento Valley,12/31/2023,365,0.01, ,0.00, ,84, ,12.2, ,56.1, ,47.9, ,51.7, ,99, ,81, ,93, ,49.9, ,3.5, ,84.0, ,53.9, 
6,Davis,Sacramento Valley,1/1/2024,001,0.06, ,0.00, ,257, ,10.4, ,60.0, ,42.3, ,49.9, ,96, ,59, ,85, ,45.5, ,3.9, ,93.0, ,52.9, 
6,Davis,Sacramento Valley,1/2/2024,002,0.00, ,0.33, ,47, ,10.6, ,50.3, ,42.4, ,46.8, ,99, ,92, ,97, ,46.0, ,5.8, ,139.8, ,51.1, 
6,Davis,Sacramento Valley,1/3/2024,003,0.04, ,0.03, ,184, ,10.1, ,55.2, ,42.1, ,48.2, ,98, ,70, ,88, ,44.9, ,4.4, ,105.9, ,51.2, 
6,Davis,Sacramento Valley,1/4/2024,004,0.05, ,0.00, ,247, ,9.0, ,60.3, ,38.1, ,47.7, ,98, ,52, ,80, ,41.9, ,3.4, ,81.3, ,50.3, 
6,Davis,Sacramento Valley,1/5/2024,005,0.07, ,0.01, ,269,R,8.5, ,60.5, ,39.5, ,49.3, ,97, ,44, ,71, ,40.4, ,6.4, ,154.2, ,50.5, 
6,Davis,Sacramento Valley,1/6/2024,006,0.01, ,0.13, ,42, ,8.1, ,49.5, ,38.0, ,42.8, ,96, ,69, ,87, ,39.1, ,5.4, ,130.7, ,48.5, 
6,Davis,Sacramento Valley,1/7/2024,007,0.07, ,0.00, ,260, ,6.1, ,52.2, ,34.7, ,42.9, ,80, ,46, ,65, ,31.9, ,6.0, ,143.5, ,47.1, 
6,Davis,Sacramento Valley,1/8/2024,008,0.06, ,0.00, ,252, ,6.6, ,54.6, ,38.2, ,44.8, ,83, ,48, ,65, ,33.8, ,4.1, ,98.8, ,46.9, 
6,Davis,Sacramento Valley,1/9/2024,009,0.02, ,0.00, ,104, ,9.0, ,54.1, ,39.6, ,46.1, ,92, ,77, ,85, ,41.9, ,5.7, ,136.8, ,47.6, 
6,Davis,Sacramento Valley,1/10/2024,010,0.03, ,0.00, ,104, ,9.2, ,56.1, ,36.2, ,47.2, ,97, ,59, ,83, ,42.2, ,7.7, ,185.5, ,47.8, 
6,Davis,Sacramento Valley,1/11/2024,011,0.08, ,0.00, ,279,R,5.7, ,55.2, ,36.3, ,44.9, ,82, ,36, ,56, ,30.1, ,5.8, ,139.1, ,47.5, 
6,Davis,Sacramento Valley,1/12/2024,012,0.03, ,0.00, ,133, ,7.7, ,52.2, ,34.7, ,43.3, ,92, ,65, ,80, ,37.7, ,3.3, ,80.0, ,46.7, 
6,Davis,Sacramento Valley,1/13/2024,013,0.01, ,0.23, ,50, ,9.2, ,48.3, ,43.9, ,45.5, ,97, ,79, ,89, ,42.5, ,7.0, ,167.6, ,47.6, 
6,Davis,Sacramento Valley,1/14/2024,014,0.02, ,0.00, ,116, ,10.6, ,53.0, ,45.4, ,48.0, ,97, ,87, ,93, ,46.0, ,6.6, ,158.6, ,48.8, 
6,Davis,Sacramento Valley,1/15/2024,015,0.05, ,0.00, ,239, ,10.4, ,60.1, ,40.9, ,49.4, ,97, ,70, ,87, ,45.7, ,3.6, ,85.7, ,50.1, 
6,Davis,Sacramento Valley,1/16/2024,016,0.00, ,0.41, ,50, ,10.7, ,50.9, ,38.3, ,47.3, ,98, ,90, ,97, ,46.3, ,2.4, ,58.6, ,49.5, 
6,Davis,Sacramento Valley,1/17/2024,017,0.05, ,0.01, ,240, ,11.9, ,61.4, ,43.3, ,53.0, ,98, ,66, ,87, ,49.2, ,4.7, ,113.1, ,51.6, 
6,Davis,Sacramento Valley,1/18/2024,018,0.04, ,0.00, ,175, ,10.5, ,57.8, ,40.7, ,48.8, ,99, ,70, ,90, ,45.8, ,2.9, ,69.6, ,50.8, 
6,Davis,Sacramento Valley,1/19/2024,019,0.02, ,0.12, ,104, ,11.6, ,55.3, ,45.0, ,50.5, ,98, ,81, ,92, ,48.4, ,3.6, ,86.5, ,51.1, 
6,Davis,Sacramento Valley,1/20/2024,020,0.01, ,0.39, ,74, ,13.3, ,57.3, ,50.3, ,54.0, ,98, ,89, ,93, ,52.1, ,6.5, ,157.0, ,52.5, 
6,Davis,Sacramento Valley,1/21/2024,021,0.02, ,0.58, ,105, ,13.6, ,59.9, ,52.0,Y,55.2, ,98, ,79, ,91, ,52.7, ,6.8, ,162.3, ,53.4, 
6,Davis,Sacramento Valley,1/22/2024,022,0.02, ,0.22, ,117, ,14.2,Y,60.1, ,51.9,Y,55.7, ,97, ,89, ,94,Y,54.0,Y,5.9, ,142.1, ,54.5, 
6,Davis,Sacramento Valley,1/23/2024,023,0.04, ,0.03, ,196, ,13.2, ,63.5, ,50.4, ,55.1, ,98, ,69, ,89, ,51.9, ,3.5, ,82.8, ,55.0, 
6,Davis,Sacramento Valley,1/24/2024,024,0.01, ,0.30, ,61, ,13.6, ,56.4, ,51.6, ,53.5, ,98, ,92, ,97, ,52.7, ,5.9, ,142.1, ,54.5, 
6,Davis,Sacramento Valley,1/25/2024,025,0.04, ,0.00, ,198, ,11.6, ,59.3, ,42.1, ,50.8, ,99, ,71, ,91, ,48.4, ,3.8, ,90.9, ,53.6, 
6,Davis,Sacramento Valley,1/26/2024,026,0.03, ,0.00, ,128, ,12.0, ,58.8, ,49.1, ,53.3, ,96, ,74, ,86, ,49.3, ,3.5, ,83.6, ,54.0, 
6,Davis,Sacramento Valley,1/27/2024,027,0.04, ,0.00, ,177, ,11.7, ,61.6, ,47.2, ,54.1, ,91, ,67, ,82, ,48.6, ,4.2, ,101.4, ,54.0, 
6,Davis,Sacramento Valley,1/28/2024,028,0.06, ,0.00, ,262, ,13.7, ,70.6,Y,48.6, ,57.1,Y,97, ,65, ,86,Y,52.9,Y,3.1, ,74.5, ,54.6, 
6,Davis,Sacramento Valley,1/29/2024,029,0.07, ,0.00, ,293, ,12.9, ,68.4, ,43.2, ,54.8, ,99, ,66, ,88, ,51.3, ,2.2, ,52.9, ,54.3, 
6,Davis,Sacramento Valley,1/30/2024,030,0.07, ,0.00, ,277, ,13.2, ,68.1, ,49.2, ,57.3, ,98, ,61, ,82, ,51.9, ,3.3, ,79.4, ,55.1, 
6,Davis,Sacramento Valley,1/31/2024,031,0.01, ,0.81, ,17, ,11.6, ,57.8, ,51.8, ,54.2, ,92, ,70, ,81, ,48.6, ,6.2, ,147.6, ,54.8, 
6,Davis,Sacramento Valley,2/1/2024,032,0.06, ,0.50, ,261, ,11.6, ,58.9, ,47.8, ,52.4, ,98, ,66, ,86, ,48.4, ,5.0, ,118.9, ,54.1, 
6,Davis,Sacramento Valley,2/2/2024,033,0.07, ,0.02, ,285, ,9.9, ,58.3, ,42.6, ,49.4, ,98, ,63, ,83, ,44.3, ,5.7, ,136.4, ,53.5, 
6,Davis,Sacramento Valley,2/3/2024,034,0.03, ,0.08, ,172, ,9.7, ,51.9, ,40.7, ,47.3, ,95, ,79, ,87, ,43.7, ,4.3, ,104.2, ,52.0, 
6,Davis,Sacramento Valley,2/4/2024,035,0.04, ,2.10, ,110, ,11.4, ,60.0, ,43.2, ,51.3, ,98, ,72, ,88, ,47.9, ,10.7, ,257.3, ,51.8, 
6,Davis,Sacramento Valley,2/5/2024,036,0.07, ,0.02, ,275, ,11.2, ,60.1, ,49.0, ,53.0, ,94, ,67, ,81, ,47.5, ,7.3, ,175.8, ,52.5, 
6,Davis,Sacramento Valley,2/6/2024,037,0.04, ,0.00, ,199, ,10.5, ,58.9, ,42.4, ,50.4, ,96, ,63, ,84, ,45.8, ,4.0, ,95.5, ,52.7, 
6,Davis,Sacramento Valley,2/7/2024,038,0.01, ,0.56, ,81, ,9.2, ,49.2, ,38.2, ,44.1, ,97, ,85, ,93, ,42.3, ,5.4, ,129.0, ,50.3, 
6,Davis,Sacramento Valley,2/8/2024,039,0.03, ,0.00, ,156, ,8.5, ,50.1, ,37.2, ,44.1, ,98, ,71, ,87, ,40.4, ,3.1, ,75.5, ,50.0, 
6,Davis,Sacramento Valley,2/9/2024,040,0.07, ,0.00, ,332, ,8.3, ,55.7, ,34.2, ,43.9, ,99, ,64, ,85, ,39.8, ,2.9, ,68.8, ,48.7, 
6,Davis,Sacramento Valley,2/10/2024,041,0.10, ,0.00, ,385,R,7.6, ,60.1, ,41.6, ,49.2, ,87, ,38, ,64, ,37.5, ,6.9, ,166.5, ,48.9, 
6,Davis,Sacramento Valley,2/11/2024,042,0.07, ,0.00, ,358, ,8.5, ,60.1, ,33.7, ,46.4, ,97, ,56, ,79, ,40.5, ,2.8, ,67.0, ,48.7, 
6,Davis,Sacramento Valley,2/12/2024,043,0.07, ,0.00, ,326, ,9.0, ,60.3, ,36.4, ,47.3, ,98, ,52, ,81, ,41.7, ,2.0, ,47.7, ,48.8, 
6,Davis,Sacramento Valley,2/13/2024,044,0.08, ,0.00, ,344, ,9.8, ,60.7, ,38.3, ,48.4, ,98, ,61, ,85, ,44.0, ,2.7, ,63.9, ,49.4, 
6,Davis,Sacramento Valley,2/14/2024,045,0.03, ,0.02, ,154, ,11.7, ,58.3, ,45.3, ,51.7, ,97, ,76, ,89, ,48.7, ,6.4, ,154.6, ,50.7, 
6,Davis,Sacramento Valley,2/15/2024,046,0.07, ,0.00, ,299, ,11.6, ,62.3, ,47.9, ,53.7, ,95, ,63, ,82, ,48.5, ,4.7, ,113.8, ,52.1, 
6,Davis,Sacramento Valley,2/16/2024,047,0.03, ,0.00, ,149, ,11.4, ,58.3, ,47.2, ,52.3, ,96, ,70, ,85, ,48.1, ,2.9, ,70.3, ,52.3, 
6,Davis,Sacramento Valley,2/17/2024,048,0.01, ,0.59, ,65, ,12.2, ,56.2, ,48.7, ,52.0, ,95, ,84, ,92, ,49.8, ,6.2, ,148.5, ,52.5, 
6,Davis,Sacramento Valley,2/18/2024,049,0.07, ,0.75, ,261, ,12.8, ,65.3, ,47.4, ,55.3, ,98, ,66, ,86, ,51.2, ,6.8, ,164.2, ,53.5, 
6,Davis,Sacramento Valley,2/19/2024,050,0.05, ,0.24, ,189, ,12.9, ,61.7, ,50.9, ,55.1, ,98, ,73, ,87, ,51.3, ,8.8, ,212.0, ,54.4, 
6,Davis,Sacramento Valley,2/20/2024,051,0.06, ,0.48, ,229, ,11.8, ,61.2, ,48.7, ,52.9, ,97, ,63, ,86, ,49.0, ,4.9, ,116.8, ,54.1, 
6,Davis,Sacramento Valley,2/21/2024,052,0.08, ,0.00, ,340, ,11.4, ,61.4, ,43.4, ,51.7, ,99, ,65, ,87, ,48.0, ,3.4, ,82.5, ,54.1, 
6,Davis,Sacramento Valley,2/22/2024,053,0.08, ,0.00, ,352, ,10.9, ,62.0, ,41.8, ,50.4, ,99, ,63, ,87, ,46.7, ,3.6, ,87.2, ,52.8, 
6,Davis,Sacramento Valley,2/23/2024,054,0.10, ,0.00, ,373, ,10.3, ,64.7, ,43.4, ,52.6, ,94, ,52, ,76, ,45.3, ,5.8, ,139.2, ,52.3, 
6,Davis,Sacramento Valley,2/24/2024,055,0.12, ,0.00, ,436,R,10.3, ,70.5, ,41.8, ,54.9, ,93, ,37, ,70, ,45.3, ,3.3, ,78.8, ,52.2, 
6,Davis,Sacramento Valley,2/25/2024,056,0.10, ,0.00, ,402, ,10.9, ,71.2, ,42.4, ,54.6, ,96, ,45, ,75, ,46.8, ,3.0, ,73.2, ,52.9, 
6,Davis,Sacramento Valley,2/26/2024,057,0.11, ,0.00, ,403, ,10.9, ,65.6, ,44.3, ,53.9, ,95, ,57, ,76, ,46.7, ,5.0, ,119.2, ,53.9, 
6,Davis,Sacramento Valley,2/27/2024,058,0.14, ,0.00, ,434,R,6.5, ,62.7, ,42.4, ,50.8, ,81, ,28, ,51, ,33.5, ,7.4, ,178.4, ,52.1, 
6,Davis,Sacramento Valley,2/28/2024,059,0.11, ,0.00, ,434, ,8.0, ,65.8, ,36.3, ,51.5, ,91, ,38, ,62, ,38.9, ,3.2, ,77.5, ,51.0, 
6,Davis,Sacramento Valley,2/29/2024,060,0.05, ,0.10, ,176, ,11.4, ,60.2, ,48.4, ,52.8, ,93, ,69, ,84, ,48.1, ,9.8, ,234.5, ,52.4, 
6,Davis,Sacramento Valley,3/1/2024,061,0.05, ,0.52, ,196, ,11.0, ,57.8, ,47.4, ,51.0, ,94, ,73, ,87, ,47.2, ,10.4, ,249.4, ,52.7, 
6,Davis,Sacramento Valley,3/2/2024,062,0.08, ,0.13, ,304, ,8.4, ,53.0, ,42.6, ,46.7, ,92, ,62, ,78, ,40.1, ,9.0, ,215.8, ,51.7, 
6,Davis,Sacramento Valley,3/3/2024,063,0.08, ,0.04, ,323, ,8.8, ,54.9, ,41.5, ,46.9, ,88, ,67, ,81, ,41.3, ,8.2, ,196.3, ,51.2, 
6,Davis,Sacramento Valley,3/4/2024,064,0.05, ,0.00, ,210, ,9.0, ,54.9, ,38.6, ,47.3, ,92, ,65, ,81, ,41.8, ,4.5, ,106.9, ,50.5, 
6,Davis,Sacramento Valley,3/5/2024,065,0.06, ,0.00, ,251, ,10.8, ,60.2, ,45.5, ,51.8, ,92, ,68, ,83, ,46.7, ,6.0, ,143.7, ,51.8, 
6,Davis,Sacramento Valley,3/6/2024,066,0.07, ,0.00, ,282, ,11.7, ,63.4, ,47.6, ,54.5, ,94, ,63, ,81, ,48.8, ,2.4, ,58.7, ,53.4, 
6,Davis,Sacramento Valley,3/7/2024,067,0.14, ,0.00, ,467, ,8.8, ,63.7, ,43.3, ,53.5, ,95, ,39, ,63, ,41.2, ,6.1, ,145.4, ,52.5, 
6,Davis,Sacramento Valley,3/8/2024,068,0.14, ,0.00, ,472, ,7.8, ,67.7, ,45.5, ,55.0, ,86, ,34, ,53, ,38.2, ,5.5, ,131.1, ,52.7, 
6,Davis,Sacramento Valley,3/9/2024,069,0.10, ,0.00, ,353, ,10.5, ,63.1, ,42.7, ,52.1, ,91, ,62, ,79, ,45.8, ,5.9, ,141.5, ,52.7, 
6,Davis,Sacramento Valley,3/10/2024,070,0.12, ,0.05, ,385, ,9.8, ,61.8, ,42.8, ,53.1, ,91, ,50, ,71, ,43.9, ,6.3, ,151.3, ,53.5, 
6,Davis,Sacramento Valley,3/11/2024,071,0.11, ,0.08, ,392, ,10.7, ,63.1, ,48.6, ,54.2, ,94, ,48, ,75, ,46.3, ,4.9, ,117.1, ,54.7, 
6,Davis,Sacramento Valley,3/12/2024,072,0.06, ,0.07, ,257, ,11.2, ,62.6, ,45.8, ,53.2, ,94, ,62, ,81, ,47.5, ,4.7, ,113.2, ,54.8, 
6,Davis,Sacramento Valley,3/13/2024,073,0.18, ,0.00, ,457, ,7.9, ,64.7, ,44.6, ,54.3, ,91, ,31, ,55, ,38.5, ,10.1, ,243.3, ,53.0, 
6,Davis,Sacramento Valley,3/14/2024,074,0.23, ,0.00, ,504,R,6.4, ,67.6, ,49.0, ,57.6, ,57, ,27, ,39, ,33.0, ,13.7,Y,328.8,Y,52.8, 
6,Davis,Sacramento Valley,3/15/2024,075,0.23, ,0.00, ,498, ,6.7, ,73.8, ,51.4, ,60.4, ,52, ,25, ,37, ,34.3, ,11.1, ,265.9, ,53.4, 
6,Davis,Sacramento Valley,3/16/2024,076,0.15, ,0.00, ,486, ,9.1, ,77.5, ,41.0, ,58.2, ,86, ,26, ,55, ,42.2, ,3.7, ,89.5, ,53.9, 
6,Davis,Sacramento Valley,3/17/2024,077,0.14, ,0.00, ,487, ,11.0, ,75.3, ,42.7, ,57.5, ,96, ,36, ,68, ,47.1, ,3.3, ,79.4, ,54.7, 
6,Davis,Sacramento Valley,3/18/2024,078,0.14, ,0.00, ,480, ,11.8, ,75.0, ,44.3, ,59.1, ,95, ,42, ,69, ,49.0, ,3.0, ,72.5, ,55.6, 
6,Davis,Sacramento Valley,3/19/2024,079,0.14, ,0.00, ,488, ,12.6, ,75.6, ,47.2, ,59.0, ,95, ,53, ,74, ,50.7, ,3.3, ,79.7, ,56.7, 
6,Davis,Sacramento Valley,3/20/2024,080,0.16, ,0.00, ,475, ,10.3, ,75.5, ,43.4, ,58.3, ,92, ,34, ,62, ,45.4, ,4.4, ,105.1, ,56.6, 
6,Davis,Sacramento Valley,3/21/2024,081,0.14, ,0.00, ,441, ,11.2, ,69.5, ,47.4, ,57.9, ,91, ,43, ,69, ,47.6, ,4.7, ,113.4, ,57.2, 
6,Davis,Sacramento Valley,3/22/2024,082,0.10, ,0.03, ,328, ,11.8, ,67.5, ,48.1, ,56.2, ,91, ,59, ,77, ,49.0, ,7.5, ,180.5, ,56.9, 
6,Davis,Sacramento Valley,3/23/2024,083,0.06, ,0.29, ,255, ,11.1, ,60.7, ,47.0, ,51.4, ,95, ,66, ,86, ,47.3, ,6.4, ,153.3, ,55.5, 
6,Davis,Sacramento Valley,3/24/2024,084,0.13, ,0.00, ,463, ,10.1, ,64.4, ,47.0, ,54.2, ,92, ,49, ,70, ,44.8, ,4.4, ,104.8, ,55.2, 
6,Davis,Sacramento Valley,3/25/2024,085,0.14, ,0.00, ,486, ,10.5, ,64.1, ,43.3, ,53.3, ,94, ,56, ,76, ,45.8, ,4.8, ,115.1, ,54.8, 
6,Davis,Sacramento Valley,3/26/2024,086,0.12, ,0.00, ,459, ,10.6, ,66.7, ,40.3, ,52.6, ,97, ,53, ,78, ,46.1, ,4.3, ,103.3, ,54.9, 
6,Davis,Sacramento Valley,3/27/2024,087,0.04, ,0.07, ,157, ,11.5, ,60.4, ,43.5, ,52.7, ,95, ,72, ,85, ,48.3, ,7.4, ,177.1, ,54.5, 
6,Davis,Sacramento Valley,3/28/2024,088,0.12, ,0.00, ,417, ,9.8, ,62.0, ,44.6, ,52.9, ,92, ,53, ,72, ,44.1, ,5.5, ,130.9, ,55.1, 
6,Davis,Sacramento Valley,3/29/2024,089,0.04, ,0.16, ,179, ,9.9, ,56.9, ,43.3, ,49.0, ,93, ,62, ,84, ,44.2, ,6.1, ,146.5, ,53.2, 
6,Davis,Sacramento Valley,3/30/2024,090,0.10, ,0.00, ,386, ,10.7, ,61.6, ,47.3, ,52.2, ,93, ,56, ,80, ,46.2, ,5.5, ,132.6, ,53.6, 
6,Davis,Sacramento Valley,3/31/2024,091,0.12, ,0.17, ,453, ,11.6, ,67.6, ,46.9, ,55.3, ,94, ,51, ,78, ,48.6, ,3.2, ,76.1, ,55.0, 
6,Davis,Sacramento Valley,4/1/2024,092,0.19, ,0.00, ,579,R,9.4, ,73.8, ,46.6, ,59.1, ,89, ,28, ,55, ,42.8, ,5.7, ,137.2, ,55.3, 
6,Davis,Sacramento Valley,4/2/2024,093,0.17, ,0.00, ,562, ,11.2, ,73.8, ,43.4, ,59.1, ,95, ,38, ,65, ,47.5, ,4.1, ,99.5, ,55.5, 
6,Davis,Sacramento Valley,4/3/2024,094,0.17, ,0.00, ,522, ,11.3, ,69.4, ,46.3, ,55.8, ,92, ,58, ,74, ,47.8, ,8.2, ,198.0, ,56.7, 
6,Davis,Sacramento Valley,4/4/2024,095,0.04, ,0.18, ,206, ,8.0, ,51.4,Y,37.8, ,44.3,Y,94, ,65, ,81,Y,38.9,Y,5.3, ,127.1, ,53.8, 
6,Davis,Sacramento Valley,4/5/2024,096,0.07, ,0.00, ,307, ,8.2, ,54.8, ,37.7, ,44.8,Y,96, ,59, ,81,Y,39.5,Y,3.9, ,93.0, ,51.8, 
6,Davis,Sacramento Valley,4/6/2024,097,0.15, ,0.00, ,564, ,7.9, ,60.9, ,36.1, ,48.7, ,96, ,36, ,67, ,38.4, ,4.9, ,118.3, ,52.1, 
6,Davis,Sacramento Valley,4/7/2024,098,0.16, ,0.00, ,584, ,8.2, ,65.8, ,36.5, ,51.3, ,96, ,34, ,63, ,39.3, ,4.2, ,101.7, ,51.7, 
6,Davis,Sacramento Valley,4/8/2024,099,0.21, ,0.00, ,567, ,7.7, ,73.5, ,45.7, ,59.2, ,71, ,23, ,45, ,37.7, ,6.9, ,165.4, ,53.1, 
6,Davis,Sacramento Valley,4/9/2024,100,0.18, ,0.00, ,576, ,10.7, ,79.5, ,42.3, ,61.6, ,85, ,33, ,57, ,46.4, ,3.3, ,79.4, ,54.7, 
6,Davis,Sacramento Valley,4/10/2024,101,0.18, ,0.00, ,550, ,13.1, ,80.7, ,47.0, ,64.2, ,93, ,38, ,64, ,51.8, ,3.1, ,74.7, ,57.1, 
6,Davis,Sacramento Valley,4/11/2024,102,0.20, ,0.00, ,571, ,14.1, ,83.0, ,50.6, ,66.3, ,94, ,34, ,64, ,53.8, ,3.8, ,90.5, ,58.8, 
6,Davis,Sacramento Valley,4/12/2024,103,0.19, ,0.00, ,542, ,11.0, ,68.0, ,49.2, ,58.1, ,87, ,51, ,67, ,47.1, ,7.7, ,184.4, ,58.5, 
6,Davis,Sacramento Valley,4/13/2024,104,0.01, ,0.46, ,74, ,9.8, ,56.0, ,43.9, ,47.6, ,94, ,71, ,87, ,44.1, ,5.4, ,129.8, ,55.5, 
6,Davis,Sacramento Valley,4/14/2024,105,0.09, ,0.00, ,349, ,10.3, ,59.7, ,43.2, ,51.4, ,95, ,62, ,80, ,45.4, ,3.6, ,85.9, ,54.7, 
6,Davis,Sacramento Valley,4/15/2024,106,0.16, ,0.00, ,561, ,12.1, ,69.7, ,48.4, ,57.2, ,94, ,54, ,76, ,49.6, ,4.7, ,111.9, ,56.7, 
6,Davis,Sacramento Valley,4/16/2024,107,0.18, ,0.00, ,570, ,13.0, ,77.6, ,44.7, ,61.4, ,97, ,37, ,70, ,51.5, ,3.3, ,80.1, ,56.9, 
6,Davis,Sacramento Valley,4/17/2024,108,0.17, ,0.00, ,521, ,13.6, ,78.4, ,52.4, ,64.7, ,96, ,40, ,65, ,52.7, ,3.7, ,88.8, ,58.3, 
6,Davis,Sacramento Valley,4/18/2024,109,0.21, ,0.00, ,601, ,11.8, ,81.0, ,54.2, ,66.4, ,85, ,35, ,53, ,49.0, ,4.5, ,107.0, ,59.1, 
6,Davis,Sacramento Valley,4/19/2024,110,0.20, ,0.00, ,593, ,14.5, ,79.7, ,50.7, ,64.4, ,93, ,46, ,70, ,54.5, ,3.6, ,85.9, ,60.4, 
6,Davis,Sacramento Valley,4/20/2024,111,0.20, ,0.00, ,599, ,13.2, ,82.5, ,49.5, ,63.9, ,93, ,45, ,65, ,51.9, ,3.5, ,84.3, ,61.1, 
6,Davis,Sacramento Valley,4/21/2024,112,0.22, ,0.00, ,610, ,13.3, ,84.5, ,48.3, ,67.5, ,88, ,36, ,58, ,52.1, ,3.9, ,94.0, ,60.5, 
6,Davis,Sacramento Valley,4/22/2024,113,0.23, ,0.00, ,614, ,12.6, ,87.0, ,52.6, ,67.7, ,89, ,28, ,54, ,50.7, ,5.4, ,128.9, ,60.7, 
6,Davis,Sacramento Valley,4/23/2024,114,0.20, ,0.00, ,598, ,11.3, ,68.7, ,53.2, ,59.9, ,78, ,51, ,64, ,47.8, ,6.8, ,162.8, ,60.7, 
6,Davis,Sacramento Valley,4/24/2024,115,0.16, ,0.00, ,488, ,11.2, ,70.1, ,52.7, ,60.4, ,80, ,47, ,63, ,47.6, ,4.6, ,111.4, ,60.8, 
6,Davis,Sacramento Valley,4/25/2024,116,0.17, ,0.00, ,501, ,12.0, ,71.1, ,48.7, ,59.9, ,89, ,56, ,68, ,49.4, ,6.0, ,143.0, ,60.6, 
6,Davis,Sacramento Valley,4/26/2024,117,0.16, ,0.00, ,464, ,10.6, ,72.4, ,49.4, ,59.7, ,87, ,38, ,61, ,46.0, ,4.3, ,104.2, ,60.2, 
6,Davis,Sacramento Valley,4/27/2024,118,0.19, ,0.00, ,588, ,10.8, ,74.5, ,44.5, ,60.0, ,90, ,38, ,61, ,46.6, ,4.3, ,103.2, ,59.5, 
6,Davis,Sacramento Valley,4/28/2024,119,0.21, ,0.00, ,605, ,11.5, ,78.1, ,47.2, ,62.3, ,91, ,35, ,60, ,48.2, ,3.9, ,94.4, ,60.5, 
6,Davis,Sacramento Valley,4/29/2024,120,0.22, ,0.00, ,649, ,8.9, ,78.0, ,46.5, ,62.5, ,89, ,20, ,46, ,41.5, ,4.1, ,99.1, ,60.1, 
6,Davis,Sacramento Valley,4/30/2024,121,0.23, ,0.00, ,650, ,7.9, ,78.5, ,49.2, ,63.2, ,68, ,17, ,40, ,38.4, ,5.1, ,122.7, ,59.9, 
6,Davis,Sacramento Valley,5/1/2024,122,0.31, ,0.00, ,654, ,5.8, ,80.2, ,54.7, ,66.3, ,52, ,14, ,26, ,30.8, ,9.8, ,234.6, ,60.3, 
6,Davis,Sacramento Valley,5/2/2024,123,0.24, ,0.00, ,611, ,11.1, ,83.0, ,51.3, ,68.2, ,65, ,33, ,47, ,47.3, ,5.1, ,123.3, ,60.5, 
6,Davis,Sacramento Valley,5/3/2024,124,0.25, ,0.00, ,636, ,10.3, ,81.9, ,48.0, ,66.4, ,83, ,19, ,46, ,45.2, ,5.9, ,140.9, ,62.0, 
6,Davis,Sacramento Valley,5/4/2024,125,0.06, ,0.43, ,214, ,11.0, ,58.4,Y,45.5, ,52.8, ,94, ,59, ,81, ,47.0, ,8.6, ,207.3, ,58.6, 
6,Davis,Sacramento Valley,5/5/2024,126,0.17, ,0.00, ,598, ,8.8, ,65.6, ,39.3, ,52.6, ,94, ,41, ,65, ,41.2, ,4.2, ,101.5, ,57.5, 
6,Davis,Sacramento Valley,5/6/2024,127,0.20, ,0.00, ,638, ,10.2, ,71.3, ,42.0, ,56.7, ,92, ,37, ,65, ,45.0, ,4.5, ,107.5, ,58.7, 
6,Davis,Sacramento Valley,5/7/2024,128,0.26, ,0.00, ,657, ,8.5, ,75.8, ,44.0, ,61.1, ,96, ,22, ,46, ,40.2, ,7.2, ,173.6, ,58.4, 
6,Davis,Sacramento Valley,5/8/2024,129,0.38, ,0.00, ,667, ,6.7, ,79.8, ,57.3, ,68.0, ,41, ,19, ,29, ,34.3, ,15.2,R,363.9,R,59.2, 
6,Davis,Sacramento Valley,5/9/2024,130,0.33, ,0.00, ,657, ,8.7, ,86.4, ,57.1, ,71.5, ,45, ,22, ,33, ,40.9, ,9.8, ,235.8, ,60.0, 
6,Davis,Sacramento Valley,5/10/2024,131,0.30, ,0.00, ,655, ,10.3, ,91.5, ,57.0, ,74.5, ,59, ,19, ,35, ,45.3, ,6.2, ,149.3, ,61.6, 
6,Davis,Sacramento Valley,5/11/2024,132,0.26, ,0.00, ,658, ,11.9, ,94.1, ,52.6, ,73.0, ,82, ,16, ,43, ,49.2, ,4.4, ,105.0, ,64.0, 
6,Davis,Sacramento Valley,5/12/2024,133,0.25, ,0.00, ,653, ,14.0, ,89.6, ,53.3, ,69.5, ,86, ,32, ,57, ,53.6, ,4.7, ,113.8, ,67.0, 
6,Davis,Sacramento Valley,5/13/2024,134,0.24, ,0.00, ,654, ,13.0, ,85.4, ,51.2, ,66.9, ,84, ,34, ,58, ,51.6, ,4.5, ,108.0, ,67.9, 
6,Davis,Sacramento Valley,5/14/2024,135,0.24, ,0.00, ,649, ,13.9, ,90.6, ,50.1, ,69.4, ,88, ,34, ,57, ,53.4, ,4.0, ,97.0, ,68.9, 
6,Davis,Sacramento Valley,5/15/2024,136,0.25, ,0.00, ,650, ,15.1, ,93.4, ,54.0, ,71.9, ,85, ,34, ,57, ,55.6, ,4.4, ,106.3, ,69.7, 
6,Davis,Sacramento Valley,5/16/2024,137,0.24, ,0.00, ,653, ,14.3, ,81.9, ,55.4, ,66.7, ,83, ,45, ,64, ,54.1, ,6.2, ,148.6, ,69.6, 
6,Davis,Sacramento Valley,5/17/2024,138,0.22, ,0.00, ,654, ,14.7, ,83.8, ,51.6, ,65.7, ,89, ,45, ,68, ,54.9, ,5.2, ,125.4, ,68.8, 
6,Davis,Sacramento Valley,5/18/2024,139,0.23, ,0.00, ,649, ,14.3, ,81.7, ,53.3, ,65.0, ,90, ,47, ,68, ,54.2, ,6.1, ,147.1, ,68.9, 
6,Davis,Sacramento Valley,5/19/2024,140,0.23, ,0.00, ,650, ,12.4, ,81.3, ,51.5, ,64.7, ,89, ,29, ,59, ,50.2, ,5.1, ,121.6, ,68.6, 
6,Davis,Sacramento Valley,5/20/2024,141,0.32, ,0.00, ,676, ,8.3, ,81.8, ,50.4, ,67.0, ,87, ,17, ,37, ,39.6, ,8.4, ,201.3, ,67.0, 
6,Davis,Sacramento Valley,5/21/2024,142,0.33, ,0.00, ,687, ,7.7, ,87.2, ,58.9, ,73.2, ,61, ,14, ,28, ,37.8, ,8.7, ,209.3, ,66.5, 
6,Davis,Sacramento Valley,5/22/2024,143,0.26, ,0.00, ,661, ,12.1, ,86.4, ,48.7, ,67.9, ,95, ,28, ,52, ,49.5, ,5.4, ,130.7, ,67.4, 
6,Davis,Sacramento Valley,5/23/2024,144,0.32, ,0.00, ,681, ,8.5, ,84.8, ,50.8, ,69.9, ,66, ,18, ,34, ,40.2, ,8.4, ,202.8, ,66.8, 
6,Davis,Sacramento Valley,5/24/2024,145,0.25, ,0.00, ,674, ,11.6, ,74.4, ,51.6, ,61.4, ,82, ,44, ,62, ,48.4, ,9.1, ,218.9, ,65.1, 
6,Davis,Sacramento Valley,5/25/2024,146,0.22, ,0.00, ,661, ,11.8, ,72.6, ,50.6, ,60.7, ,87, ,49, ,65, ,48.8, ,5.9, ,142.1, ,64.9, 
6,Davis,Sacramento Valley,5/26/2024,147,0.23, ,0.00, ,665, ,12.6, ,83.5, ,45.9, ,65.5, ,97, ,37, ,59, ,50.6, ,3.6, ,87.4, ,66.9, 
6,Davis,Sacramento Valley,5/27/2024,148,0.25, ,0.00, ,672, ,13.4, ,85.3, ,50.2, ,67.8, ,97, ,33, ,58, ,52.3, ,4.6, ,111.2, ,67.9, 
6,Davis,Sacramento Valley,5/28/2024,149,0.25, ,0.00, ,668, ,13.6, ,87.7, ,52.9, ,68.3, ,88, ,32, ,57, ,52.7, ,4.8, ,115.8, ,68.7, 
6,Davis,Sacramento Valley,5/29/2024,150,0.33, ,0.00, ,690, ,9.7, ,87.1, ,54.9, ,71.4, ,86, ,15, ,37, ,43.8, ,8.5, ,204.7, ,68.1, 
6,Davis,Sacramento Valley,5/30/2024,151,0.34, ,0.00,H,683,H,9.6,H,90.7, ,65.2,Y,77.3,H,54,H,19,H,30, ,43.6, ,8.2,H,197.6,H,67.5,H
6,Davis,Sacramento Valley,5/31/2024,152,0.29, ,0.00, ,674, ,12.7, ,93.8, ,55.9, ,75.9, ,71, ,24, ,41, ,50.8, ,5.6, ,134.2, ,69.0, 
6,Davis,Sacramento Valley,6/1/2024,153,0.25, ,0.00, ,662, ,13.9, ,86.1, ,53.8, ,69.0, ,83, ,39, ,57, ,53.3, ,5.6, ,133.2, ,69.1, 
6,Davis,Sacramento Valley,6/2/2024,154,0.24, ,0.00, ,642, ,14.7, ,86.0, ,52.8, ,70.3, ,94, ,35, ,58, ,54.9, ,4.6, ,110.7, ,69.9, 
6,Davis,Sacramento Valley,6/3/2024,155,0.22, ,0.00, ,518, ,15.8, ,84.7, ,60.5, ,72.6, ,73, ,44, ,58, ,56.9, ,6.6, ,157.2, ,70.7, 
6,Davis,Sacramento Valley,6/4/2024,156,0.35, ,0.00, ,673, ,15.5, ,99.4, ,57.6, ,81.1, ,79, ,25, ,43, ,56.3, ,8.3, ,199.8, ,70.6, 
6,Davis,Sacramento Valley,6/5/2024,157,0.30, ,0.00, ,667, ,18.0,Y,101.7, ,63.4, ,84.5,Y,80, ,27, ,45,Y,60.5,Y,4.7, ,113.5, ,72.7, 
6,Davis,Sacramento Valley,6/6/2024,158,0.28, ,0.00, ,672, ,17.9,Y,94.6, ,62.5, ,78.4, ,77, ,34, ,54,Y,60.4,Y,4.7, ,112.0, ,73.3, 
6,Davis,Sacramento Valley,6/7/2024,159,0.27, ,0.01, ,685, ,15.4, ,89.3, ,57.8, ,71.0, ,80, ,36, ,59, ,56.1, ,6.3, ,150.3, ,72.3, 
6,Davis,Sacramento Valley,6/8/2024,160,0.24, ,0.00, ,651, ,14.7, ,82.9, ,56.6, ,68.0, ,83, ,46, ,63, ,54.9, ,5.7, ,135.7, ,71.8, 
6,Davis,Sacramento Valley,6/9/2024,161,0.25, ,0.00, ,663, ,14.3, ,85.9, ,56.1, ,68.8, ,79, ,40, ,59, ,54.1, ,5.3, ,126.3, ,71.4, 
6,Davis,Sacramento Valley,6/10/2024,162,0.26, ,0.00, ,673, ,16.3, ,93.8, ,55.4, ,74.0, ,85, ,38, ,57, ,57.7, ,4.1, ,97.9, ,72.0, 
6,Davis,Sacramento Valley,6/11/2024,163,0.28, ,0.00, ,677, ,17.8, ,98.7, ,55.4, ,78.8, ,95, ,34, ,53, ,60.2, ,4.1, ,98.8, ,72.7, 
6,Davis,Sacramento Valley,6/12/2024,164,0.28, ,0.00, ,693, ,16.6, ,93.7, ,59.9, ,76.2, ,93, ,35, ,54, ,58.2, ,5.3, ,127.1, ,73.9, 
6,Davis,Sacramento Valley,6/13/2024,165,0.25, ,0.00, ,688, ,13.9, ,83.1, ,53.9, ,66.9, ,87, ,42, ,62, ,53.3, ,5.9, ,140.9, ,71.4, 
6,Davis,Sacramento Valley,6/14/2024,166,0.28, ,0.00, ,677, ,12.6, ,91.4, ,50.6, ,69.6, ,92, ,26, ,51, ,50.7, ,5.8, ,138.9, ,70.7, 
6,Davis,Sacramento Valley,6/15/2024,167,0.30, ,0.00, ,706, ,9.7, ,86.4, ,48.7, ,70.0, ,90, ,15, ,39, ,43.7, ,6.0, ,143.0, ,69.4, 
6,Davis,Sacramento Valley,6/16/2024,168,0.32, ,0.00, ,703, ,10.3, ,89.3, ,52.1, ,73.5, ,80, ,24, ,37, ,45.4, ,6.9, ,164.8, ,69.5, 
6,Davis,Sacramento Valley,6/17/2024,169,0.35, ,0.00, ,713, ,7.8, ,82.6, ,55.8, ,70.1, ,69, ,14, ,31, ,38.2, ,9.7, ,233.6, ,68.9, 
6,Davis,Sacramento Valley,6/18/2024,170,0.32, ,0.00, ,671, ,8.9, ,87.8, ,59.8, ,73.9, ,52, ,17, ,31, ,41.5, ,7.2, ,173.0, ,68.6, 
6,Davis,Sacramento Valley,6/19/2024,171,0.26, ,0.00, ,678, ,11.9, ,86.1, ,49.8, ,68.1, ,95, ,25, ,51, ,49.2, ,4.4, ,106.6, ,69.7, 
6,Davis,Sacramento Valley,6/20/2024,172,0.25, ,0.00, ,664, ,13.2, ,86.9, ,49.9, ,67.8, ,94, ,30, ,57, ,51.9, ,4.4, ,104.5, ,70.3, 
6,Davis,Sacramento Valley,6/21/2024,173,0.27, ,0.00, ,683, ,14.7, ,91.9, ,51.8, ,71.5, ,94, ,31, ,56, ,54.8, ,4.4, ,106.1, ,71.8, 
6,Davis,Sacramento Valley,6/22/2024,174,0.28, ,0.00, ,690, ,16.0, ,99.3, ,54.3, ,77.5, ,90, ,27, ,50, ,57.3, ,4.0, ,96.1, ,73.7, 
6,Davis,Sacramento Valley,6/23/2024,175,0.34, ,0.00, ,703, ,14.5, ,97.5, ,61.8, ,80.2, ,76, ,24, ,41, ,54.5, ,7.0, ,167.8, ,74.0, 
6,Davis,Sacramento Valley,6/24/2024,176,0.32, ,0.00, ,713, ,11.8, ,96.2, ,57.2, ,77.1, ,80, ,16, ,37, ,49.0, ,6.4, ,154.6, ,73.3, 
6,Davis,Sacramento Valley,6/25/2024,177,0.26, ,0.00, ,598, ,13.1, ,95.8, ,59.3, ,76.6, ,75, ,19, ,42, ,51.7, ,4.4, ,104.7, ,73.5, 
6,Davis,Sacramento Valley,6/26/2024,178,0.30, ,0.00, ,690, ,13.8, ,91.0, ,56.4, ,73.5, ,84, ,30, ,49, ,53.2, ,6.5, ,156.8, ,73.3, 
6,Davis,Sacramento Valley,6/27/2024,179,0.27, ,0.00, ,692, ,13.2, ,88.8, ,52.6, ,71.6, ,93, ,27, ,50, ,51.9, ,4.8, ,115.5, ,72.1, 
6,Davis,Sacramento Valley,6/28/2024,180,0.29, ,0.00, ,695, ,13.6, ,94.0, ,55.3, ,75.8, ,91, ,20, ,45, ,52.8, ,4.6, ,111.0, ,72.0, 
6,Davis,Sacramento Valley,6/29/2024,181,0.28, ,0.00, ,685, ,15.3, ,94.8, ,55.9, ,76.1, ,92, ,27, ,50, ,56.0, ,4.1, ,99.1, ,72.6, 
6,Davis,Sacramento Valley,6/30/2024,182,0.31, ,0.00, ,678, ,16.0, ,95.8, ,62.5, ,80.1, ,79, ,28, ,45, ,57.1, ,5.9, ,140.7, ,73.3, 
6,Davis,Sacramento Valley,7/1/2024,183,0.33, ,0.00, ,697, ,14.1, ,101.0, ,59.1, ,82.2, ,94, ,14, ,38, ,53.8, ,5.5, ,131.9, ,73.3, 
6,Davis,Sacramento Valley,7/2/2024,184,0.37,R,0.00, ,706, ,12.6, ,103.0, ,,S,89.4,R,44,H,15,H,,R,,I,10.3,R,246.1,R,73.6, 
6,Davis,Sacramento Valley,7/3/2024,185,0.35,R,0.00, ,690, ,13.2, ,103.5, ,,S,89.9,R,55,H,18,H,,R,,I,8.3, ,198.7, ,73.6, 
6,Davis,Sacramento Valley,7/4/2024,186,0.30, ,0.00, ,683, ,16.7, ,103.5, ,59.0, ,82.6, ,89, ,23, ,44, ,58.5, ,3.9, ,94.1, ,74.2, 
6,Davis,Sacramento Valley,7/5/2024,187,0.30, ,0.00, ,686, ,17.2, ,104.7,Y,59.0, ,83.1, ,90, ,25, ,44, ,59.3, ,3.8, ,91.8, ,75.0, 
6,Davis,Sacramento Valley,7/6/2024,188,0.29, ,0.00, ,675, ,18.6,Y,111.3,Y,61.7, ,85.2,Y,89, ,19, ,45,Y,61.4,Y,3.4, ,81.1, ,76.2, 
6,Davis,Sacramento Valley,7/7/2024,189,0.29, ,0.00, ,676, ,19.1,Y,100.7, ,61.7, ,80.2, ,92, ,29, ,54,Y,62.1,Y,4.4, ,106.0, ,76.4, 
6,Davis,Sacramento Valley,7/8/2024,190,0.28, ,0.00, ,686, ,17.7, ,97.9, ,59.3, ,76.8, ,90, ,28, ,56, ,60.0, ,5.0, ,120.8, ,75.0, 
6,Davis,Sacramento Valley,7/9/2024,191,0.27, ,0.00, ,683, ,17.0, ,93.1, ,58.1, ,73.8, ,92, ,32, ,60, ,58.8, ,4.9, ,118.7, ,73.9, 
6,Davis,Sacramento Valley,7/10/2024,192,0.28, ,0.00, ,680, ,18.4,Y,102.8, ,56.6, ,79.8, ,96, ,23, ,53,Y,61.1,Y,3.1, ,74.0, ,74.6, 
6,Davis,Sacramento Valley,7/11/2024,193,0.30, ,0.00, ,668, ,17.1, ,107.0,Y,59.4, ,85.2,Y,93, ,17, ,41,Y,59.0,Y,4.0, ,95.1, ,75.7, 
6,Davis,Sacramento Valley,7/12/2024,194,0.30, ,0.00, ,652, ,17.9, ,106.3,Y,61.8, ,84.3,Y,92, ,19, ,44,Y,60.3,Y,4.0, ,97.0, ,76.6, 
6,Davis,Sacramento Valley,7/13/2024,195,0.24, ,0.00, ,532, ,16.6, ,95.5, ,60.8, ,76.8, ,83, ,36, ,53, ,58.2, ,5.5, ,130.9, ,75.4, 
6,Davis,Sacramento Valley,7/14/2024,196,0.23, ,0.00, ,527, ,15.8, ,95.5, ,60.2, ,76.2, ,77, ,27, ,51, ,56.9, ,4.8, ,114.7, ,74.4, 
6,Davis,Sacramento Valley,7/15/2024,197,0.28, ,0.00, ,657, ,14.6, ,91.4, ,57.6, ,73.6, ,82, ,31, ,52, ,54.7, ,5.7, ,136.4, ,73.8, 
6,Davis,Sacramento Valley,7/16/2024,198,0.29, ,0.00, ,676, ,12.9, ,87.9, ,55.9, ,71.2, ,83, ,27, ,49, ,51.3, ,7.1, ,171.0, ,72.2, 
6,Davis,Sacramento Valley,7/17/2024,199,0.24, ,0.00, ,669, ,15.1, ,89.9, ,51.2, ,71.0, ,93, ,36, ,58, ,55.7, ,4.4, ,104.4, ,71.5, 
6,Davis,Sacramento Valley,7/18/2024,200,0.27, ,0.00, ,653, ,16.8, ,98.3, ,57.6, ,78.5, ,93, ,28, ,50, ,58.5, ,4.3, ,102.3, ,72.8, 
6,Davis,Sacramento Valley,7/19/2024,201,0.29, ,0.00, ,653, ,15.6, ,101.8, ,60.2, ,82.3, ,90, ,24, ,42, ,56.6, ,4.3, ,103.1, ,73.8, 
6,Davis,Sacramento Valley,7/20/2024,202,0.28, ,0.00, ,634, ,16.8, ,102.1, ,61.0, ,80.5, ,87, ,24, ,47, ,58.5, ,4.7, ,114.0, ,73.7, 
6,Davis,Sacramento Valley,7/21/2024,203,0.25, ,0.00, ,644, ,17.0, ,91.4, ,58.2, ,74.3, ,90, ,37, ,59, ,58.9, ,4.6, ,111.2, ,72.6, 
6,Davis,Sacramento Valley,7/22/2024,204,0.27, ,0.00, ,635, ,17.7, ,102.1, ,59.1, ,81.1, ,94, ,22, ,49, ,60.0, ,3.8, ,90.9, ,73.4, 
6,Davis,Sacramento Valley,7/23/2024,205,0.29, ,0.00, ,630, ,16.7, ,105.8,Y,63.0, ,86.0,Y,88, ,16, ,39,Y,58.4,Y,4.1, ,98.7, ,74.5, 
6,Davis,Sacramento Valley,7/24/2024,206,0.31,R,0.00, ,572, ,13.3, ,103.0, ,61.7, ,85.2,Y,77, ,17, ,32,Y,52.1,Y,5.8, ,138.0, ,73.9, 
6,Davis,Sacramento Valley,7/25/2024,207,0.31, ,0.00, ,652, ,14.5, ,98.3, ,62.7, ,80.4, ,77, ,26, ,41, ,54.5, ,6.7, ,160.8, ,72.5, 
6,Davis,Sacramento Valley,7/26/2024,208,0.29, ,0.00, ,655, ,13.2, ,97.4, ,57.1, ,75.2, ,83, ,19, ,44, ,52.0, ,6.2, ,149.4, ,71.6, 
6,Davis,Sacramento Valley,7/27/2024,209,0.22, ,0.00, ,628, ,13.7, ,74.9,Y,55.3, ,64.0, ,84, ,51, ,68, ,53.0, ,8.0,Y,192.7,Y,69.9, 
6,Davis,Sacramento Valley,7/28/2024,210,0.22, ,0.00, ,593, ,14.6, ,85.8, ,52.7, ,67.9, ,96, ,34, ,63, ,54.7, ,4.0, ,95.6, ,70.6, 
6,Davis,Sacramento Valley,7/29/2024,211,0.23, ,0.00, ,628, ,15.0, ,87.5, ,54.6, ,69.5, ,94, ,34, ,61, ,55.5, ,4.8, ,114.8, ,71.1, 
6,Davis,Sacramento Valley,7/30/2024,212,0.23, ,0.00, ,636, ,16.7, ,89.9, ,56.0, ,72.1, ,95, ,37, ,62, ,58.3, ,4.1, ,97.2, ,72.0, 
6,Davis,Sacramento Valley,7/31/2024,213,0.25, ,0.00, ,629, ,17.5, ,94.6, ,58.1, ,75.5, ,97, ,30, ,58, ,59.7, ,4.3, ,102.7, ,73.2, 
6,Davis,Sacramento Valley,8/1/2024,214,0.25, ,0.00, ,634, ,15.8, ,98.7, ,56.5, ,77.9, ,95, ,20, ,48, ,56.9, ,3.5, ,83.5, ,73.7, 
6,Davis,Sacramento Valley,8/2/2024,215,0.21, ,0.00, ,461, ,16.5, ,94.6, ,60.0, ,79.7, ,93, ,29, ,48, ,58.1, ,4.6, ,109.6, ,73.9, 
6,Davis,Sacramento Valley,8/3/2024,216,0.26, ,0.00, ,608, ,15.1, ,99.5, ,63.3, ,82.1, ,84, ,18, ,40, ,55.7, ,4.0, ,95.2, ,74.8, 
6,Davis,Sacramento Valley,8/4/2024,217,0.26, ,0.00, ,629, ,15.8, ,98.1, ,59.0, ,76.6, ,88, ,20, ,51, ,56.9, ,4.9, ,118.4, ,74.1, 
6,Davis,Sacramento Valley,8/5/2024,218,0.25, ,0.00, ,648, ,15.4, ,92.9, ,53.7, ,71.7, ,95, ,27, ,58, ,56.2, ,4.7, ,112.2, ,72.3, 
6,Davis,Sacramento Valley,8/6/2024,219,0.25, ,0.00, ,623, ,14.4, ,98.9, ,53.1, ,76.0, ,95, ,17, ,47, ,54.3, ,4.1, ,97.9, ,72.0, 
6,Davis,Sacramento Valley,8/7/2024,220,0.28, ,0.00, ,615, ,14.2, ,98.3, ,56.7, ,77.6, ,90, ,16, ,44, ,53.9, ,5.1, ,121.8, ,72.3, 
6,Davis,Sacramento Valley,8/8/2024,221,0.24, ,0.00, ,599, ,15.6, ,92.9, ,57.8, ,73.8, ,90, ,32, ,55, ,56.5, ,4.5, ,108.8, ,71.9, 
6,Davis,Sacramento Valley,8/9/2024,222,0.24, ,0.00, ,606, ,15.2, ,96.0, ,55.4, ,73.4, ,94, ,29, ,54, ,55.8, ,4.7, ,112.6, ,71.7, 
6,Davis,Sacramento Valley,8/10/2024,223,0.24, ,0.00, ,618, ,15.4, ,94.9, ,53.5, ,73.7, ,94, ,28, ,54, ,56.1, ,4.1, ,99.1, ,71.6, 
6,Davis,Sacramento Valley,8/11/2024,224,0.23, ,0.00, ,595, ,15.4, ,88.8, ,55.9, ,71.2, ,93, ,40, ,59, ,56.2, ,5.4, ,128.9, ,71.3, 
6,Davis,Sacramento Valley,8/12/2024,225,0.23, ,0.00, ,573, ,14.1, ,90.1, ,54.1, ,70.2, ,96, ,29, ,56, ,53.8, ,5.5, ,132.5, ,70.2, 
6,Davis,Sacramento Valley,8/13/2024,226,0.23, ,0.00, ,600, ,14.1, ,89.3, ,53.1, ,71.3, ,91, ,31, ,54, ,53.8, ,4.8, ,116.2, ,69.3, 
6,Davis,Sacramento Valley,8/14/2024,227,0.25, ,0.00, ,705,R,14.8, ,94.7, ,66.0,Y,84.2,Y,94, ,28, ,37,Y,55.1,Y,6.7, ,160.2, ,72.4, 
6,Davis,Sacramento Valley,8/15/2024,228,0.24, ,0.00, ,599, ,15.0, ,91.1, ,56.4, ,74.8, ,91, ,31, ,51, ,55.3, ,3.9, ,94.3, ,71.5, 
6,Davis,Sacramento Valley,8/16/2024,229,0.24, ,0.00, ,595, ,15.6, ,92.2, ,56.7, ,74.6, ,93, ,30, ,53, ,56.4, ,4.4, ,106.6, ,72.4, 
6,Davis,Sacramento Valley,8/17/2024,230,0.24, ,0.00, ,585, ,16.9, ,83.3, ,59.5, ,71.4, ,85, ,50, ,64, ,58.8, ,7.7, ,185.9, ,72.1, 
6,Davis,Sacramento Valley,8/18/2024,231,0.22, ,0.00, ,608, ,13.8, ,85.1, ,55.9, ,69.7, ,96, ,28, ,56, ,53.2, ,4.5, ,108.3, ,71.7, 
6,Davis,Sacramento Valley,8/19/2024,232,0.23, ,0.00, ,597, ,12.9, ,88.8, ,54.2, ,71.3, ,96, ,26, ,49, ,51.3, ,3.7, ,89.3, ,71.3, 
6,Davis,Sacramento Valley,8/20/2024,233,0.23, ,0.00, ,586, ,13.4, ,92.3, ,52.5, ,73.0, ,93, ,27, ,48, ,52.4, ,4.2, ,100.2, ,71.0, 
6,Davis,Sacramento Valley,8/21/2024,234,0.24, ,0.00, ,593, ,13.7, ,89.5, ,55.7, ,72.5, ,86, ,24, ,50, ,52.9, ,5.0, ,119.4, ,71.1, 
6,Davis,Sacramento Valley,8/22/2024,235,0.24, ,0.00, ,578, ,14.7, ,81.3, ,58.4, ,68.6, ,85, ,44, ,62, ,54.9, ,9.4,Y,226.6,Y,70.0, 
6,Davis,Sacramento Valley,8/23/2024,236,0.16, ,0.00, ,429, ,12.5, ,74.4,Y,53.3, ,66.1, ,87, ,45, ,57, ,50.5, ,6.3, ,151.8, ,68.5, 
6,Davis,Sacramento Valley,8/24/2024,237,0.14, ,0.00, ,396, ,15.1, ,76.2,Y,58.8, ,67.1, ,93, ,48, ,66, ,55.5, ,5.3, ,127.9, ,69.0, 
6,Davis,Sacramento Valley,8/25/2024,238,0.23, ,0.00, ,578, ,12.3, ,85.8, ,53.3, ,70.1, ,94, ,23, ,49, ,50.0, ,5.4, ,129.1, ,68.3, 
6,Davis,Sacramento Valley,8/26/2024,239,0.22, ,0.00, ,569, ,13.3, ,93.1, ,53.5, ,74.6, ,93, ,25, ,46, ,52.2, ,2.8, ,67.1, ,69.5, 
6,Davis,Sacramento Valley,8/27/2024,240,0.23, ,0.00, ,566, ,14.0, ,96.3, ,54.8, ,76.9, ,91, ,24, ,44, ,53.5, ,3.5, ,83.1, ,70.5, 
6,Davis,Sacramento Valley,8/28/2024,241,0.24, ,0.00, ,571, ,13.3, ,97.5, ,56.4, ,77.0, ,91, ,13, ,42, ,52.1, ,4.4, ,106.0, ,71.1, 
6,Davis,Sacramento Valley,8/29/2024,242,0.21, ,0.00, ,553, ,14.5, ,93.1, ,53.0, ,72.6, ,94, ,27, ,53, ,54.6, ,3.9, ,94.8, ,70.6, 
6,Davis,Sacramento Valley,8/30/2024,243,0.21, ,0.00, ,548, ,14.5, ,93.0, ,53.5, ,73.2, ,93, ,30, ,52, ,54.5, ,3.6, ,85.4, ,70.6, 
6,Davis,Sacramento Valley,8/31/2024,244,0.21, ,0.00, ,540, ,14.4, ,94.5, ,54.3, ,73.5, ,95, ,28, ,51, ,54.4, ,3.3, ,80.4, ,70.7, 
6,Davis,Sacramento Valley,9/1/2024,245,0.23, ,0.00, ,548, ,13.5, ,92.2, ,55.3, ,72.0, ,91, ,24, ,50, ,52.6, ,5.2, ,124.7, ,70.0, 
6,Davis,Sacramento Valley,9/2/2024,246,0.21, ,0.00, ,560, ,13.4, ,88.8, ,55.8, ,70.9, ,82, ,29, ,52, ,52.3, ,4.5, ,108.5, ,70.0, 
6,Davis,Sacramento Valley,9/3/2024,247,0.25, ,0.00, ,547, ,11.8, ,97.5, ,54.3, ,76.2, ,83, ,18, ,38, ,48.9, ,4.8, ,115.9, ,69.5, 
6,Davis,Sacramento Valley,9/4/2024,248,0.24, ,0.00, ,536, ,11.7, ,100.8, ,53.6, ,79.6, ,82, ,19, ,34, ,48.6, ,3.5, ,84.6, ,69.6, 
6,Davis,Sacramento Valley,9/5/2024,249,0.22, ,0.00, ,532, ,13.1, ,100.4, ,56.3, ,79.0, ,94, ,12, ,39, ,51.7, ,3.1, ,73.5, ,70.4, 
6,Davis,Sacramento Valley,9/6/2024,250,0.23, ,0.00, ,524, ,12.2, ,102.7, ,55.1, ,80.3, ,89, ,15, ,34, ,49.8, ,3.4, ,81.7, ,70.4, 
6,Davis,Sacramento Valley,9/7/2024,251,0.27, ,0.00, ,539, ,11.0, ,96.3, ,57.5, ,77.1, ,84, ,14, ,35, ,47.0, ,6.2, ,148.4, ,69.4, 
6,Davis,Sacramento Valley,9/8/2024,252,0.20, ,0.00, ,533, ,12.3, ,97.1, ,52.5, ,75.3, ,95, ,21, ,41, ,49.9, ,3.0, ,71.2, ,68.7, 
6,Davis,Sacramento Valley,9/9/2024,253,0.23, ,0.00, ,521, ,12.6, ,97.7, ,56.4, ,78.0, ,83, ,22, ,38, ,50.7, ,4.7, ,113.4, ,69.4, 
6,Davis,Sacramento Valley,9/10/2024,254,0.19, ,0.00, ,526, ,13.7, ,84.8, ,54.4, ,67.9, ,88, ,35, ,59, ,52.9, ,5.5, ,133.0, ,68.4, 
6,Davis,Sacramento Valley,9/11/2024,255,0.20, ,0.00, ,512, ,13.8, ,88.2, ,51.8, ,68.4, ,95, ,31, ,58, ,53.1, ,5.4, ,128.6, ,67.9, 
6,Davis,Sacramento Valley,9/12/2024,256,0.22, ,0.00, ,516, ,11.6, ,86.7, ,51.3, ,69.7, ,94, ,21, ,47, ,48.6, ,5.4, ,129.7, ,66.7, 
6,Davis,Sacramento Valley,9/13/2024,257,0.20, ,0.00, ,508, ,12.3, ,92.4, ,52.9, ,72.2, ,88, ,22, ,45, ,49.9, ,4.0, ,95.1, ,66.3, 
6,Davis,Sacramento Valley,9/14/2024,258,0.20, ,0.00, ,499, ,13.7, ,91.3, ,52.0, ,71.0, ,95, ,23, ,53, ,52.9, ,4.8, ,114.5, ,67.0, 
6,Davis,Sacramento Valley,9/15/2024,259,0.17, ,0.00, ,443, ,13.3, ,78.5, ,55.3, ,64.8, ,82, ,45, ,64, ,52.2, ,8.5, ,204.0, ,66.4, 
6,Davis,Sacramento Valley,9/16/2024,260,0.08, ,0.00, ,274, ,12.5, ,71.1,Y,50.2, ,60.6, ,93, ,47, ,69, ,50.5, ,3.6, ,86.3, ,65.4, 
6,Davis,Sacramento Valley,9/17/2024,261,0.16, ,0.00, ,453, ,13.6, ,75.3, ,55.1, ,64.4, ,84, ,47, ,66, ,52.8, ,6.3, ,150.5, ,65.5, 
6,Davis,Sacramento Valley,9/18/2024,262,0.09, ,0.00, ,296, ,14.5, ,74.0, ,56.4, ,64.3, ,92, ,53, ,70, ,54.4, ,3.1, ,75.1, ,65.7, 
6,Davis,Sacramento Valley,9/19/2024,263,0.17, ,0.00, ,465, ,14.3, ,86.8, ,53.2, ,68.7, ,96, ,32, ,60, ,54.1, ,3.8, ,90.1, ,65.4, 
6,Davis,Sacramento Valley,9/20/2024,264,0.17, ,0.00, ,468, ,14.8, ,90.0, ,51.7, ,68.8, ,96, ,36, ,62, ,55.1, ,4.0, ,95.9, ,65.7, 
6,Davis,Sacramento Valley,9/21/2024,265,0.16, ,0.00, ,464, ,14.7, ,89.1, ,51.2, ,69.3, ,95, ,31, ,60, ,54.8, ,3.4, ,81.8, ,65.9, 
6,Davis,Sacramento Valley,9/22/2024,266,0.17, ,0.00, ,461, ,14.0, ,94.9, ,52.8, ,72.0, ,95, ,20, ,52, ,53.5, ,2.8, ,67.8, ,66.1, 
6,Davis,Sacramento Valley,9/23/2024,267,0.19, ,0.00, ,456, ,12.7, ,97.4, ,53.2, ,75.3, ,91, ,18, ,42, ,50.8, ,3.2, ,76.9, ,65.7, 
6,Davis,Sacramento Valley,9/24/2024,268,0.18, ,0.00, ,453, ,13.9, ,100.7, ,54.1, ,76.7, ,91, ,18, ,44, ,53.3, ,3.0, ,72.2, ,66.4, 
6,Davis,Sacramento Valley,9/25/2024,269,0.17, ,0.00, ,449, ,14.8, ,84.2, ,57.7, ,68.7, ,86, ,42, ,62, ,55.0, ,6.3, ,150.8, ,66.5, 
6,Davis,Sacramento Valley,9/26/2024,270,0.15, ,0.00,H,453,H,14.1,H,88.8, ,49.9, ,67.6,H,96,H,33,H,61, ,53.7, ,3.4,H,82.2,H,65.5,H
6,Davis,Sacramento Valley,9/27/2024,271,0.17, ,0.00, ,457, ,13.4, ,95.3, ,51.6, ,72.8, ,93, ,23, ,49, ,52.3, ,2.4, ,57.7, ,66.1, 
6,Davis,Sacramento Valley,9/28/2024,272,0.17, ,0.00, ,446, ,13.8, ,91.9, ,52.0, ,70.8, ,93, ,28, ,54, ,53.1, ,3.6, ,87.5, ,66.4, 
6,Davis,Sacramento Valley,9/29/2024,273,0.15, ,0.00, ,441, ,13.4, ,90.1, ,48.7, ,67.5, ,96, ,27, ,58, ,52.3, ,3.1, ,75.2, ,65.9, 
6,Davis,Sacramento Valley,9/30/2024,274,0.20, ,0.00, ,439, ,10.8, ,92.3, ,53.7, ,72.6, ,85, ,20, ,39, ,46.5, ,4.9, ,117.5, ,65.6, 
6,Davis,Sacramento Valley,10/1/2024,275,0.21, ,0.00, ,427, ,10.2, ,100.6, ,54.9, ,78.4,Y,67, ,15, ,31,Y,45.0,Y,4.4, ,106.1, ,65.7, 
6,Davis,Sacramento Valley,10/2/2024,276,0.19, ,0.00, ,425, ,11.2, ,102.5,Y,57.0, ,79.6,Y,71, ,17, ,32,Y,47.5,Y,3.5, ,84.8, ,66.2, 
6,Davis,Sacramento Valley,10/3/2024,277,0.19, ,0.00, ,425, ,11.0, ,98.7, ,54.6, ,76.3, ,86, ,18, ,35, ,47.0, ,3.7, ,87.7, ,66.3, 
6,Davis,Sacramento Valley,10/4/2024,278,0.17, ,0.00, ,359, ,10.7, ,97.0, ,56.1, ,76.9, ,66, ,17, ,34, ,46.3, ,3.7, ,88.7, ,65.8, 
6,Davis,Sacramento Valley,10/5/2024,279,0.21, ,0.00, ,404, ,11.3, ,98.6, ,57.5, ,78.3,Y,72, ,18, ,34,Y,47.8,Y,5.3, ,126.9, ,66.1, 
6,Davis,Sacramento Valley,10/6/2024,280,0.22, ,0.00, ,390, ,10.6, ,100.0,Y,58.9, ,80.5,Y,56, ,17, ,30,Y,46.1,Y,5.7, ,135.8, ,66.5, 
6,Davis,Sacramento Valley,10/7/2024,281,0.21, ,0.00, ,389, ,10.9, ,99.3,Y,56.4, ,79.9,Y,81, ,17, ,31,Y,46.7,Y,4.6, ,111.5, ,66.4, 
6,Davis,Sacramento Valley,10/8/2024,282,0.19, ,0.00, ,403, ,11.1, ,100.0,Y,54.3, ,77.7,Y,82, ,18, ,34,Y,47.3,Y,4.0, ,95.9, ,66.3, 
6,Davis,Sacramento Valley,10/9/2024,283,0.12, ,0.00, ,365, ,13.7, ,86.7, ,52.0, ,68.8, ,95, ,30, ,57, ,52.9, ,3.1, ,73.4, ,65.8, 
6,Davis,Sacramento Valley,10/10/2024,284,0.13, ,0.00, ,375, ,14.0, ,85.6, ,52.1, ,67.5, ,94, ,39, ,61, ,53.5, ,3.5, ,82.8, ,65.5, 
6,Davis,Sacramento Valley,10/11/2024,285,0.15, ,0.00, ,386, ,11.1, ,82.6, ,47.3, ,64.3, ,93, ,21, ,54, ,47.2, ,4.2, ,100.3, ,64.6, 
6,Davis,Sacramento Valley,10/12/2024,286,0.10, ,0.00, ,319, ,15.6, ,77.8, ,53.1, ,64.9, ,93, ,55, ,74, ,56.5, ,5.1, ,121.4, ,64.1, 
6,Davis,Sacramento Valley,10/13/2024,287,0.13, ,0.00, ,369, ,15.5, ,82.6, ,57.8, ,69.4, ,94, ,41, ,63, ,56.3, ,4.3, ,103.2, ,65.2, 
6,Davis,Sacramento Valley,10/14/2024,288,0.12, ,0.00, ,368, ,15.6, ,83.8, ,50.9, ,67.9, ,97, ,43, ,67, ,56.5, ,3.3, ,80.4, ,65.4, 
6,Davis,Sacramento Valley,10/15/2024,289,0.12, ,0.00, ,368, ,15.2, ,84.6, ,51.4, ,67.6, ,90, ,41, ,66, ,55.8, ,3.5, ,83.6, ,66.0, 
6,Davis,Sacramento Valley,10/16/2024,290,0.08, ,0.00, ,240, ,15.5, ,78.1, ,56.6, ,66.2, ,83, ,52, ,71, ,56.4, ,3.5, ,84.9, ,65.9, 
6,Davis,Sacramento Valley,10/17/2024,291,0.18, ,0.00, ,348, ,9.5, ,75.2, ,49.9, ,62.9, ,91, ,21, ,49, ,43.3, ,9.4, ,225.1, ,64.5, 
6,Davis,Sacramento Valley,10/18/2024,292,0.25, ,0.00, ,358, ,5.1, ,76.8, ,54.6, ,64.6, ,39, ,14, ,24, ,27.5, ,13.8,Y,332.1,Y,62.0, 
6,Davis,Sacramento Valley,10/19/2024,293,0.16, ,0.00, ,362, ,6.5, ,77.9, ,51.8, ,65.8, ,53, ,21, ,30, ,33.6, ,5.5, ,132.0, ,61.8, 
6,Davis,Sacramento Valley,10/20/2024,294,0.12, ,0.00, ,350, ,7.5, ,79.1, ,43.4, ,61.4, ,75, ,22, ,40, ,37.1, ,2.6, ,62.7, ,60.9, 
6,Davis,Sacramento Valley,10/21/2024,295,0.15, ,0.00, ,348, ,9.0, ,78.5, ,48.1, ,64.5, ,82, ,18, ,43, ,41.7, ,5.3, ,127.1, ,60.8, 
6,Davis,Sacramento Valley,10/22/2024,296,0.11, ,0.00, ,349, ,9.2, ,78.6, ,45.8, ,59.7, ,92, ,26, ,52, ,42.3, ,2.6, ,62.9, ,60.7, 
6,Davis,Sacramento Valley,10/23/2024,297,0.13, ,0.00, ,339, ,9.6, ,80.2, ,44.7, ,63.1, ,95, ,30, ,49, ,43.6, ,5.0, ,118.9, ,59.8, 
6,Davis,Sacramento Valley,10/24/2024,298,0.17, ,0.00, ,348, ,6.5, ,75.7, ,47.5, ,62.2, ,56, ,24, ,34, ,33.6, ,8.1, ,195.6, ,59.2, 
6,Davis,Sacramento Valley,10/25/2024,299,0.09, ,0.00, ,297, ,8.4, ,77.8, ,41.0, ,59.1, ,90, ,29, ,49, ,40.2, ,2.5, ,60.8, ,58.4, 
6,Davis,Sacramento Valley,10/26/2024,300,0.10, ,0.00, ,300, ,9.8, ,78.8, ,40.4, ,61.1, ,92, ,29, ,53, ,43.9, ,3.2, ,76.6, ,58.1, 
6,Davis,Sacramento Valley,10/27/2024,301,0.11, ,0.00, ,287, ,14.4, ,76.7, ,53.8, ,64.4, ,96, ,48, ,70, ,54.2, ,6.4, ,153.4, ,60.2, 
6,Davis,Sacramento Valley,10/28/2024,302,0.09, ,0.00, ,294, ,9.3, ,68.9, ,45.1, ,56.3, ,87, ,40, ,60, ,42.5, ,3.9, ,94.4, ,59.4, 
6,Davis,Sacramento Valley,10/29/2024,303,0.12, ,0.00, ,326, ,7.0, ,69.5, ,40.1, ,54.2, ,83, ,26, ,49, ,35.5, ,5.3, ,127.1, ,56.9, 
6,Davis,Sacramento Valley,10/30/2024,304,0.10, ,0.00, ,259, ,9.2, ,66.5, ,39.4, ,54.5, ,93, ,35, ,64, ,42.4, ,6.9, ,165.9, ,55.1, 
6,Davis,Sacramento Valley,10/31/2024,305,0.07, ,0.00, ,290, ,11.1, ,66.8, ,45.5, ,56.2, ,97, ,44, ,72, ,47.2, ,3.8, ,92.0, ,57.2, 
6,Davis,Sacramento Valley,11/1/2024,306,0.07, ,0.15, ,319, ,11.9, ,67.0, ,49.5, ,59.3, ,95, ,46, ,69, ,49.1, ,6.8, ,163.9, ,56.4, 
6,Davis,Sacramento Valley,11/2/2024,307,0.04, ,0.09, ,178, ,12.7, ,62.9, ,48.5, ,55.0, ,98, ,62, ,86, ,50.8, ,4.2, ,101.5, ,57.1, 
6,Davis,Sacramento Valley,11/3/2024,308,0.15, ,0.06, ,311, ,8.7, ,69.0, ,41.9, ,56.4, ,95, ,31, ,56, ,40.8, ,9.6, ,229.7, ,55.4, 
6,Davis,Sacramento Valley,11/4/2024,309,0.14, ,0.00, ,300, ,7.6, ,73.3, ,50.2, ,60.7, ,67, ,28, ,42, ,37.6, ,7.7, ,185.4, ,55.7, 
6,Davis,Sacramento Valley,11/5/2024,310,0.19, ,0.13, ,252, ,6.8, ,71.2, ,40.9, ,58.9, ,91, ,18, ,40, ,34.7, ,11.3,Y,270.6,Y,55.0, 
6,Davis,Sacramento Valley,11/6/2024,311,0.22, ,0.00, ,303, ,5.1, ,69.0, ,53.2, ,60.1, ,40, ,21, ,29, ,27.4, ,14.4,Y,345.2,Y,54.4, 
6,Davis,Sacramento Valley,11/7/2024,312,0.11, ,0.00, ,293, ,5.1, ,72.9, ,43.5, ,55.8, ,61, ,18, ,33, ,27.5, ,3.7, ,88.6, ,54.2, 
6,Davis,Sacramento Valley,11/8/2024,313,0.08, ,0.00, ,283, ,6.8, ,70.6, ,36.0, ,51.5, ,73, ,29, ,52, ,34.6, ,2.4, ,57.1, ,53.9, 
6,Davis,Sacramento Valley,11/9/2024,314,0.08, ,0.00, ,271, ,7.1, ,69.3, ,36.3, ,51.3, ,80, ,29, ,55, ,35.8, ,2.2, ,52.4, ,53.9, 
6,Davis,Sacramento Valley,11/10/2024,315,0.08, ,0.00, ,272, ,8.2, ,70.5, ,37.0, ,54.1, ,82, ,32, ,58, ,39.5, ,3.6, ,86.2, ,53.9, 
6,Davis,Sacramento Valley,11/11/2024,316,0.02, ,0.09, ,107, ,11.3, ,61.7, ,40.4, ,52.6, ,95, ,61, ,83, ,47.7, ,4.3, ,102.8, ,54.4, 
6,Davis,Sacramento Valley,11/12/2024,317,0.06, ,0.00, ,249, ,9.7, ,62.2, ,35.6, ,47.9, ,98, ,58, ,85, ,43.7, ,3.3, ,80.2, ,53.8, 
6,Davis,Sacramento Valley,11/13/2024,318,0.03, ,0.00, ,132, ,10.6, ,60.7, ,40.9, ,50.4, ,98, ,61, ,85, ,46.1, ,5.2, ,125.1, ,53.3, 
6,Davis,Sacramento Valley,11/14/2024,319,0.05, ,0.04, ,186, ,10.8, ,64.6, ,41.0, ,51.2, ,99, ,53, ,84, ,46.5, ,3.6, ,87.2, ,54.0, 
6,Davis,Sacramento Valley,11/15/2024,320,0.09, ,0.00, ,273, ,7.7, ,60.2, ,38.2, ,49.2, ,93, ,40, ,64, ,37.7, ,5.5, ,131.9, ,53.7, 
6,Davis,Sacramento Valley,11/16/2024,321,0.12, ,0.00, ,276, ,5.1, ,59.9, ,35.8, ,49.1, ,67, ,29, ,43, ,27.8, ,8.5, ,203.5, ,52.6, 
6,Davis,Sacramento Valley,11/17/2024,322,0.06, ,0.00, ,196, ,8.2, ,61.7, ,32.5, ,48.8, ,88, ,41, ,70, ,39.3, ,5.0, ,118.8, ,51.5, 
6,Davis,Sacramento Valley,11/18/2024,323,0.07, ,0.00, ,258, ,6.3, ,60.3, ,37.5, ,48.5, ,75, ,34, ,55, ,32.9, ,3.4, ,81.7, ,52.3, 
6,Davis,Sacramento Valley,11/19/2024,324,0.05, ,0.00, ,171, ,6.5, ,56.4, ,32.4, ,46.0, ,86, ,45, ,61, ,33.5, ,3.1, ,73.6, ,51.0, 
6,Davis,Sacramento Valley,11/20/2024,325,0.01, ,0.74, ,32, ,9.8, ,53.2, ,48.0, ,50.4, ,94, ,58, ,78, ,43.9, ,4.8, ,115.9, ,51.2, 
6,Davis,Sacramento Valley,11/21/2024,326,0.01, ,0.43, ,29, ,11.9, ,62.0, ,49.1, ,53.2, ,94, ,78, ,86, ,49.2, ,4.5, ,107.1, ,52.4, 
6,Davis,Sacramento Valley,11/22/2024,327,0.01, ,2.04, ,20, ,13.1, ,62.6, ,51.5, ,55.5, ,97, ,71, ,87, ,51.7, ,6.9, ,165.1, ,53.8, 
6,Davis,Sacramento Valley,11/23/2024,328,0.04, ,0.04, ,184, ,11.8, ,60.4, ,43.8, ,52.4, ,96, ,69, ,88, ,49.0, ,5.2, ,124.6, ,53.9, 
6,Davis,Sacramento Valley,11/24/2024,329,0.05, ,0.00, ,240, ,9.9, ,60.2, ,40.5, ,48.8, ,99, ,52, ,84, ,44.3, ,2.8, ,67.4, ,53.0, 
6,Davis,Sacramento Valley,11/25/2024,330,0.02, ,0.17, ,91, ,11.8, ,55.9, ,44.9, ,51.4, ,97, ,80, ,92, ,49.0, ,5.0, ,120.6, ,53.0, 
6,Davis,Sacramento Valley,11/26/2024,331,0.03, ,0.00, ,161, ,11.5, ,61.7, ,44.4, ,52.6, ,95, ,59, ,85, ,48.3, ,4.2, ,100.6, ,53.9, 
6,Davis,Sacramento Valley,11/27/2024,332,0.08, ,0.00, ,281,R,7.9, ,58.7, ,39.2, ,48.7, ,92, ,45, ,67, ,38.4, ,8.1, ,194.1, ,52.8, 
6,Davis,Sacramento Valley,11/28/2024,333,0.07, ,0.00, ,275, ,7.3, ,57.5, ,35.9, ,45.7, ,92, ,46, ,70, ,36.4, ,4.7, ,111.9, ,51.2, 
6,Davis,Sacramento Valley,11/29/2024,334,0.06, ,0.00, ,249, ,7.3, ,58.7, ,35.3, ,44.7, ,94, ,47, ,73, ,36.5, ,4.3, ,102.3, ,50.3, 
6,Davis,Sacramento Valley,11/30/2024,335,0.05, ,0.00, ,235, ,7.8, ,57.1, ,31.5, ,42.4, ,98, ,56, ,85, ,38.2, ,2.8, ,66.5, ,49.4, 
6,Davis,Sacramento Valley,12/1/2024,336,0.04, ,0.00, ,167, ,8.6, ,59.7, ,39.2, ,46.2, ,99, ,50, ,81, ,40.8, ,3.9, ,93.2, ,49.8, 
6,Davis,Sacramento Valley,12/2/2024,337,0.06, ,0.00, ,232, ,8.7, ,62.2, ,36.0, ,47.0, ,96, ,47, ,79, ,40.8, ,2.8, ,67.8, ,49.9, 
6,Davis,Sacramento Valley,12/3/2024,338,0.06, ,0.00, ,235, ,9.4, ,64.7, ,36.6, ,48.5, ,97, ,50, ,81, ,42.9, ,2.5, ,59.6, ,50.1, 
6,Davis,Sacramento Valley,12/4/2024,339,0.06, ,0.00, ,241, ,9.4, ,65.0, ,37.1, ,48.9, ,97, ,49, ,79, ,42.9, ,2.3, ,54.7, ,50.4, 
6,Davis,Sacramento Valley,12/5/2024,340,0.05, ,0.00, ,212, ,10.1, ,65.1, ,40.9, ,50.1, ,96, ,55, ,82, ,44.8, ,2.7, ,65.1, ,50.7, 
6,Davis,Sacramento Valley,12/6/2024,341,0.05, ,0.00, ,231, ,9.8, ,65.2, ,36.5, ,48.5, ,99, ,53, ,84, ,44.0, ,1.9, ,45.4, ,50.8, 
6,Davis,Sacramento Valley,12/7/2024,342,0.04, ,0.00, ,197, ,10.3, ,61.5, ,36.4, ,48.9, ,98, ,68, ,87, ,45.4, ,2.4, ,57.1, ,50.6, 
6,Davis,Sacramento Valley,12/8/2024,343,0.08, ,0.00, ,249, ,8.4, ,68.6,Y,40.1, ,52.6, ,95, ,33, ,62, ,40.1, ,5.1, ,122.5, ,50.8, 
6,Davis,Sacramento Valley,12/9/2024,344,0.11, ,0.00, ,255, ,5.8, ,64.1, ,40.3, ,51.2, ,89, ,25, ,45, ,30.6, ,8.2, ,197.2, ,49.9, 
6,Davis,Sacramento Valley,12/10/2024,345,0.04, ,0.00, ,192, ,7.9, ,55.6, ,29.9, ,41.4, ,98, ,66, ,89, ,38.3, ,2.2, ,51.6, ,49.0, 
6,Davis,Sacramento Valley,12/11/2024,346,0.05, ,0.00, ,223, ,7.9, ,58.3, ,31.4, ,45.0, ,94, ,52, ,78, ,38.4, ,2.8, ,67.3, ,48.9, 
6,Davis,Sacramento Valley,12/12/2024,347,0.02, ,0.54, ,98, ,11.0, ,56.1, ,45.5, ,50.0, ,97, ,72, ,89, ,46.9, ,7.6, ,182.3, ,49.7, 
6,Davis,Sacramento Valley,12/13/2024,348,0.01, ,0.15, ,53, ,11.6, ,54.7, ,49.1, ,51.9, ,96, ,78, ,88, ,48.5, ,8.2, ,197.9, ,50.6, 
6,Davis,Sacramento Valley,12/14/2024,349,0.04, ,1.04, ,128, ,10.5, ,58.6, ,42.3, ,51.4, ,94, ,58, ,81, ,45.9, ,9.3, ,223.0, ,50.8, 
6,Davis,Sacramento Valley,12/15/2024,350,0.01, ,0.00, ,87, ,9.3, ,47.9, ,36.9, ,44.1, ,98, ,89, ,95, ,42.6, ,4.1, ,97.3, ,49.8, 
6,Davis,Sacramento Valley,12/16/2024,351,0.00, ,0.67, ,54, ,10.5, ,49.4, ,43.0, ,46.7, ,98, ,95, ,96, ,45.8, ,4.3, ,103.0, ,49.6, 
6,Davis,Sacramento Valley,12/17/2024,352,0.03, ,0.00, ,173, ,11.3, ,57.2, ,45.2, ,50.1, ,99, ,78, ,91, ,47.7, ,6.7, ,161.8, ,50.5, 
6,Davis,Sacramento Valley,12/18/2024,353,0.03, ,0.00, ,148, ,9.9, ,53.5, ,39.2, ,45.6, ,99, ,84, ,95, ,44.2, ,2.6, ,62.4, ,50.5, 
6,Davis,Sacramento Valley,12/19/2024,354,0.00, ,0.00, ,48, ,9.6, ,48.1, ,37.5, ,44.0, ,99, ,94, ,98, ,43.5, ,3.2, ,77.4, ,49.8, 
6,Davis,Sacramento Valley,12/20/2024,355,0.00, ,0.00, ,50, ,10.0, ,46.7, ,44.0, ,45.0, ,99, ,94, ,98, ,44.4, ,3.8, ,91.0, ,50.1, 
6,Davis,Sacramento Valley,12/21/2024,356,0.00, ,0.13, ,46, ,11.6, ,52.0, ,44.7, ,49.0, ,99, ,96, ,98, ,48.5, ,4.4, ,104.5, ,50.3, 
6,Davis,Sacramento Valley,12/22/2024,357,0.01, ,0.15, ,62, ,12.7, ,54.8, ,49.6, ,51.6, ,99, ,91, ,97, ,50.8, ,4.6, ,111.4, ,51.4, 
6,Davis,Sacramento Valley,12/23/2024,358,0.00, ,0.06, ,55, ,14.4,Y,57.2, ,52.5,Y,54.9, ,99, ,95, ,98,Y,54.3,Y,3.9, ,94.3, ,52.6, 
6,Davis,Sacramento Valley,12/24/2024,359,0.04, ,0.31, ,167, ,11.7, ,60.7, ,43.0, ,53.3, ,99, ,60, ,84, ,48.6, ,6.0, ,143.3, ,53.4, 
6,Davis,Sacramento Valley,12/25/2024,360,0.02, ,0.00, ,129, ,9.7, ,53.0, ,39.9, ,46.9, ,98, ,78, ,89, ,43.8, ,3.7, ,88.3, ,51.6, 
6,Davis,Sacramento Valley,12/26/2024,361,0.02, ,0.16, ,90, ,11.3, ,56.1, ,47.4, ,51.0, ,96, ,82, ,89, ,47.8, ,8.1, ,194.4, ,51.4, 
6,Davis,Sacramento Valley,12/27/2024,362,0.03, ,0.07, ,134, ,13.5,Y,60.7, ,50.5, ,54.9, ,98, ,81, ,91,Y,52.5,Y,9.2, ,220.3, ,52.6, 
6,Davis,Sacramento Valley,12/28/2024,363,0.04, ,0.00, ,149, ,14.5,Y,65.3, ,54.1,Y,58.4,Y,92, ,78, ,87,Y,54.5,Y,7.4, ,177.8, ,54.2, 
6,Davis,Sacramento Valley,12/29/2024,364,0.06, ,0.13, ,217, ,12.9, ,63.8, ,45.5, ,55.9,Y,97, ,65, ,85,Y,51.4,Y,7.7, ,183.8, ,55.0, 
6,Davis,Sacramento Valley,12/30/2024,365,0.08, ,0.00, ,256, ,8.0, ,58.0, ,41.7, ,49.0, ,98, ,45, ,68, ,38.8, ,7.0, ,167.8, ,53.2, 
6,Davis,Sacramento Valley,12/31/2024,366,0.06, ,0.00, ,252, ,7.2, ,57.4, ,38.8, ,47.3, ,88, ,44, ,65, ,36.1, ,4.2, ,99.6, ,51.4, 
6,Davis,Sacramento Valley,1/1/2025,001,0.01, ,0.00, ,75, ,9.1, ,50.9, ,38.8, ,45.8, ,94, ,76, ,87, ,42.2, ,2.6, ,63.4, ,50.8, 
6,Davis,Sacramento Valley,1/2/2025,002,0.05, ,0.00, ,211, ,10.1, ,58.3, ,43.8, ,49.9, ,97, ,70, ,83, ,44.9, ,4.3, ,103.0, ,51.4, 
6,Davis,Sacramento Valley,1/3/2025,003,0.02, ,0.16, ,71, ,10.7, ,59.8, ,43.5, ,50.1, ,98, ,64, ,87, ,46.4, ,5.6, ,134.9, ,51.2, 
6,Davis,Sacramento Valley,1/4/2025,004,0.04, ,0.00, ,201, ,9.3, ,57.4, ,38.7, ,46.9, ,98, ,63, ,85, ,42.5, ,3.1, ,74.5, ,50.8, 
6,Davis,Sacramento Valley,1/5/2025,005,0.06, ,0.00, ,250, ,9.6, ,59.8, ,39.9, ,48.4, ,96, ,60, ,83, ,43.5, ,3.2, ,76.7, ,50.8, 
6,Davis,Sacramento Valley,1/6/2025,006,0.06, ,0.00, ,210, ,10.3, ,60.0, ,41.0, ,50.7, ,96, ,61, ,81, ,45.2, ,6.8, ,163.3, ,51.0, 
6,Davis,Sacramento Valley,1/7/2025,007,0.16, ,0.00, ,245, ,7.6, ,63.5, ,50.5, ,56.4,Y,61, ,39, ,49,Y,37.5,Y,14.9,Y,358.1,Y,51.2, 
6,Davis,Sacramento Valley,1/8/2025,008,0.11, ,0.00, ,257, ,7.0, ,62.6, ,40.8, ,52.8, ,88, ,40, ,52, ,35.5, ,7.2, ,172.9, ,50.9, 
6,Davis,Sacramento Valley,1/9/2025,009,0.14, ,0.00, ,257, ,7.2, ,69.9,Y,37.6, ,55.7, ,91, ,27, ,48, ,36.2, ,9.4, ,226.1, ,50.2, 
6,Davis,Sacramento Valley,1/10/2025,010,0.06, ,0.00, ,233, ,9.3, ,61.2, ,38.4, ,49.6, ,93, ,58, ,77, ,42.7, ,4.2, ,99.7, ,50.6, 
6,Davis,Sacramento Valley,1/11/2025,011,0.19, ,0.00, ,258, ,5.9, ,63.4, ,47.7, ,55.2, ,78, ,26, ,40, ,31.1, ,16.5,R,396.1,R,50.3, 
6,Davis,Sacramento Valley,1/12/2025,012,0.16, ,0.00, ,256, ,5.6, ,62.2, ,48.4, ,53.6, ,54, ,31, ,40, ,29.6, ,12.7,Y,304.2,Y,49.8, 
6,Davis,Sacramento Valley,1/13/2025,013,0.13, ,0.00, ,247, ,5.7, ,60.1, ,42.6, ,51.7, ,74, ,30, ,43, ,30.2, ,11.0, ,265.0, ,49.4, 
6,Davis,Sacramento Valley,1/14/2025,014,0.06, ,0.00, ,246, ,6.8, ,61.1, ,32.8, ,46.0, ,89, ,37, ,64, ,34.6, ,2.5, ,60.5, ,49.0, 
6,Davis,Sacramento Valley,1/15/2025,015,0.06, ,0.00, ,252, ,7.0, ,62.7, ,32.1, ,45.1, ,93, ,34, ,68, ,35.3, ,2.2, ,53.7, ,48.5, 
6,Davis,Sacramento Valley,1/16/2025,016,0.06, ,0.00, ,252, ,7.6, ,63.6, ,33.8, ,46.8, ,92, ,40, ,70, ,37.4, ,3.6, ,87.0, ,48.3, 
6,Davis,Sacramento Valley,1/17/2025,017,0.05, ,0.01, ,252, ,8.2, ,59.8, ,32.6, ,44.4, ,97, ,58, ,82, ,39.3, ,2.3, ,54.4, ,48.3, 
6,Davis,Sacramento Valley,1/18/2025,018,0.06, ,0.00, ,265, ,7.4, ,62.6, ,31.0, ,44.7, ,98, ,40, ,74, ,36.8, ,2.4, ,56.9, ,47.9, 
6,Davis,Sacramento Valley,1/19/2025,019,0.06, ,0.00, ,260, ,7.8, ,58.4, ,32.1, ,43.1, ,98, ,55, ,82, ,38.0, ,3.3, ,79.0, ,47.5, 
6,Davis,Sacramento Valley,1/20/2025,020,0.15, ,0.00, ,284, ,5.0, ,62.0, ,38.9, ,51.3, ,82, ,22, ,38, ,26.9, ,11.1, ,267.0, ,47.4, 
6,Davis,Sacramento Valley,1/21/2025,021,0.06, ,0.00, ,274, ,6.5, ,57.9, ,29.4, ,42.4, ,92, ,46, ,70, ,33.4, ,3.2, ,76.2, ,46.9, 
6,Davis,Sacramento Valley,1/22/2025,022,0.08, ,0.00, ,279, ,6.1, ,60.3, ,29.6, ,43.5, ,89, ,34, ,63, ,31.8, ,3.9, ,94.2, ,46.1, 
6,Davis,Sacramento Valley,1/23/2025,023,0.07, ,0.00, ,278, ,7.1, ,66.7, ,30.0, ,46.3, ,91, ,37, ,66, ,35.6, ,2.4, ,57.4, ,46.5, 
6,Davis,Sacramento Valley,1/24/2025,024,0.06, ,0.00, ,233, ,7.8, ,62.2, ,34.3, ,47.2, ,88, ,46, ,70, ,38.0, ,3.5, ,83.8, ,47.0, 
6,Davis,Sacramento Valley,1/25/2025,025,0.08, ,0.00, ,199, ,6.7, ,56.0, ,37.3, ,48.1, ,92, ,31, ,58, ,34.2, ,8.4, ,201.1, ,47.2, 
6,Davis,Sacramento Valley,1/26/2025,026,0.14, ,0.00, ,278, ,4.3, ,57.4, ,41.7, ,48.5, ,54, ,26, ,37, ,23.4, ,10.6, ,254.9, ,47.1, 
6,Davis,Sacramento Valley,1/27/2025,027,0.14, ,0.00, ,289, ,4.7, ,64.1, ,39.8, ,50.7, ,72, ,22, ,37, ,25.7, ,8.8, ,211.4, ,46.9, 
6,Davis,Sacramento Valley,1/28/2025,028,0.06, ,0.00, ,285, ,6.2, ,60.9, ,29.2, ,43.2, ,89, ,36, ,66, ,32.5, ,2.3, ,55.1, ,46.5, 
6,Davis,Sacramento Valley,1/29/2025,029,0.06, ,0.00, ,275, ,7.8, ,56.3, ,30.8, ,42.9, ,97, ,61, ,83, ,38.0, ,2.8, ,66.4, ,46.9, 
6,Davis,Sacramento Valley,1/30/2025,030,0.06, ,0.00, ,275, ,7.5, ,56.2, ,29.8, ,42.0, ,97, ,62, ,83, ,37.1, ,3.3, ,78.5, ,46.7, 
6,Davis,Sacramento Valley,1/31/2025,031,0.00, ,0.27, ,39, ,9.7, ,49.3, ,40.1, ,45.5, ,97, ,89, ,93, ,43.7, ,4.8, ,115.8, ,46.9, 
6,Davis,Sacramento Valley,2/1/2025,032,0.00, ,0.56, ,45, ,12.2, ,55.4, ,48.1, ,51.3, ,97, ,88, ,95, ,49.9, ,8.3, ,198.9, ,49.1, 
6,Davis,Sacramento Valley,2/2/2025,033,0.00, ,0.17, ,30, ,14.4, ,59.2, ,54.0,Y,56.5, ,97, ,85, ,93, ,54.4, ,8.6, ,207.3, ,52.0, 
6,Davis,Sacramento Valley,2/3/2025,034,0.05, ,0.13, ,162, ,12.5, ,60.5, ,52.1, ,56.2, ,94, ,67, ,81, ,50.4, ,8.3, ,198.7, ,52.5, 
6,Davis,Sacramento Valley,2/4/2025,035,0.01, ,1.83, ,46, ,12.2, ,59.6, ,43.3, ,52.3, ,96, ,77, ,91, ,49.7, ,9.4, ,224.8, ,52.3, 
6,Davis,Sacramento Valley,2/5/2025,036,0.07, ,0.00, ,366,R,7.3, ,56.3, ,35.2, ,45.1, ,89, ,45, ,71, ,36.3, ,3.8, ,90.2, ,51.3, 
6,Davis,Sacramento Valley,2/6/2025,037,0.00, ,1.24, ,38, ,9.4, ,55.7, ,36.5, ,44.4, ,99, ,80, ,95, ,43.0, ,6.3, ,150.6, ,49.4, 
6,Davis,Sacramento Valley,2/7/2025,038,0.07, ,0.00, ,336, ,9.0, ,59.4, ,43.4, ,49.7, ,91, ,53, ,74, ,41.7, ,4.3, ,102.7, ,50.3, 
6,Davis,Sacramento Valley,2/8/2025,039,0.10, ,0.00, ,380,R,6.7, ,56.1, ,38.7, ,47.1, ,86, ,41, ,61, ,34.3, ,8.0, ,191.3, ,49.8, 
6,Davis,Sacramento Valley,2/9/2025,040,0.11, ,0.00, ,375,R,5.9, ,55.5, ,39.3, ,47.3, ,74, ,42, ,53, ,31.3, ,9.8, ,234.6, ,49.1, 
6,Davis,Sacramento Valley,2/10/2025,041,0.10, ,0.00, ,360, ,5.4, ,56.3, ,35.9, ,45.8, ,83, ,36, ,51, ,28.8, ,6.5, ,157.1, ,48.3, 
6,Davis,Sacramento Valley,2/11/2025,042,0.05, ,0.00, ,247, ,6.0, ,51.7, ,30.7, ,42.7, ,87, ,44, ,65, ,31.7, ,2.7, ,64.7, ,47.4, 
6,Davis,Sacramento Valley,2/12/2025,043,0.06, ,0.28, ,239, ,6.9, ,51.7, ,33.4, ,43.1, ,95, ,57, ,73, ,34.9, ,5.0, ,120.2, ,47.3, 
6,Davis,Sacramento Valley,2/13/2025,044,0.04, ,1.30, ,154, ,12.5, ,58.6, ,45.6, ,53.1, ,97, ,79, ,91, ,50.6, ,13.3,Y,318.3,Y,49.7, 
6,Davis,Sacramento Valley,2/14/2025,045,0.10, ,0.00, ,392,R,9.4, ,61.4, ,42.0, ,52.3, ,91, ,51, ,70, ,43.0, ,6.4, ,152.8, ,50.6, 
6,Davis,Sacramento Valley,2/15/2025,046,0.07, ,0.00, ,294, ,8.8, ,59.2, ,38.4, ,48.7, ,89, ,54, ,75, ,41.1, ,4.0, ,95.3, ,49.8, 
6,Davis,Sacramento Valley,2/16/2025,047,0.06, ,0.04, ,246, ,10.3, ,59.2, ,43.0, ,50.5, ,95, ,67, ,82, ,45.3, ,3.7, ,89.3, ,50.4, 
6,Davis,Sacramento Valley,2/17/2025,048,0.07, ,0.00, ,274, ,9.6, ,61.8, ,39.7, ,49.0, ,96, ,57, ,82, ,43.6, ,2.9, ,69.5, ,50.2, 
6,Davis,Sacramento Valley,2/18/2025,049,0.08, ,0.00, ,310, ,10.0, ,64.1, ,38.9, ,51.2, ,96, ,54, ,78, ,44.6, ,3.3, ,79.5, ,50.3, 
6,Davis,Sacramento Valley,2/19/2025,050,0.05, ,0.04, ,206, ,12.1, ,63.3, ,47.2, ,53.3, ,96, ,73, ,87, ,49.5, ,5.6, ,134.7, ,51.4, 
6,Davis,Sacramento Valley,2/20/2025,051,0.16, ,0.00, ,402,R,8.9, ,66.6, ,48.2, ,56.4, ,98, ,35, ,57, ,41.4, ,11.3, ,271.9, ,52.0, 
6,Davis,Sacramento Valley,2/21/2025,052,0.11, ,0.00, ,385, ,8.4, ,68.1, ,41.3, ,53.5, ,92, ,36, ,60, ,40.1, ,4.2, ,99.8, ,52.0, 
6,Davis,Sacramento Valley,2/22/2025,053,0.10, ,0.00, ,361, ,10.8, ,69.0, ,40.8, ,55.5, ,93, ,51, ,71, ,46.5, ,3.0, ,71.0, ,52.4, 
6,Davis,Sacramento Valley,2/23/2025,054,0.06, ,0.00, ,192, ,12.2, ,66.6, ,50.9, ,57.4, ,95, ,55, ,76, ,49.8, ,4.0, ,94.9, ,53.6, 
6,Davis,Sacramento Valley,2/24/2025,055,0.08, ,0.00, ,294, ,12.9, ,66.7, ,46.9, ,55.7, ,98, ,64, ,85, ,51.4, ,5.7, ,137.8, ,53.9, 
6,Davis,Sacramento Valley,2/25/2025,056,0.13, ,0.00, ,412, ,9.4, ,68.2, ,41.3, ,54.3, ,92, ,33, ,65, ,42.9, ,6.2, ,149.7, ,53.7, 
6,Davis,Sacramento Valley,2/26/2025,057,0.11, ,0.00, ,414, ,8.6, ,71.8, ,37.9, ,54.1, ,87, ,35, ,60, ,40.6, ,2.7, ,64.9, ,53.2, 
6,Davis,Sacramento Valley,2/27/2025,058,0.11, ,0.00, ,333, ,10.3, ,71.3, ,42.6, ,56.6, ,85, ,43, ,66, ,45.4, ,4.7, ,113.4, ,53.1, 
6,Davis,Sacramento Valley,2/28/2025,059,0.12, ,0.00, ,410, ,10.2, ,74.5, ,42.3, ,58.1, ,88, ,34, ,62, ,45.0, ,2.9, ,69.5, ,53.9, 
6,Davis,Sacramento Valley,3/1/2025,060,0.12, ,0.00, ,371, ,10.9, ,71.1, ,41.1, ,54.6, ,97, ,38, ,75, ,46.9, ,6.3, ,151.3, ,54.1, 
6,Davis,Sacramento Valley,3/2/2025,061,0.12, ,0.00, ,381, ,8.7, ,62.1, ,42.5, ,52.4, ,91, ,39, ,64, ,40.8, ,7.7, ,183.6, ,53.3, 
6,Davis,Sacramento Valley,3/3/2025,062,0.10, ,0.00, ,401, ,8.8, ,63.3, ,36.6, ,49.9, ,94, ,45, ,72, ,41.2, ,4.0, ,96.9, ,52.7, 
6,Davis,Sacramento Valley,3/4/2025,063,0.07, ,0.00, ,270, ,10.2, ,61.1, ,45.8, ,52.6, ,91, ,55, ,76, ,45.1, ,4.8, ,115.5, ,52.8, 
6,Davis,Sacramento Valley,3/5/2025,064,0.04, ,0.00, ,171, ,10.0, ,60.1, ,44.0, ,52.0, ,90, ,54, ,76, ,44.6, ,4.5, ,107.1, ,53.1, 
6,Davis,Sacramento Valley,3/6/2025,065,0.09, ,0.02, ,362, ,8.5, ,57.4, ,38.7, ,47.8, ,95, ,56, ,75, ,40.4, ,4.0, ,96.5, ,52.4, 
6,Davis,Sacramento Valley,3/7/2025,066,0.16, ,0.00, ,454, ,7.0, ,66.4, ,38.3, ,51.8, ,93, ,24, ,53, ,35.3, ,7.8, ,187.6, ,51.9, 
6,Davis,Sacramento Valley,3/8/2025,067,0.12, ,0.00, ,448, ,7.4, ,66.2, ,36.0, ,50.9, ,79, ,35, ,58, ,36.7, ,2.8, ,67.7, ,52.3, 
6,Davis,Sacramento Valley,3/9/2025,068,0.12, ,0.00, ,446, ,8.8, ,67.2, ,36.2, ,52.1, ,93, ,40, ,66, ,41.1, ,3.3, ,79.8, ,53.3, 
6,Davis,Sacramento Valley,3/10/2025,069,0.13, ,0.00, ,412, ,8.8, ,70.1, ,41.4, ,54.8, ,88, ,36, ,60, ,41.1, ,4.5, ,108.6, ,53.4, 
6,Davis,Sacramento Valley,3/11/2025,070,0.14, ,0.00, ,441, ,9.4, ,67.6, ,40.2, ,54.5, ,84, ,41, ,65, ,42.9, ,5.8, ,138.7, ,54.1, 
6,Davis,Sacramento Valley,3/12/2025,071,0.02, ,0.37, ,91, ,11.0, ,56.8, ,44.7, ,51.1, ,92, ,74, ,86, ,47.0, ,8.3, ,198.7, ,53.1, 
6,Davis,Sacramento Valley,3/13/2025,072,0.11, ,0.02, ,409, ,8.4, ,58.7, ,41.3, ,48.5, ,95, ,46, ,72, ,40.1, ,6.9, ,165.4, ,52.0, 
6,Davis,Sacramento Valley,3/14/2025,073,0.06, ,0.30, ,239, ,9.2, ,57.5, ,40.9, ,47.2, ,93, ,70, ,84, ,42.5, ,8.6, ,205.3, ,49.6, 
6,Davis,Sacramento Valley,3/15/2025,074,0.10, ,0.00, ,340, ,9.8, ,60.4, ,43.1, ,51.4, ,92, ,55, ,75, ,43.9, ,5.8, ,138.6, ,51.5, 
6,Davis,Sacramento Valley,3/16/2025,075,0.06, ,0.08, ,214, ,11.1, ,61.9, ,43.9, ,52.5, ,95, ,65, ,82, ,47.2, ,7.8, ,186.7, ,52.3, 
6,Davis,Sacramento Valley,3/17/2025,076,0.10, ,0.10, ,364, ,10.5, ,58.7, ,41.8, ,50.9, ,94, ,66, ,83, ,45.9, ,7.5, ,179.4, ,53.2, 
6,Davis,Sacramento Valley,3/18/2025,077,0.14, ,0.00, ,528,R,7.8, ,60.8, ,37.2, ,48.5, ,97, ,35, ,67, ,38.2, ,4.2, ,100.7, ,53.0, 
6,Davis,Sacramento Valley,3/19/2025,078,0.11, ,0.00, ,385, ,8.6, ,60.5, ,36.6, ,49.1, ,95, ,38, ,72, ,40.6, ,5.3, ,127.4, ,52.3, 
6,Davis,Sacramento Valley,3/20/2025,079,0.13, ,0.00, ,460, ,9.4, ,63.8, ,38.4, ,52.1, ,98, ,43, ,71, ,42.9, ,3.9, ,93.1, ,52.9, 
6,Davis,Sacramento Valley,3/21/2025,080,0.09, ,0.00, ,352, ,9.8, ,64.3, ,43.3, ,54.2, ,86, ,50, ,68, ,44.0, ,3.3, ,78.9, ,53.8, 
6,Davis,Sacramento Valley,3/22/2025,081,0.10, ,0.00, ,358, ,11.0, ,66.6, ,45.2, ,55.5, ,93, ,52, ,73, ,47.1, ,2.9, ,70.8, ,54.6, 
6,Davis,Sacramento Valley,3/23/2025,082,0.16, ,0.00, ,509, ,12.2, ,77.1, ,44.5, ,60.0, ,94, ,40, ,69, ,49.7, ,4.1, ,97.4, ,55.3, 
6,Davis,Sacramento Valley,3/24/2025,083,0.16, ,0.00, ,504, ,14.2, ,81.2, ,47.6, ,63.8, ,96, ,45, ,70, ,54.0, ,2.7, ,65.2, ,57.1, 
6,Davis,Sacramento Valley,3/25/2025,084,0.17, ,0.00, ,501, ,15.5,Y,84.6,Y,52.1, ,67.5,Y,92, ,41, ,68,Y,56.4,Y,3.0, ,71.8, ,58.6, 
6,Davis,Sacramento Valley,3/26/2025,085,0.16, ,0.00, ,493, ,13.4, ,65.9, ,53.0, ,59.3, ,93, ,65, ,78, ,52.4, ,9.1, ,218.1, ,58.9, 
6,Davis,Sacramento Valley,3/27/2025,086,0.09, ,0.06, ,291, ,12.5, ,63.7, ,52.1, ,57.2, ,94, ,61, ,78, ,50.4, ,8.8, ,212.1, ,57.7, 
6,Davis,Sacramento Valley,3/28/2025,087,0.13, ,0.00, ,417, ,10.9, ,63.6, ,45.7, ,54.8, ,93, ,51, ,74, ,46.7, ,7.1, ,170.1, ,56.7, 
6,Davis,Sacramento Valley,3/29/2025,088,0.13, ,0.00, ,484, ,9.2, ,63.9, ,39.5, ,52.4, ,90, ,45, ,68, ,42.3, ,4.1, ,98.1, ,56.2, 
6,Davis,Sacramento Valley,3/30/2025,089,0.08, ,0.11, ,229, ,11.7, ,65.6, ,48.6, ,55.4, ,93, ,55, ,78, ,48.6, ,9.4, ,226.3, ,55.5, 
6,Davis,Sacramento Valley,3/31/2025,090,0.17, ,0.00, ,508, ,10.3, ,63.7, ,47.0, ,55.0, ,91, ,48, ,69, ,45.2, ,9.2, ,221.9, ,55.9, 
6,Davis,Sacramento Valley,4/1/2025,091,0.10, ,0.04, ,332, ,9.6, ,59.0, ,45.3, ,50.8, ,93, ,58, ,76, ,43.4, ,7.7, ,185.8, ,54.2, 
6,Davis,Sacramento Valley,4/2/2025,092,0.16, ,0.00, ,564, ,8.0, ,64.4, ,36.7, ,51.3, ,94, ,36, ,62, ,38.9, ,5.2, ,125.4, ,54.5, 
6,Davis,Sacramento Valley,4/3/2025,093,0.17, ,0.00, ,563, ,7.9, ,67.5, ,36.7, ,52.6, ,94, ,27, ,59, ,38.6, ,5.0, ,119.9, ,54.5, 
6,Davis,Sacramento Valley,4/4/2025,094,0.22, ,0.00, ,564, ,7.5, ,72.4, ,43.3, ,58.0, ,78, ,23, ,46, ,37.1, ,7.9, ,189.1, ,54.5, 
6,Davis,Sacramento Valley,4/5/2025,095,0.18, ,0.00, ,543, ,8.4, ,77.0, ,48.1, ,60.4, ,73, ,26, ,47, ,40.1, ,4.1, ,98.3, ,55.5, 
6,Davis,Sacramento Valley,4/6/2025,096,0.17, ,0.00, ,504, ,9.7, ,74.5, ,43.5, ,59.5, ,90, ,27, ,56, ,43.8, ,4.5, ,107.6, ,56.7, 
6,Davis,Sacramento Valley,4/7/2025,097,0.13, ,0.00, ,407, ,12.6, ,71.1, ,52.0, ,61.2, ,89, ,49, ,68, ,50.7, ,6.2, ,147.7, ,57.6, 
6,Davis,Sacramento Valley,4/8/2025,098,0.17, ,0.00, ,546, ,10.8, ,75.2, ,46.3, ,59.8, ,91, ,37, ,62, ,46.6, ,3.2, ,76.1, ,58.3, 
6,Davis,Sacramento Valley,4/9/2025,099,0.19, ,0.00, ,550, ,12.3, ,83.0, ,47.0, ,64.7, ,91, ,32, ,59, ,50.0, ,3.8, ,92.3, ,58.8, 
6,Davis,Sacramento Valley,4/10/2025,100,0.14, ,0.00, ,436, ,13.3, ,79.2, ,47.9, ,63.3, ,91, ,40, ,67, ,52.1, ,3.0, ,71.5, ,59.9, 
6,Davis,Sacramento Valley,4/11/2025,101,0.18, ,0.00, ,500, ,13.7, ,79.5, ,52.0, ,64.9, ,90, ,49, ,65, ,52.9, ,4.5, ,108.6, ,61.0, 
6,Davis,Sacramento Valley,4/12/2025,102,0.19, ,0.00, ,567, ,11.3, ,75.8, ,45.3, ,60.0, ,89, ,36, ,64, ,47.8, ,4.8, ,114.7, ,59.7, 
6,Davis,Sacramento Valley,4/13/2025,103,0.27, ,0.00, ,573, ,8.3, ,83.2, ,49.1, ,66.6, ,80, ,21, ,37, ,39.6, ,8.3, ,199.7, ,59.1, 
6,Davis,Sacramento Valley,4/14/2025,104,0.24, ,0.00, ,580, ,9.2, ,86.7, ,48.9, ,69.1, ,76, ,20, ,38, ,42.5, ,5.2, ,125.5, ,59.6, 
6,Davis,Sacramento Valley,4/15/2025,105,0.16, ,0.00, ,463, ,11.8, ,75.9, ,48.5, ,60.7, ,86, ,49, ,65, ,48.9, ,5.2, ,124.5, ,60.5, 
6,Davis,Sacramento Valley,4/16/2025,106,0.18, ,0.00, ,553, ,11.4, ,71.2, ,49.2, ,58.0, ,84, ,54, ,69, ,48.0, ,6.4, ,154.4, ,61.2, 
6,Davis,Sacramento Valley,4/17/2025,107,0.12, ,0.00, ,393, ,11.9, ,68.4, ,50.4, ,57.7, ,83, ,57, ,73, ,49.2, ,5.1, ,122.2, ,60.7, 
6,Davis,Sacramento Valley,4/18/2025,108,0.23, ,0.00, ,592, ,8.8, ,79.0, ,45.4, ,61.6, ,92, ,19, ,47, ,41.1, ,6.5, ,155.4, ,60.3, 
6,Davis,Sacramento Valley,4/19/2025,109,0.20, ,0.00, ,589, ,10.9, ,74.6, ,41.0, ,58.1, ,94, ,40, ,66, ,46.7, ,5.0, ,120.4, ,61.0, 
6,Davis,Sacramento Valley,4/20/2025,110,0.20, ,0.00, ,593, ,11.0, ,79.8, ,42.3, ,60.8, ,92, ,24, ,60, ,47.0, ,3.8, ,91.2, ,62.6, 
6,Davis,Sacramento Valley,4/21/2025,111,0.22, ,0.00, ,593, ,11.4, ,83.8, ,45.1, ,65.6, ,92, ,24, ,53, ,48.1, ,4.6, ,111.4, ,62.6, 
6,Davis,Sacramento Valley,4/22/2025,112,0.23, ,0.00, ,605, ,12.1, ,80.9, ,48.2, ,64.3, ,90, ,32, ,59, ,49.5, ,6.3, ,151.5, ,63.4, 
6,Davis,Sacramento Valley,4/23/2025,113,0.19, ,0.00, ,599, ,11.2, ,70.2, ,47.6, ,57.6, ,85, ,53, ,69, ,47.4, ,7.6, ,182.9, ,61.9, 
6,Davis,Sacramento Valley,4/24/2025,114,0.17, ,0.00, ,546, ,10.8, ,65.0, ,46.0, ,54.8, ,95, ,55, ,74, ,46.6, ,6.9, ,166.2, ,61.3, 
6,Davis,Sacramento Valley,4/25/2025,115,0.14, ,0.00, ,414, ,9.6, ,61.6, ,47.4, ,54.6, ,90, ,49, ,66, ,43.5, ,7.4, ,177.9, ,59.8, 
6,Davis,Sacramento Valley,4/26/2025,116,0.05, ,0.07, ,216, ,10.6, ,59.2, ,47.6, ,53.3, ,96, ,56, ,76, ,46.0, ,3.5, ,83.4, ,59.6, 
6,Davis,Sacramento Valley,4/27/2025,117,0.05, ,0.03, ,215, ,11.9, ,61.9, ,47.6, ,53.7, ,97, ,66, ,84, ,49.1, ,3.5, ,83.2, ,59.5, 
6,Davis,Sacramento Valley,4/28/2025,118,0.21, ,0.00, ,624, ,11.3, ,78.1, ,44.7, ,60.8, ,97, ,29, ,62, ,47.8, ,4.5, ,108.7, ,60.4, 
6,Davis,Sacramento Valley,4/29/2025,119,0.21, ,0.00, ,630, ,12.8, ,83.4, ,46.4, ,64.5, ,96, ,36, ,62, ,51.1, ,3.3, ,79.6, ,63.2, 
6,Davis,Sacramento Valley,4/30/2025,120,0.23, ,0.00, ,629, ,13.3, ,88.0, ,50.2, ,68.3, ,95, ,26, ,56, ,52.1, ,4.7, ,113.6, ,64.8, 
6,Davis,Sacramento Valley,5/1/2025,121,0.22, ,0.00, ,642, ,13.6, ,84.2, ,49.4, ,64.9, ,95, ,36, ,65, ,52.7, ,4.5, ,108.1, ,65.3, 
6,Davis,Sacramento Valley,5/2/2025,122,0.22, ,0.00, ,641, ,12.5, ,80.0, ,48.2, ,61.6, ,93, ,43, ,67, ,50.5, ,6.6, ,158.2, ,64.5, 
6,Davis,Sacramento Valley,5/3/2025,123,0.20, ,0.00, ,573, ,12.4, ,74.0, ,50.3, ,61.1, ,87, ,50, ,68, ,50.3, ,5.8, ,138.7, ,64.4, 
6,Davis,Sacramento Valley,5/4/2025,124,0.34, ,0.00, ,640, ,8.7, ,79.8, ,50.4, ,67.2, ,86, ,22, ,38, ,40.8, ,13.0,Y,311.1,Y,63.4, 
6,Davis,Sacramento Valley,5/5/2025,125,0.41, ,0.00, ,646, ,6.5, ,85.1, ,59.8, ,72.3, ,31, ,17, ,24, ,33.4, ,14.8,Y,355.5,Y,62.4, 
6,Davis,Sacramento Valley,5/6/2025,126,0.34, ,0.00, ,661, ,8.0, ,86.2, ,55.9, ,72.6, ,70, ,15, ,29, ,38.8, ,9.8, ,235.4, ,62.7, 
6,Davis,Sacramento Valley,5/7/2025,127,0.22, ,0.00, ,644, ,12.8, ,75.2, ,47.9, ,62.1, ,96, ,46, ,67, ,51.0, ,5.7, ,135.8, ,63.4, 
6,Davis,Sacramento Valley,5/8/2025,128,0.22, ,0.00, ,657, ,13.1, ,87.9, ,47.2, ,66.3, ,97, ,32, ,59, ,51.7, ,3.3, ,80.3, ,64.9, 
6,Davis,Sacramento Valley,5/9/2025,129,0.24, ,0.00, ,665, ,12.4, ,91.0, ,50.5, ,72.0, ,92, ,23, ,46, ,50.2, ,3.2, ,76.9, ,67.1, 
6,Davis,Sacramento Valley,5/10/2025,130,0.27, ,0.00, ,662, ,11.1, ,91.5, ,49.9, ,72.4, ,86, ,20, ,41, ,47.4, ,4.4, ,104.8, ,67.3, 
6,Davis,Sacramento Valley,5/11/2025,131,0.26, ,0.00, ,651, ,9.9, ,74.2, ,50.6, ,62.7, ,79, ,31, ,51, ,44.4, ,8.4, ,202.3, ,65.4, 
6,Davis,Sacramento Valley,5/12/2025,132,0.19, ,0.06, ,542, ,11.4, ,67.2, ,52.1, ,57.1, ,94, ,46, ,72, ,48.1, ,9.3, ,224.2, ,63.1, 
6,Davis,Sacramento Valley,5/13/2025,133,0.20, ,0.00, ,604, ,10.8, ,73.9, ,50.4, ,60.4, ,95, ,30, ,60, ,46.5, ,5.1, ,122.6, ,63.8, 
6,Davis,Sacramento Valley,5/14/2025,134,0.22, ,0.00, ,648, ,11.5, ,78.9, ,47.6, ,63.4, ,97, ,31, ,58, ,48.2, ,4.1, ,98.7, ,64.7, 
6,Davis,Sacramento Valley,5/15/2025,135,0.25, ,0.00, ,666, ,12.2, ,82.6, ,50.1, ,67.1, ,89, ,34, ,54, ,49.7, ,4.9, ,117.3, ,65.9, 
6,Davis,Sacramento Valley,5/16/2025,136,0.24, ,0.00, ,647, ,13.1, ,84.3, ,51.4, ,67.8, ,96, ,33, ,56, ,51.7, ,5.0, ,120.0, ,66.8, 
6,Davis,Sacramento Valley,5/17/2025,137,0.23, ,0.00, ,585, ,12.0, ,77.7, ,55.7, ,66.3, ,78, ,38, ,54, ,49.4, ,7.0, ,167.2, ,66.8, 
6,Davis,Sacramento Valley,5/18/2025,138,0.31, ,0.00, ,670, ,9.3, ,82.7, ,51.9, ,68.8, ,82, ,21, ,38, ,42.5, ,8.9, ,213.1, ,66.9, 
6,Davis,Sacramento Valley,5/19/2025,139,0.28, ,0.00, ,659, ,12.6, ,87.9, ,53.3, ,72.4, ,73, ,30, ,46, ,50.7, ,6.5, ,156.0, ,67.3, 
6,Davis,Sacramento Valley,5/20/2025,140,0.27, ,0.00, ,696, ,10.0, ,86.4, ,51.0, ,69.8, ,92, ,17, ,40, ,44.4, ,4.9, ,116.7, ,67.0, 
6,Davis,Sacramento Valley,5/21/2025,141,0.28, ,0.00, ,684, ,11.6, ,88.9, ,49.3, ,70.8, ,93, ,27, ,45, ,48.4, ,5.4, ,129.7, ,66.8, 
6,Davis,Sacramento Valley,5/22/2025,142,0.28, ,0.00, ,695, ,10.9, ,83.6, ,50.4, ,67.3, ,80, ,28, ,48, ,46.7, ,7.0, ,168.5, ,65.8, 
6,Davis,Sacramento Valley,5/23/2025,143,0.23, ,0.00, ,682, ,12.0, ,78.2, ,47.1, ,62.4, ,94, ,38, ,63, ,49.5, ,5.0, ,119.6, ,65.3, 
6,Davis,Sacramento Valley,5/24/2025,144,0.25, ,0.00, ,682, ,13.1, ,82.0, ,49.1, ,64.5, ,95, ,40, ,63, ,51.8, ,6.0, ,144.9, ,65.6, 
6,Davis,Sacramento Valley,5/25/2025,145,0.24, ,0.00, ,677, ,12.3, ,80.1, ,49.2, ,62.7, ,94, ,39, ,63, ,50.1, ,6.6, ,159.4, ,64.7, 
6,Davis,Sacramento Valley,5/26/2025,146,0.23, ,0.00, ,687, ,12.7, ,78.9, ,50.8, ,65.1, ,87, ,41, ,60, ,50.9, ,4.8, ,115.4, ,64.7, 
6,Davis,Sacramento Valley,5/27/2025,147,0.25, ,0.00, ,687, ,14.2, ,86.4, ,51.9, ,69.0, ,95, ,37, ,59, ,53.9, ,4.3, ,103.9, ,66.2, 
6,Davis,Sacramento Valley,5/28/2025,148,0.26, ,0.00, ,690, ,13.7, ,83.4, ,51.6, ,66.6, ,92, ,41, ,61, ,52.9, ,6.3, ,151.0, ,66.2, 
6,Davis,Sacramento Valley,5/29/2025,149,0.25, ,0.00, ,684, ,14.2, ,91.4, ,48.6, ,70.0, ,94, ,30, ,57, ,54.0, ,4.6, ,110.7, ,66.2, 
6,Davis,Sacramento Valley,5/30/2025,150,0.27, ,0.00, ,689, ,17.0, ,98.7, ,55.5, ,77.3, ,95, ,29, ,53, ,58.8, ,4.1, ,98.8, ,68.0, 
6,Davis,Sacramento Valley,5/31/2025,151,0.28, ,0.00, ,671, ,17.2, ,99.4, ,61.7, ,79.9, ,73, ,25, ,49, ,59.2, ,4.4, ,104.8, ,69.9, 
6,Davis,Sacramento Valley,6/1/2025,152,0.26, ,0.00, ,696, ,14.6, ,83.7, ,54.2, ,68.6, ,87, ,45, ,61, ,54.7, ,5.9, ,140.6, ,68.7, 
6,Davis,Sacramento Valley,6/2/2025,153,0.26, ,0.00, ,690, ,13.8, ,87.4, ,51.4, ,68.4, ,93, ,34, ,58, ,53.2, ,4.8, ,114.3, ,67.8, 
6,Davis,Sacramento Valley,6/3/2025,154,0.25, ,0.00, ,689, ,15.0, ,87.8, ,53.4, ,70.4, ,88, ,36, ,59, ,55.4, ,4.7, ,112.3, ,68.0, 
6,Davis,Sacramento Valley,6/4/2025,155,0.27, ,0.00, ,685, ,14.5, ,90.6, ,54.6, ,72.0, ,89, ,31, ,54, ,54.4, ,5.3, ,126.5, ,68.4, 
6,Davis,Sacramento Valley,6/5/2025,156,0.25, ,0.00, ,688, ,15.1, ,84.4, ,53.5, ,67.9, ,94, ,44, ,65, ,55.6, ,5.1, ,122.4, ,67.7, 
6,Davis,Sacramento Valley,6/6/2025,157,0.25, ,0.00, ,912,R,17.0, ,88.3, ,59.6, ,77.1, ,96, ,40, ,54, ,59.0, ,5.0, ,120.3, ,68.4, 
6,Davis,Sacramento Valley,6/7/2025,158,0.26, ,0.00, ,684, ,16.6, ,89.9, ,53.9, ,71.3, ,94, ,44, ,63, ,58.2, ,4.6, ,109.7, ,68.5, 
6,Davis,Sacramento Valley,6/8/2025,159,0.23, ,0.00, ,655, ,15.9, ,87.2, ,53.8, ,69.5, ,92, ,45, ,64, ,57.0, ,4.7, ,112.8, ,68.5, 
6,Davis,Sacramento Valley,6/9/2025,160,0.26, ,0.00, ,684, ,16.5, ,91.0, ,55.3, ,70.4, ,93, ,46, ,65, ,58.1, ,5.5, ,132.5, ,68.6, 
6,Davis,Sacramento Valley,6/10/2025,161,0.25, ,0.00, ,692, ,15.6, ,85.1, ,55.3, ,68.4, ,93, ,46, ,66, ,56.6, ,5.3, ,126.3, ,68.3, 
6,Davis,Sacramento Valley,6/11/2025,162,0.25, ,0.00, ,717, ,13.1, ,83.4, ,50.1, ,65.4, ,93, ,41, ,61, ,51.7, ,5.4, ,129.2, ,67.3, 
6,Davis,Sacramento Valley,6/12/2025,163,0.25, ,0.00, ,707, ,13.6, ,85.2, ,49.8, ,66.7, ,92, ,41, ,61, ,52.7, ,4.8, ,114.1, ,67.2, 
6,Davis,Sacramento Valley,6/13/2025,164,0.28, ,0.00, ,730, ,12.1, ,87.3, ,49.9, ,67.6, ,86, ,27, ,52, ,49.6, ,6.3, ,151.4, ,66.4, 
6,Davis,Sacramento Valley,6/14/2025,165,0.24, ,0.00, ,673, ,12.8, ,83.9, ,49.0, ,66.4, ,94, ,30, ,58, ,51.1, ,4.5, ,108.6, ,66.3, 
6,Davis,Sacramento Valley,6/15/2025,166,0.26, ,0.00, ,699, ,12.8, ,88.5, ,49.4, ,68.1, ,94, ,25, ,54, ,51.1, ,4.1, ,98.7, ,66.8, 
6,Davis,Sacramento Valley,6/16/2025,167,0.26, ,0.00, ,706, ,13.2, ,85.3, ,51.4, ,68.0, ,92, ,35, ,57, ,52.0, ,4.5, ,107.8, ,66.8, 
6,Davis,Sacramento Valley,6/17/2025,168,0.27, ,0.00, ,711, ,13.3, ,90.3, ,50.9, ,71.2, ,92, ,29, ,51, ,52.1, ,4.3, ,103.9, ,67.2, 
6,Davis,Sacramento Valley,6/18/2025,169,0.28, ,0.00, ,700, ,15.7, ,96.3, ,54.7, ,76.2, ,93, ,30, ,51, ,56.6, ,3.8, ,90.3, ,68.3, 
6,Davis,Sacramento Valley,6/19/2025,170,0.29, ,0.00, ,704, ,13.4, ,87.6, ,54.4, ,69.4, ,90, ,35, ,55, ,52.3, ,7.7, ,185.4, ,67.9, 
6,Davis,Sacramento Valley,6/20/2025,171,0.28, ,0.00, ,702, ,11.1, ,83.0, ,51.0, ,66.7, ,90, ,27, ,50, ,47.4, ,6.7, ,161.4, ,66.5, 
6,Davis,Sacramento Valley,6/21/2025,172,0.32, ,0.00, ,722, ,8.7, ,80.6, ,47.3, ,67.0, ,87, ,18, ,39, ,41.0, ,8.1, ,194.9, ,65.5, 
6,Davis,Sacramento Valley,6/22/2025,173,0.30, ,0.00, ,698, ,10.3, ,82.5, ,54.8, ,70.3, ,68, ,29, ,41, ,45.4, ,7.3, ,175.1, ,66.0, 
6,Davis,Sacramento Valley,6/23/2025,174,0.29, ,0.00, ,692, ,12.2, ,91.8, ,51.4, ,72.5, ,88, ,21, ,45, ,49.9, ,5.1, ,122.7, ,66.3, 
6,Davis,Sacramento Valley,6/24/2025,175,0.26, ,0.00, ,708, ,13.9, ,85.2, ,52.4, ,66.9, ,95, ,35, ,62, ,53.4, ,5.7, ,136.2, ,66.3, 
6,Davis,Sacramento Valley,6/25/2025,176,0.26, ,0.00, ,712, ,14.5, ,88.8, ,50.7, ,68.1, ,95, ,33, ,62, ,54.5, ,4.2, ,100.7, ,66.5, 
6,Davis,Sacramento Valley,6/26/2025,177,0.26, ,0.00, ,702, ,14.8, ,89.6, ,52.9, ,70.3, ,95, ,31, ,59, ,55.1, ,4.3, ,103.6, ,67.3, 
6,Davis,Sacramento Valley,6/27/2025,178,0.27, ,0.00, ,690, ,16.3, ,94.6, ,55.7, ,76.2, ,95, ,31, ,53, ,57.8, ,3.7, ,88.1, ,68.5, 
6,Davis,Sacramento Valley,6/28/2025,179,0.29, ,0.00, ,690, ,17.2, ,96.4, ,59.5, ,78.7, ,91, ,29, ,51, ,59.2, ,4.4, ,106.4, ,69.6, 
6,Davis,Sacramento Valley,6/29/2025,180,0.29, ,0.00, ,688, ,16.4, ,95.4, ,58.1, ,76.3, ,95, ,33, ,53, ,57.9, ,4.5, ,109.0, ,70.1, 
6,Davis,Sacramento Valley,6/30/2025,181,0.28, ,0.00, ,687, ,16.1, ,93.6, ,57.5, ,74.7, ,94, ,32, ,55, ,57.4, ,5.1, ,121.6, ,70.0, 
6,Davis,Sacramento Valley,7/1/2025,182,0.29, ,0.00, ,693, ,16.5, ,96.4, ,56.4, ,75.4, ,94, ,25, ,55, ,58.0, ,5.5, ,132.5, ,70.0, 
6,Davis,Sacramento Valley,7/2/2025,183,0.28, ,0.00, ,686, ,17.3, ,96.4, ,57.9, ,75.1, ,91, ,36, ,58, ,59.4, ,5.0, ,119.2, ,70.4, 
6,Davis,Sacramento Valley,7/3/2025,184,0.26, ,0.00, ,654, ,14.8, ,89.5, ,54.4, ,70.2, ,95, ,35, ,59, ,55.1, ,6.1, ,145.2, ,69.7, 
6,Davis,Sacramento Valley,7/4/2025,185,0.29, ,0.00, ,708, ,12.4, ,85.3, ,53.7, ,68.3, ,85, ,32, ,53, ,50.3, ,7.1, ,170.8, ,68.5, 
6,Davis,Sacramento Valley,7/5/2025,186,0.25, ,0.00, ,711, ,13.3, ,86.5, ,48.9, ,67.8, ,94, ,27, ,57, ,52.2, ,4.2, ,100.8, ,67.9, 
6,Davis,Sacramento Valley,7/6/2025,187,0.27, ,0.00, ,709, ,13.8, ,92.3, ,51.8, ,72.4, ,96, ,23, ,51, ,53.1, ,3.8, ,90.8, ,68.4, 
6,Davis,Sacramento Valley,7/7/2025,188,0.28, ,0.00, ,699, ,14.4, ,91.1, ,53.1, ,71.3, ,98, ,26, ,55, ,54.3, ,5.3, ,127.8, ,68.7, 
6,Davis,Sacramento Valley,7/8/2025,189,0.29, ,0.00, ,703, ,13.2, ,88.3, ,53.6, ,70.4, ,88, ,27, ,52, ,52.0, ,6.8, ,162.8, ,67.9, 
6,Davis,Sacramento Valley,7/9/2025,190,0.25, ,0.00, ,703, ,15.0, ,90.5, ,53.5, ,71.3, ,93, ,30, ,57, ,55.4, ,4.3, ,102.5, ,68.1, 
6,Davis,Sacramento Valley,7/10/2025,191,0.28, ,0.00, ,676, ,17.1, ,97.3, ,55.8, ,78.4, ,94, ,29, ,51, ,59.1, ,3.7, ,87.8, ,69.1, 
6,Davis,Sacramento Valley,7/11/2025,192,0.28, ,0.00, ,663, ,17.9, ,99.5, ,58.4, ,79.2, ,95, ,27, ,53, ,60.4, ,4.1, ,97.3, ,70.5, 
6,Davis,Sacramento Valley,7/12/2025,193,0.27, ,0.00, ,666, ,17.5, ,95.7, ,58.5, ,75.8, ,94, ,36, ,58, ,59.8, ,4.8, ,114.4, ,71.0, 
6,Davis,Sacramento Valley,7/13/2025,194,0.27, ,0.00, ,683, ,16.5, ,93.2, ,55.9, ,74.0, ,93, ,39, ,58, ,58.1, ,4.4, ,105.5, ,70.9, 
6,Davis,Sacramento Valley,7/14/2025,195,0.28, ,0.00, ,690, ,15.8, ,98.1, ,54.4, ,74.2, ,95, ,30, ,55, ,56.9, ,4.4, ,105.2, ,70.8, 
6,Davis,Sacramento Valley,7/15/2025,196,0.27, ,0.00, ,684, ,15.6, ,85.8, ,55.3, ,69.9, ,94, ,43, ,62, ,56.4, ,6.0, ,144.4, ,70.3, 
6,Davis,Sacramento Valley,7/16/2025,197,0.26, ,0.00, ,676, ,15.3, ,82.5, ,55.8, ,68.6, ,93, ,46, ,64, ,56.0, ,7.0, ,167.3, ,69.3, 
6,Davis,Sacramento Valley,7/17/2025,198,0.25, ,0.00, ,687, ,14.8, ,88.8, ,52.6, ,69.3, ,94, ,24, ,60, ,55.0, ,5.6, ,134.4, ,68.8, 
6,Davis,Sacramento Valley,7/18/2025,199,0.26, ,0.00, ,687, ,15.2, ,90.6, ,53.5, ,70.8, ,93, ,32, ,59, ,55.8, ,4.8, ,114.5, ,69.0, 
6,Davis,Sacramento Valley,7/19/2025,200,0.25, ,0.00, ,694, ,15.7, ,91.0, ,53.5, ,70.0, ,97, ,33, ,63, ,56.7, ,4.6, ,110.5, ,69.2, 
6,Davis,Sacramento Valley,7/20/2025,201,0.24, ,0.00, ,685, ,15.8, ,86.2, ,52.5, ,68.3, ,97, ,44, ,67, ,56.9, ,5.4, ,129.5, ,68.9, 
6,Davis,Sacramento Valley,7/21/2025,202,0.26, ,0.00, ,670, ,15.0, ,83.0, ,57.7, ,68.4, ,84, ,46, ,63, ,55.5, ,9.0,Y,215.5,Y,68.6, 
6,Davis,Sacramento Valley,7/22/2025,203,0.24, ,0.00, ,676, ,15.1, ,79.4, ,56.6, ,66.9, ,91, ,47, ,67, ,55.6, ,7.1, ,169.3, ,68.3, 
6,Davis,Sacramento Valley,7/23/2025,204,0.24, ,0.00, ,662, ,14.8, ,83.1, ,53.6, ,67.0, ,93, ,43, ,66, ,55.1, ,6.4, ,153.9, ,68.1, 
6,Davis,Sacramento Valley,7/24/2025,205,0.25, ,0.00, ,654, ,15.2, ,85.8, ,52.8, ,69.1, ,89, ,42, ,63, ,55.7, ,5.7, ,136.0, ,68.8, 
6,Davis,Sacramento Valley,7/25/2025,206,0.24, ,0.00, ,637, ,15.4, ,85.3, ,56.6, ,68.5, ,85, ,44, ,65, ,56.2, ,6.9, ,165.8, ,69.3, 
6,Davis,Sacramento Valley,7/26/2025,207,0.23, ,0.00, ,645, ,15.5, ,82.4, ,55.4, ,67.0, ,95, ,48, ,69, ,56.3, ,5.7, ,136.0, ,68.5, 
6,Davis,Sacramento Valley,7/27/2025,208,0.23, ,0.00, ,647, ,16.1, ,83.2, ,54.3, ,67.9, ,94, ,49, ,69, ,57.4, ,5.1, ,122.0, ,68.7, 
6,Davis,Sacramento Valley,7/28/2025,209,0.24, ,0.00, ,653, ,16.4, ,91.0, ,55.1, ,72.4, ,94, ,36, ,60, ,58.0, ,4.1, ,99.3, ,69.3, 
6,Davis,Sacramento Valley,7/29/2025,210,0.26, ,0.00, ,650, ,16.0, ,94.3, ,56.2, ,73.9, ,96, ,31, ,56, ,57.2, ,4.5, ,109.0, ,69.9, 
6,Davis,Sacramento Valley,7/30/2025,211,0.24, ,0.00, ,653, ,16.0, ,86.2, ,55.4, ,69.2, ,95, ,39, ,66, ,57.2, ,5.0, ,120.9, ,69.4, 
6,Davis,Sacramento Valley,7/31/2025,212,0.24, ,0.00, ,655, ,16.6, ,93.0, ,54.6, ,71.8, ,96, ,31, ,62, ,58.2, ,3.9, ,94.2, ,69.4, 
6,Davis,Sacramento Valley,8/1/2025,213,0.24, ,0.00, ,659, ,16.8, ,91.1, ,54.3, ,71.2, ,96, ,38, ,64, ,58.6, ,4.1, ,99.4, ,69.7, 
6,Davis,Sacramento Valley,8/2/2025,214,0.24, ,0.00, ,657, ,16.9, ,91.3, ,54.8, ,71.7, ,96, ,38, ,64, ,58.8, ,3.9, ,93.6, ,69.8, 
6,Davis,Sacramento Valley,8/3/2025,215,0.25, ,0.00, ,653, ,15.8, ,88.5, ,56.2, ,71.4, ,94, ,38, ,60, ,56.8, ,5.1, ,121.8, ,69.8, 
6,Davis,Sacramento Valley,8/4/2025,216,0.24, ,0.00, ,647, ,14.0, ,88.8, ,52.3, ,70.4, ,92, ,31, ,55, ,53.5, ,4.5, ,108.0, ,69.6, 
6,Davis,Sacramento Valley,8/5/2025,217,0.23, ,0.00, ,644, ,14.8, ,88.3, ,53.0, ,70.6, ,96, ,35, ,58, ,55.0, ,3.9, ,94.2, ,69.2, 
6,Davis,Sacramento Valley,8/6/2025,218,0.23, ,0.00, ,605, ,15.5, ,95.4, ,55.6, ,75.7, ,93, ,26, ,51, ,56.4, ,3.7, ,89.4, ,69.6, 
6,Davis,Sacramento Valley,8/7/2025,219,0.24, ,0.00, ,615, ,17.1, ,94.7, ,58.7, ,77.2, ,93, ,28, ,54, ,59.0, ,3.6, ,86.8, ,70.5, 
6,Davis,Sacramento Valley,8/8/2025,220,0.26, ,0.00, ,623, ,16.0, ,100.5, ,57.7, ,80.7, ,94, ,22, ,45, ,57.1, ,3.6, ,87.5, ,70.8, 
6,Davis,Sacramento Valley,8/9/2025,221,0.26, ,0.00, ,615, ,17.7, ,100.9, ,60.5, ,80.7, ,92, ,26, ,49, ,60.0, ,3.7, ,89.5, ,71.7, 
6,Davis,Sacramento Valley,8/10/2025,222,0.25, ,0.00, ,615, ,17.2, ,98.2, ,57.6, ,77.9, ,93, ,28, ,53, ,59.2, ,3.8, ,90.7, ,71.7, 
6,Davis,Sacramento Valley,8/11/2025,223,0.23, ,0.00, ,596, ,16.9, ,93.6, ,57.5, ,74.1, ,94, ,37, ,59, ,58.7, ,4.4, ,105.1, ,71.4, 
6,Davis,Sacramento Valley,8/12/2025,224,0.23, ,0.00, ,599, ,16.8, ,91.8, ,57.0, ,72.3, ,86, ,40, ,62, ,58.6, ,4.6, ,110.4, ,71.7, 
6,Davis,Sacramento Valley,8/13/2025,225,0.23, ,0.00, ,623, ,17.1, ,87.0, ,56.1, ,70.2, ,95, ,46, ,68, ,59.1, ,5.2, ,125.1, ,70.6, 
6,Davis,Sacramento Valley,8/14/2025,226,0.20, ,0.00, ,574, ,17.0, ,89.7, ,54.8, ,70.1, ,96, ,41, ,68, ,58.8, ,4.4, ,104.5, ,70.0, 
6,Davis,Sacramento Valley,8/15/2025,227,0.25, ,0.00, ,602, ,16.9, ,94.8, ,57.7, ,75.0, ,94, ,30, ,57, ,58.7, ,5.5, ,130.9, ,70.5, 
6,Davis,Sacramento Valley,8/16/2025,228,0.22, ,0.00, ,594, ,18.3,Y,86.6, ,60.5, ,72.6, ,93, ,49, ,67,Y,61.0,Y,6.0, ,145.0, ,70.3, 
6,Davis,Sacramento Valley,8/17/2025,229,0.24, ,0.00, ,608, ,14.9, ,83.9, ,57.7, ,69.5, ,91, ,38, ,60, ,55.3, ,7.1, ,170.9, ,70.0, 
6,Davis,Sacramento Valley,8/18/2025,230,0.22, ,0.00, ,621, ,13.3, ,87.2, ,51.6, ,68.8, ,94, ,27, ,55, ,52.2, ,4.4, ,106.0, ,68.9, 
6,Davis,Sacramento Valley,8/19/2025,231,0.23, ,0.00, ,614, ,13.4, ,91.1, ,50.3, ,71.1, ,93, ,22, ,51, ,52.3, ,3.8, ,90.6, ,69.4, 
6,Davis,Sacramento Valley,8/20/2025,232,0.24, ,0.00, ,601, ,15.2, ,97.6, ,54.1, ,76.4, ,93, ,26, ,49, ,55.9, ,3.6, ,85.7, ,69.8, 
6,Davis,Sacramento Valley,8/21/2025,233,0.25, ,0.00, ,578, ,15.8, ,101.4, ,56.7, ,79.9, ,93, ,24, ,45, ,56.8, ,3.7, ,87.7, ,71.2, 
6,Davis,Sacramento Valley,8/22/2025,234,0.23, ,0.00, ,420, ,15.3, ,100.1, ,70.2,R,87.3,Y,94, ,21, ,35,Y,55.9,Y,4.1, ,97.6, ,75.5, 
6,Davis,Sacramento Valley,8/23/2025,235,0.25, ,0.00, ,569, ,15.9, ,99.2, ,59.4, ,78.1, ,94, ,22, ,48, ,57.0, ,4.6, ,109.3, ,73.6, 
6,Davis,Sacramento Valley,8/24/2025,236,0.23, ,0.00, ,553, ,16.2, ,96.2, ,57.9, ,75.4, ,94, ,28, ,54, ,57.5, ,4.3, ,103.6, ,72.8, 
6,Davis,Sacramento Valley,8/25/2025,237,0.23, ,0.00, ,560, ,17.2, ,97.2, ,58.3, ,76.9, ,93, ,31, ,55, ,59.2, ,4.0, ,96.9, ,73.1, 
6,Davis,Sacramento Valley,8/26/2025,238,0.25, ,0.00, ,546, ,15.3, ,94.6, ,60.1, ,76.6, ,89, ,22, ,49, ,56.0, ,5.5, ,132.7, ,72.7, 
6,Davis,Sacramento Valley,8/27/2025,239,0.24, ,0.00, ,570, ,14.5, ,92.0, ,58.9, ,74.9, ,87, ,21, ,49, ,54.5, ,4.9, ,118.0, ,72.1, 
6,Davis,Sacramento Valley,8/28/2025,240,0.22, ,0.00, ,578, ,13.8, ,93.6, ,55.5, ,74.3, ,93, ,24, ,48, ,53.1, ,3.5, ,83.2, ,71.7, 
6,Davis,Sacramento Valley,8/29/2025,241,0.22, ,0.00, ,562, ,15.3, ,93.7, ,54.6, ,74.2, ,92, ,30, ,53, ,56.1, ,3.4, ,80.6, ,72.0, 
6,Davis,Sacramento Valley,8/30/2025,242,0.22, ,0.00, ,556, ,14.4, ,100.0, ,56.4, ,78.9, ,91, ,21, ,43, ,54.3, ,2.8, ,67.3, ,72.6, 
6,Davis,Sacramento Valley,8/31/2025,243,0.26, ,0.00, ,559, ,12.7, ,101.2, ,57.8, ,80.2, ,90, ,14, ,36, ,50.9, ,4.3, ,104.1, ,72.8, 
6,Davis,Sacramento Valley,9/1/2025,244,0.22, ,0.00, ,546, ,15.3, ,102.1, ,57.3, ,80.0, ,95, ,21, ,44, ,56.0, ,2.9, ,70.4, ,73.0, 
6,Davis,Sacramento Valley,9/2/2025,245,0.22, ,0.00, ,472, ,16.3, ,100.4, ,63.3, ,79.0, ,79, ,28, ,48, ,57.7, ,5.3, ,126.2, ,73.5, 
6,Davis,Sacramento Valley,9/3/2025,246,0.21, ,0.00, ,515, ,14.9, ,94.8, ,59.3, ,76.0, ,86, ,19, ,49, ,55.2, ,4.4, ,105.8, ,73.7, 
6,Davis,Sacramento Valley,9/4/2025,247,0.21, ,0.00, ,517, ,15.2, ,88.4, ,57.8, ,70.3, ,84, ,29, ,60, ,55.8, ,6.3, ,150.2, ,73.3, 
6,Davis,Sacramento Valley,9/5/2025,248,0.18, ,0.00, ,511, ,15.9, ,86.2, ,54.3, ,69.2, ,91, ,41, ,65, ,57.1, ,5.1, ,122.4, ,72.6, 
6,Davis,Sacramento Valley,9/6/2025,249,0.20, ,0.00, ,516, ,15.6, ,85.1, ,56.6, ,69.2, ,90, ,37, ,64, ,56.6, ,5.9, ,142.4, ,72.5, 
6,Davis,Sacramento Valley,9/7/2025,250,0.18, ,0.00, ,513, ,15.1, ,86.9, ,53.5, ,69.9, ,90, ,34, ,60, ,55.6, ,4.1, ,98.9, ,72.6, 
6,Davis,Sacramento Valley,9/8/2025,251,0.20, ,0.00, ,498, ,16.8, ,83.9, ,60.0, ,71.3, ,83, ,47, ,64, ,58.6, ,6.7, ,159.6, ,71.9, 
6,Davis,Sacramento Valley,9/9/2025,252,0.13, ,0.00, ,336, ,17.6, ,77.6, ,63.1, ,69.4, ,89, ,55, ,72, ,59.8, ,7.0, ,167.5, ,71.5, 
6,Davis,Sacramento Valley,9/10/2025,253,0.15, ,0.00, ,427, ,16.7, ,79.4, ,57.6, ,67.7, ,92, ,52, ,72, ,58.3, ,5.0, ,119.8, ,71.6, 
6,Davis,Sacramento Valley,9/11/2025,254,0.16, ,0.00, ,469, ,16.5, ,83.6, ,56.6, ,69.4, ,91, ,42, ,67, ,58.0, ,3.4, ,82.6, ,71.6, 
6,Davis,Sacramento Valley,9/12/2025,255,0.18, ,0.00, ,477, ,16.7, ,86.8, ,57.6, ,71.8, ,89, ,41, ,63, ,58.5, ,3.9, ,94.5, ,71.9, 
6,Davis,Sacramento Valley,9/13/2025,256,0.17, ,0.00, ,479, ,16.6, ,86.5, ,59.0, ,70.6, ,88, ,44, ,65, ,58.2, ,4.8, ,114.8, ,72.2, 
6,Davis,Sacramento Valley,9/14/2025,257,0.17, ,0.00, ,489, ,16.1, ,88.1, ,56.8, ,71.0, ,85, ,38, ,62, ,57.5, ,3.9, ,93.1, ,71.8, 
6,Davis,Sacramento Valley,9/15/2025,258,0.20, ,0.00, ,488, ,13.9, ,93.4, ,56.2, ,74.4, ,89, ,23, ,48, ,53.3, ,4.0, ,95.8, ,70.9, 
6,Davis,Sacramento Valley,9/16/2025,259,0.19, ,0.00, ,474, ,14.0, ,96.7, ,58.0, ,76.9, ,75, ,24, ,44, ,53.5, ,3.0, ,72.7, ,70.7, 
6,Davis,Sacramento Valley,9/17/2025,260,0.20, ,0.00, ,470, ,13.7, ,99.1, ,60.2, ,79.7,Y,74, ,20, ,40,Y,52.9,Y,3.6, ,87.5, ,70.8, 
6,Davis,Sacramento Valley,9/18/2025,261,0.16, ,0.00, ,319, ,14.7, ,89.7, ,67.3,Y,75.7, ,60, ,32, ,48, ,54.9, ,5.7, ,135.8, ,70.8, 
6,Davis,Sacramento Valley,9/19/2025,262,0.12, ,0.00, ,306, ,17.9,Y,81.9, ,64.2,Y,71.9, ,80, ,58, ,67,Y,60.4,Y,5.7, ,136.8, ,69.7, 
6,Davis,Sacramento Valley,9/20/2025,263,0.16, ,0.00, ,446, ,17.0, ,88.8, ,60.4, ,73.7, ,87, ,38, ,60, ,58.9, ,3.4, ,82.6, ,71.2, 
6,Davis,Sacramento Valley,9/21/2025,264,0.16, ,0.00, ,441, ,17.1, ,92.9, ,59.3, ,75.0, ,82, ,36, ,57, ,59.0, ,3.3, ,79.4, ,72.0, 
6,Davis,Sacramento Valley,9/22/2025,265,0.20, ,0.00, ,453, ,14.8, ,95.3, ,59.5, ,77.2, ,80, ,25, ,46, ,55.1, ,4.5, ,106.9, ,71.7, 
6,Davis,Sacramento Valley,9/23/2025,266,0.21, ,0.00, ,446, ,13.5, ,100.0, ,61.6, ,79.2,Y,73, ,18, ,40,Y,52.5,Y,4.7, ,113.1, ,71.5, 
6,Davis,Sacramento Valley,9/24/2025,267,0.11, ,0.00, ,181, ,14.6, ,87.6, ,65.1,Y,73.8, ,71, ,22, ,51, ,54.7, ,6.0, ,144.2, ,69.7, 
6,Davis,Sacramento Valley,9/25/2025,268,0.13, ,0.00, ,332, ,17.4, ,89.2, ,60.4, ,73.3, ,83, ,34, ,62, ,59.5, ,4.8, ,115.8, ,70.6, 
6,Davis,Sacramento Valley,9/26/2025,269,0.17, ,0.00, ,482, ,14.9, ,94.8, ,65.1,Y,81.1,Y,88, ,24, ,41,Y,55.2,Y,4.5, ,107.3, ,71.0, 
6,Davis,Sacramento Valley,9/27/2025,270,0.17, ,0.00, ,427, ,15.0, ,86.8, ,61.0, ,70.3, ,76, ,38, ,59, ,55.4, ,7.0, ,167.5, ,68.9, 
6,Davis,Sacramento Valley,9/28/2025,271,0.07, ,0.00, ,167, ,16.0, ,73.1, ,59.7, ,67.5, ,80, ,61, ,70, ,57.3, ,7.4, ,177.1, ,66.6, 
6,Davis,Sacramento Valley,9/29/2025,272,0.08, ,0.00, ,202, ,16.6, ,75.0, ,63.6,Y,67.9, ,83, ,56, ,72, ,58.3, ,6.6, ,158.3, ,67.1, 
6,Davis,Sacramento Valley,9/30/2025,273,0.11, ,0.00, ,281, ,16.1, ,76.6, ,61.3, ,67.7, ,91, ,52, ,69, ,57.4, ,7.0, ,167.6, ,66.7, 
6,Davis,Sacramento Valley,10/1/2025,274,0.11, ,0.00, ,337, ,16.0, ,77.4, ,59.4, ,67.2, ,88, ,52, ,70, ,57.2, ,4.7, ,113.4, ,67.8, 
6,Davis,Sacramento Valley,10/2/2025,275,0.07, ,0.00, ,236, ,17.0,Y,73.5, ,61.3, ,66.4, ,96, ,52, ,77,Y,58.9,Y,4.1, ,98.8, ,68.5, 
6,Davis,Sacramento Valley,10/3/2025,276,0.08, ,0.02,H,402,H,14.8,H,73.7, ,55.5, ,64.5,H,94,H,50,H,72, ,55.1, ,4.4,H,104.7,H,68.1,H
6,Davis,Sacramento Valley,10/4/2025,277,0.16, ,0.00, ,437, ,12.6, ,80.8, ,49.5, ,64.6, ,96, ,33, ,61, ,50.7, ,4.2, ,101.8, ,66.7, 
6,Davis,Sacramento Valley,10/5/2025,278,0.16, ,0.00, ,430, ,12.3, ,81.5, ,52.0, ,66.4, ,86, ,31, ,55, ,49.9, ,4.8, ,115.9, ,66.2, 
6,Davis,Sacramento Valley,10/6/2025,279,0.20, ,0.00, ,410, ,10.2, ,87.1, ,58.7, ,71.5, ,54, ,25, ,39, ,45.1, ,6.5, ,155.5, ,66.3, 
6,Davis,Sacramento Valley,10/7/2025,280,0.19, ,0.00, ,398, ,10.3, ,90.7, ,56.7, ,72.6, ,63, ,22, ,38, ,45.2, ,5.1, ,123.3, ,65.8, 
6,Davis,Sacramento Valley,10/8/2025,281,0.14, ,0.00, ,383, ,13.5, ,80.3, ,52.3, ,65.2, ,84, ,41, ,63, ,52.5, ,5.7, ,135.7, ,65.7, 
6,Davis,Sacramento Valley,10/9/2025,282,0.12, ,0.00, ,362, ,13.8, ,75.1, ,54.9, ,63.6, ,94, ,45, ,69, ,53.1, ,4.7, ,113.7, ,65.3, 
6,Davis,Sacramento Valley,10/10/2025,283,0.14, ,0.00, ,375, ,12.2, ,75.5, ,51.3, ,64.1, ,86, ,40, ,60, ,49.8, ,5.8, ,138.1, ,65.4, 
6,Davis,Sacramento Valley,10/11/2025,284,0.13, ,0.00, ,381, ,10.4, ,74.4, ,48.7, ,61.3, ,86, ,36, ,56, ,45.7, ,3.8, ,91.5, ,65.1, 
6,Davis,Sacramento Valley,10/12/2025,285,0.16, ,0.00, ,378, ,9.6, ,76.5, ,51.5, ,63.7, ,67, ,29, ,48, ,43.6, ,6.5, ,155.9, ,64.7, 
6,Davis,Sacramento Valley,10/13/2025,286,0.07, ,1.20, ,215, ,11.4, ,70.1, ,51.0, ,56.1, ,96, ,48, ,74, ,48.1, ,6.3, ,150.9, ,62.2, 
6,Davis,Sacramento Valley,10/14/2025,287,0.00, ,0.37, ,67, ,13.1, ,55.5,Y,51.6, ,53.3,Y,97, ,88, ,94,Y,51.8,Y,3.6, ,86.7, ,61.7, 
6,Davis,Sacramento Valley,10/15/2025,288,0.06, ,0.06, ,262, ,13.2, ,64.7, ,50.8, ,55.9, ,97, ,66, ,87, ,52.0, ,4.0, ,97.2, ,62.4, 
6,Davis,Sacramento Valley,10/16/2025,289,0.11, ,0.00, ,420,R,13.0, ,70.8, ,46.2, ,57.7, ,97, ,56, ,80, ,51.5, ,3.6, ,87.1, ,62.0, 
6,Davis,Sacramento Valley,10/17/2025,290,0.10, ,0.00, ,403, ,13.7, ,75.1, ,46.9, ,59.6, ,98, ,49, ,79, ,52.9, ,2.3, ,54.3, ,62.9, 
6,Davis,Sacramento Valley,10/18/2025,291,0.11, ,0.00, ,390, ,14.8, ,78.9, ,51.2, ,62.6, ,98, ,47, ,76, ,55.1, ,2.8, ,66.8, ,63.5, 
6,Davis,Sacramento Valley,10/19/2025,292,0.13, ,0.00, ,385, ,14.4, ,81.9, ,52.6, ,65.6, ,95, ,35, ,67, ,54.4, ,4.0, ,96.2, ,64.2, 
6,Davis,Sacramento Valley,10/20/2025,293,0.16, ,0.00, ,383, ,10.8, ,80.5, ,53.2, ,66.0, ,82, ,26, ,49, ,46.5, ,7.3, ,175.1, ,64.2, 
6,Davis,Sacramento Valley,10/21/2025,294,0.12, ,0.00, ,351, ,11.9, ,82.5, ,50.4, ,64.3, ,83, ,31, ,58, ,49.1, ,3.9, ,94.0, ,63.0, 
6,Davis,Sacramento Valley,10/22/2025,295,0.05, ,0.00, ,163, ,14.0, ,70.7, ,53.6, ,62.0, ,91, ,60, ,74, ,53.6, ,4.9, ,118.2, ,62.9, 
6,Davis,Sacramento Valley,10/23/2025,296,0.10, ,0.00, ,354, ,14.1, ,74.9, ,48.8, ,60.7, ,97, ,55, ,78, ,53.7, ,2.9, ,69.1, ,63.2, 
6,Davis,Sacramento Valley,10/24/2025,297,0.08, ,0.00, ,305, ,13.9, ,73.3, ,51.3, ,59.4, ,98, ,51, ,80, ,53.3, ,4.1, ,97.7, ,63.4, 
6,Davis,Sacramento Valley,10/25/2025,298,0.04, ,0.00, ,131, ,15.0, ,67.1, ,56.1, ,60.7, ,90, ,69, ,83, ,55.4, ,6.9, ,165.6, ,62.5, 
6,Davis,Sacramento Valley,10/26/2025,299,0.05, ,0.01, ,153, ,14.4, ,67.6, ,54.2, ,59.7, ,93, ,62, ,82, ,54.4, ,7.3, ,176.2, ,61.7, 
6,Davis,Sacramento Valley,10/27/2025,300,0.13, ,0.00, ,348, ,10.7, ,71.7, ,52.1, ,59.8, ,97, ,36, ,61, ,46.3, ,7.7, ,185.1, ,61.8, 
6,Davis,Sacramento Valley,10/28/2025,301,0.09, ,0.00, ,341, ,10.2, ,76.4, ,43.5, ,57.7, ,85, ,39, ,62, ,45.0, ,2.7, ,65.6, ,61.0, 
6,Davis,Sacramento Valley,10/29/2025,302,0.12, ,0.00, ,336, ,12.5, ,83.0, ,48.4, ,63.1, ,90, ,36, ,63, ,50.5, ,4.0, ,95.0, ,61.0, 
6,Davis,Sacramento Valley,10/30/2025,303,0.09, ,0.00, ,332, ,13.5, ,80.8, ,47.3, ,62.0, ,96, ,41, ,71, ,52.6, ,2.3, ,56.0, ,61.8, 
6,Davis,Sacramento Valley,10/31/2025,304,0.09, ,0.00, ,333, ,13.2, ,83.6, ,46.7, ,62.2, ,96, ,36, ,69, ,52.0, ,2.2, ,53.0, ,62.1, 
6,Davis,Sacramento Valley,11/1/2025,305,0.09, ,0.00, ,326, ,13.5, ,79.9, ,45.9, ,60.5, ,97, ,45, ,75, ,52.5, ,1.8, ,44.0, ,62.1, 
6,Davis,Sacramento Valley,11/2/2025,306,0.10, ,0.00, ,312, ,13.8, ,79.3, ,49.2, ,62.7, ,94, ,45, ,71, ,53.2, ,3.3, ,78.3, ,61.8, 
6,Davis,Sacramento Valley,11/3/2025,307,0.10, ,0.00, ,318, ,12.6, ,75.8, ,52.1, ,61.4, ,93, ,33, ,68, ,50.7, ,4.7, ,112.7, ,62.0, 
6,Davis,Sacramento Valley,11/4/2025,308,0.08, ,0.00, ,263, ,13.8, ,72.9, ,51.9, ,60.8, ,92, ,59, ,76, ,53.2, ,5.2, ,125.6, ,61.8, 
6,Davis,Sacramento Valley,11/5/2025,309,0.01, ,0.67, ,64, ,15.2, ,65.6, ,54.2, ,57.9, ,96, ,85, ,93, ,55.8, ,5.4, ,130.4, ,61.1, 
6,Davis,Sacramento Valley,11/6/2025,310,0.08, ,0.01, ,302, ,14.5, ,71.3, ,50.2, ,59.3, ,99, ,56, ,84, ,54.5, ,2.5, ,60.1, ,62.1, 
6,Davis,Sacramento Valley,11/7/2025,311,0.06, ,0.00, ,232, ,15.3, ,70.0, ,54.9, ,61.3, ,95, ,68, ,83, ,56.0, ,4.6, ,109.6, ,62.6, 
6,Davis,Sacramento Valley,11/8/2025,312,0.08, ,0.00, ,311, ,13.5, ,71.6, ,47.0, ,58.4, ,97, ,57, ,81, ,52.5, ,3.1, ,73.3, ,62.0, 
6,Davis,Sacramento Valley,11/9/2025,313,0.09, ,0.00, ,302, ,14.1, ,78.0, ,49.2, ,61.3, ,94, ,49, ,76, ,53.8, ,3.7, ,87.7, ,61.3, 
6,Davis,Sacramento Valley,11/10/2025,314,0.08, ,0.00, ,270, ,14.6, ,77.4, ,48.9, ,60.9, ,96, ,54, ,80, ,54.8, ,2.6, ,62.1, ,61.3, 
6,Davis,Sacramento Valley,11/11/2025,315,0.05, ,0.00, ,203, ,14.0, ,72.3, ,48.9, ,58.6, ,97, ,59, ,83, ,53.5, ,2.3, ,55.1, ,61.1, 
6,Davis,Sacramento Valley,11/12/2025,316,0.04, ,0.00, ,155, ,14.3, ,67.4, ,50.1, ,59.5, ,97, ,65, ,82, ,54.1, ,3.4, ,82.5, ,60.9, 
6,Davis,Sacramento Valley,11/13/2025,317,0.00, ,1.39, ,43, ,15.7,Y,63.0, ,56.5,Y,59.2, ,97, ,82, ,92,Y,56.7,Y,6.2, ,149.8, ,60.9, 
6,Davis,Sacramento Valley,11/14/2025,318,0.04, ,0.00, ,182, ,14.5, ,63.6, ,52.0, ,57.6, ,97, ,77, ,90, ,54.6, ,4.1, ,97.3, ,61.3, 
6,Davis,Sacramento Valley,11/15/2025,319,0.05, ,0.00, ,160, ,13.7, ,69.5, ,50.7, ,58.6, ,93, ,59, ,81, ,53.0, ,6.7, ,161.3, ,60.7, 
6,Davis,Sacramento Valley,11/16/2025,320,0.05, ,0.38, ,174, ,14.1, ,63.7, ,55.4,Y,57.6, ,94, ,67, ,87, ,53.7, ,8.3, ,200.0, ,60.3, 
6,Davis,Sacramento Valley,11/17/2025,321,0.04, ,0.54, ,160, ,12.9, ,58.6, ,49.5, ,54.1, ,96, ,73, ,90, ,51.3, ,6.7, ,159.6, ,59.5, 
6,Davis,Sacramento Valley,11/18/2025,322,0.06, ,0.00, ,277, ,11.4, ,61.6, ,45.9, ,52.8, ,97, ,68, ,84, ,48.1, ,4.1, ,99.2, ,59.3, 
6,Davis,Sacramento Valley,11/19/2025,323,0.02, ,0.00, ,110, ,12.1, ,58.6, ,48.7, ,53.6, ,94, ,74, ,86, ,49.6, ,3.5, ,84.9, ,59.1, 
6,Davis,Sacramento Valley,11/20/2025,324,0.03, ,0.19, ,147, ,12.4, ,58.4, ,45.5, ,52.7, ,98, ,78, ,91, ,50.3, ,3.1, ,75.4, ,59.3, 
6,Davis,Sacramento Valley,11/21/2025,325,0.07, ,0.00, ,289, ,10.8, ,66.2, ,43.3, ,52.8, ,98, ,61, ,79, ,46.6, ,4.6, ,109.5, ,58.7, 
6,Davis,Sacramento Valley,11/22/2025,326,0.04, ,0.01, ,216, ,10.9, ,60.7, ,40.1, ,48.6, ,99, ,75, ,94, ,46.8, ,2.5, ,60.7, ,58.1, 
6,Davis,Sacramento Valley,11/23/2025,327,0.01, ,0.01, ,104, ,11.1, ,55.1, ,41.3, ,47.9, ,99, ,88, ,97, ,47.2, ,2.4, ,57.3, ,57.7, 
6,Davis,Sacramento Valley,11/24/2025,328,0.02, ,0.01, ,132, ,12.1, ,58.9, ,45.5, ,50.5, ,99, ,81, ,97, ,49.6, ,3.5, ,83.6, ,57.9, 
6,Davis,Sacramento Valley,11/25/2025,329,0.00, ,0.00, ,70, ,11.2, ,54.4, ,39.6, ,48.2, ,99, ,85, ,97, ,47.4, ,2.9, ,68.8, ,57.9, 
6,Davis,Sacramento Valley,11/26/2025,330,0.00, ,0.00, ,54, ,10.3, ,48.5,Y,40.9, ,46.3, ,99, ,92, ,96, ,45.3, ,3.4, ,81.6, ,56.8, 
6,Davis,Sacramento Valley,11/27/2025,331,0.00, ,0.00, ,44, ,9.9, ,47.0,Y,44.0, ,45.5, ,98, ,91, ,96, ,44.3, ,3.1, ,73.8, ,56.7, 
6,Davis,Sacramento Valley,11/28/2025,332,0.00, ,0.00, ,54, ,9.2, ,46.2,Y,42.9, ,44.0, ,97, ,91, ,94, ,42.5, ,3.9, ,93.7, ,56.1, 
6,Davis,Sacramento Valley,11/29/2025,333,0.00, ,0.00, ,41, ,9.3, ,46.2,Y,43.2, ,44.3, ,96, ,91, ,94, ,42.6, ,3.4, ,81.1, ,55.6, 
6,Davis,Sacramento Valley,11/30/2025,334,0.00, ,0.00, ,54, ,9.0, ,45.1,Y,41.7, ,43.5, ,98, ,90, ,94, ,41.8, ,3.9, ,93.0, ,55.3, 
6,Davis,Sacramento Valley,12/1/2025,335,0.03, ,0.00,H,146,H,8.9,H,52.6, ,37.8, ,44.7,H,98,H,74,H,89, ,41.5, ,2.8,H,66.5,H,55.0,H
6,Davis,Sacramento Valley,12/2/2025,336,0.05, ,0.00, ,253, ,9.6, ,55.5, ,35.9, ,45.4, ,100, ,76, ,93, ,43.4, ,3.5, ,84.8, ,54.2, 
6,Davis,Sacramento Valley,12/3/2025,337,0.10, ,0.00, ,213, ,8.1, ,63.1, ,40.7, ,52.0, ,97, ,39, ,61, ,39.1, ,9.7, ,233.2, ,54.7, 
6,Davis,Sacramento Valley,12/4/2025,338,0.02, ,0.00, ,114, ,8.8, ,49.6, ,36.9, ,42.9, ,99, ,82, ,94, ,41.1, ,2.7, ,65.2, ,53.6, 
6,Davis,Sacramento Valley,12/5/2025,339,0.00, ,0.00, ,57, ,8.8, ,45.5,Y,39.6, ,42.3, ,100, ,91, ,96, ,41.3, ,3.2, ,77.8, ,53.2, 
6,Davis,Sacramento Valley,12/6/2025,340,0.00, ,0.00, ,37, ,9.2, ,45.0,Y,41.7, ,43.1, ,98, ,94, ,97, ,42.3, ,3.9, ,94.1, ,53.2, 
6,Davis,Sacramento Valley,12/7/2025,341,0.00, ,0.00, ,38, ,9.3,H,45.0,Y,42.3, ,43.3, ,98,H,94,H,97, ,42.5, ,2.9, ,70.2, ,53.1, 
6,Davis,Sacramento Valley,12/8/2025,342,0.00, ,0.00, ,58, ,9.2, ,45.6,Y,41.5, ,43.2, ,99, ,92, ,97, ,42.3, ,2.9, ,70.6, ,53.1, 
6,Davis,Sacramento Valley,12/9/2025,343,0.00, ,0.00, ,55, ,9.2, ,45.0,Y,40.4, ,42.9, ,99, ,95, ,98, ,42.3, ,3.0, ,72.7, ,53.0, 
6,Davis,Sacramento Valley,12/10/2025,344,0.00, ,0.00, ,54, ,9.5, ,46.1, ,42.6, ,44.0, ,100, ,94, ,97, ,43.3, ,2.5, ,59.8, ,53.0, 
6,Davis,Sacramento Valley,12/11/2025,345,0.00, ,0.00, ,59, ,9.4, ,46.2, ,42.1, ,43.5, ,99, ,94, ,97, ,42.8, ,3.0, ,72.7, ,53.1, 
6,Davis,Sacramento Valley,12/12/2025,346,0.00, ,0.00, ,54, ,8.9, ,43.5,Y,40.6, ,42.1, ,99, ,96, ,98, ,41.6, ,2.9, ,69.5, ,52.9, 
6,Davis,Sacramento Valley,12/13/2025,347,0.00, ,0.00, ,60, ,8.6, ,42.9,Y,38.4, ,40.7, ,100, ,99, ,100, ,40.7, ,3.1, ,73.3, ,52.5, 
6,Davis,Sacramento Valley,12/14/2025,348,0.00, ,0.00, ,66, ,8.5, ,43.6, ,38.4, ,40.5, ,100, ,98, ,100, ,40.5, ,3.0, ,71.9, ,52.2, 
6,Davis,Sacramento Valley,12/15/2025,349,0.00, ,0.00, ,59, ,8.9, ,44.4, ,39.5, ,41.9, ,100, ,96, ,99, ,41.6, ,2.7, ,63.8, ,51.9, 
6,Davis,Sacramento Valley,12/16/2025,350,0.01, ,0.00, ,90, ,9.6, ,49.3, ,41.0, ,44.6, ,100, ,87, ,96, ,43.4, ,4.2, ,101.6, ,51.9, 
6,Davis,Sacramento Valley,12/17/2025,351,0.03, ,0.00, ,152, ,12.3, ,66.5, ,45.3, ,51.7, ,99, ,80, ,94, ,50.1, ,8.6, ,206.8, ,52.3, 
6,Davis,Sacramento Valley,12/18/2025,352,0.02, ,0.00, ,89, ,12.7, ,57.8, ,50.5, ,53.3, ,98, ,80, ,91, ,50.9, ,4.7, ,112.9, ,53.9, 
6,Davis,Sacramento Valley,12/19/2025,353,0.01, ,0.12, ,61, ,13.5, ,57.7, ,51.1, ,53.5, ,99, ,89, ,97, ,52.5, ,7.3, ,174.3, ,54.1, 
6,Davis,Sacramento Valley,12/20/2025,354,0.00, ,0.06, ,53, ,13.7,Y,56.2, ,52.8,Y,54.7, ,98, ,90, ,93,Y,52.9,Y,5.5, ,131.7, ,54.8, 
6,Davis,Sacramento Valley,12/21/2025,355,0.02, ,0.29, ,74, ,15.7,Y,62.9, ,55.5,Y,58.7,Y,99, ,80, ,93,Y,56.7,Y,9.6, ,229.7, ,56.3,Y
6,Davis,Sacramento Valley,12/22/2025,356,0.00, ,0.17, ,45, ,15.2,Y,60.0, ,55.0,Y,56.8,Y,98, ,91, ,97,Y,55.8,Y,4.0, ,95.0, ,56.9,Y
6,Davis,Sacramento Valley,12/23/2025,357,0.01, ,0.01, ,115, ,15.0,Y,62.7, ,53.2,Y,57.7,Y,100, ,76, ,92,Y,55.5,Y,5.3, ,127.9, ,56.8,Y
6,Davis,Sacramento Valley,12/24/2025,358,0.03, ,0.59, ,120, ,14.0,Y,63.2, ,54.9,Y,57.9,Y,97, ,73, ,86,Y,53.6,Y,8.9, ,214.5, ,56.9,Y
6,Davis,Sacramento Valley,12/25/2025,359,0.04, ,1.53, ,143, ,12.5, ,60.7, ,51.0, ,54.8, ,95, ,75, ,85, ,50.4, ,11.2, ,268.1, ,55.4,Y
6,Davis,Sacramento Valley,12/26/2025,360,0.05, ,0.11, ,155, ,10.9, ,59.6, ,43.5, ,51.5, ,97, ,68, ,84, ,46.9, ,7.7, ,185.5, ,54.3, 
6,Davis,Sacramento Valley,12/27/2025,361,0.02, ,0.00, ,113, ,9.5, ,52.7, ,38.1, ,45.6, ,100, ,76, ,92, ,43.3, ,5.4, ,129.9, ,53.1, 
6,Davis,Sacramento Valley,12/28/2025,362,0.05, ,0.00, ,251, ,8.2, ,53.8, ,37.7, ,45.0, ,99, ,61, ,80, ,39.3, ,4.0, ,95.5, ,52.1, 
6,Davis,Sacramento Valley,12/29/2025,363,0.04, ,0.00, ,257, ,8.0, ,49.6, ,34.3, ,41.8, ,100, ,71, ,89, ,38.7, ,3.6, ,85.9, ,51.1, 
6,Davis,Sacramento Valley,12/30/2025,364,0.00, ,0.01, ,46, ,8.9, ,44.2, ,37.5, ,41.4, ,100, ,100, ,100, ,41.4, ,4.5, ,107.3, ,50.8, 
6,Davis,Sacramento Valley,12/31/2025,365,0.00, ,0.27, ,48, ,10.0, ,47.6, ,40.0, ,44.5, ,100, ,99, ,100, ,44.5, ,4.0, ,95.1, ,51.1, 
6,Davis,Sacramento Valley,1/1/2026,001,0.01, ,0.58, ,75, ,12.5, ,58.5, ,46.4, ,51.0, ,100, ,91, ,98, ,50.6, ,4.0, ,95.0, ,51.8, 
6,Davis,Sacramento Valley,1/2/2026,002,0.03, ,0.27, ,139, ,13.5,Y,59.7, ,51.1, ,55.6, ,99, ,75, ,89,Y,52.5,Y,5.2, ,124.7, ,53.4, 
6,Davis,Sacramento Valley,1/3/2026,003,0.04, ,0.49, ,151, ,13.3, ,63.4, ,51.1, ,55.9, ,97, ,65, ,87, ,52.1, ,8.7, ,208.4, ,54.3, 
6,Davis,Sacramento Valley,1/4/2026,004,0.00, ,0.51, ,49, ,12.5, ,54.1, ,47.6, ,51.7, ,98, ,88, ,96, ,50.5, ,6.9, ,164.9, ,53.9, 
6,Davis,Sacramento Valley,1/5/2026,005,0.00, ,0.85, ,46, ,12.4, ,53.2, ,47.6, ,51.5, ,99, ,90, ,96, ,50.2, ,5.1, ,121.7, ,53.2, 
6,Davis,Sacramento Valley,1/6/2026,006,0.04, ,0.00, ,198, ,12.2, ,60.7, ,46.1, ,52.5, ,100, ,71, ,91, ,49.8, ,4.5, ,107.6, ,53.8, 
6,Davis,Sacramento Valley,1/7/2026,007,0.06, ,0.00, ,245, ,11.0, ,61.5, ,46.7, ,52.6, ,99, ,66, ,81, ,47.0, ,5.4, ,128.5, ,53.9, 
6,Davis,Sacramento Valley,1/8/2026,008,0.09, ,0.00, ,274,R,6.9, ,55.2, ,38.9, ,48.1, ,78, ,43, ,60, ,35.0, ,9.5, ,228.7, ,52.7, 
6,Davis,Sacramento Valley,1/9/2026,009,0.06, ,0.00, ,273, ,6.9, ,55.0, ,36.5, ,45.7, ,93, ,51, ,66, ,35.1, ,6.5, ,156.5, ,51.7, 
6,Davis,Sacramento Valley,1/10/2026,010,0.05, ,0.00, ,262, ,7.8, ,56.9, ,32.9, ,43.0, ,96, ,58, ,83, ,38.2, ,3.1, ,74.6, ,50.3, 
6,Davis,Sacramento Valley,1/11/2026,011,0.06, ,0.00, ,251, ,7.7, ,57.5, ,34.1, ,44.0, ,95, ,53, ,79, ,37.9, ,3.0, ,71.5, ,49.8, 
6,Davis,Sacramento Valley,1/12/2026,012,0.05, ,0.00, ,274, ,8.3, ,59.7, ,32.6, ,43.8, ,99, ,59, ,86, ,39.8, ,3.0, ,71.9, ,49.4, 
6,Davis,Sacramento Valley,1/13/2026,013,0.06, ,0.00, ,281, ,9.0, ,63.8, ,33.1, ,45.6, ,99, ,58, ,87, ,41.9, ,2.2, ,53.4, ,49.3, 
6,Davis,Sacramento Valley,1/14/2026,014,0.05, ,0.00, ,255, ,9.7, ,60.8, ,35.1, ,45.9, ,100, ,70, ,92, ,43.7, ,2.2, ,53.3, ,49.7, 
6,Davis,Sacramento Valley,1/15/2026,015,0.06, ,0.00, ,264, ,10.1, ,66.2, ,37.8, ,49.0, ,100, ,54, ,85, ,44.7, ,3.3, ,79.6, ,50.0, 
6,Davis,Sacramento Valley,1/16/2026,016,0.05, ,0.01, ,245, ,10.4, ,62.1, ,36.3, ,47.0, ,100, ,71, ,95, ,45.6, ,2.5, ,59.3, ,50.4, 
6,Davis,Sacramento Valley,1/17/2026,017,0.04, ,0.01, ,200, ,10.1, ,59.5, ,38.5, ,45.2, ,100, ,85, ,99, ,44.8, ,2.5, ,59.0, ,50.8, 
6,Davis,Sacramento Valley,1/18/2026,018,0.05, ,0.01, ,248, ,10.6, ,63.3, ,39.4, ,48.4, ,100, ,64, ,92, ,46.2, ,2.9, ,68.8, ,51.3, 
6,Davis,Sacramento Valley,1/19/2026,019,0.03, ,0.01, ,189, ,9.2, ,52.2, ,36.9, ,42.7, ,100, ,85, ,99, ,42.4, ,3.2, ,77.6, ,50.8, 
6,Davis,Sacramento Valley,1/20/2026,020,0.02, ,0.00, ,132, ,10.1, ,52.4, ,41.5, ,45.2, ,100, ,86, ,98, ,44.8, ,3.5, ,85.0, ,51.2, 
6,Davis,Sacramento Valley,1/21/2026,021,0.02, ,0.00, ,118, ,10.2, ,51.1, ,42.3, ,45.4, ,100, ,94, ,99, ,45.1, ,3.2, ,77.6, ,51.2, 
6,Davis,Sacramento Valley,1/22/2026,022,0.04, ,0.00, ,207, ,10.7, ,60.6, ,41.5, ,48.3, ,100, ,71, ,93, ,46.3, ,3.7, ,88.6, ,51.3, 
6,Davis,Sacramento Valley,1/23/2026,023,0.01, ,0.00, ,75, ,10.7, ,49.9, ,41.1, ,46.7, ,100, ,94, ,99, ,46.4, ,3.3, ,78.2, ,51.2, 
6,Davis,Sacramento Valley,1/24/2026,024,0.12, ,0.00, ,319,R,7.7, ,63.6, ,40.1, ,51.6, ,97, ,33, ,59, ,37.9, ,9.0, ,216.0, ,51.4, 
6,Davis,Sacramento Valley,1/25/2026,025,0.02, ,0.00, ,144, ,8.4, ,50.0, ,33.9, ,41.8, ,100, ,74, ,93, ,39.9, ,2.6, ,61.4, ,50.2, 
6,Davis,Sacramento Valley,1/26/2026,026,0.06, ,0.00, ,284, ,8.9, ,57.0, ,38.2, ,45.2, ,99, ,62, ,87, ,41.5, ,4.1, ,98.8, ,50.1, 
6,Davis,Sacramento Valley,1/27/2026,027,0.06, ,0.06, ,257, ,9.8, ,58.3, ,36.1, ,47.4, ,97, ,71, ,88, ,43.9, ,3.3, ,80.2, ,50.1, 
6,Davis,Sacramento Valley,1/28/2026,028,0.07, ,0.00, ,269, ,11.8, ,61.0, ,46.4, ,52.6, ,99, ,70, ,87, ,49.0, ,6.2, ,148.9, ,51.4, 
6,Davis,Sacramento Valley,1/29/2026,029,0.07, ,0.00,H,297,H,10.0,H,62.3, ,37.1, ,48.7,H,99,H,58,H,85, ,44.5, ,3.2,H,77.7,H,51.0,H
6,Davis,Sacramento Valley,1/30/2026,030,0.05, ,0.00, ,225, ,10.4, ,60.6, ,37.6, ,47.9, ,100, ,72, ,92, ,45.6, ,3.3, ,78.7, ,50.8, 
6,Davis,Sacramento Valley,1/31/2026,031,0.06, ,0.00, ,281, ,10.2, ,62.2, ,38.1, ,48.3, ,98, ,68, ,89, ,45.1, ,2.9, ,69.9, ,50.7, 
6,Davis,Sacramento Valley,2/1/2026,032,0.07, ,0.00, ,306, ,10.0, ,64.8, ,37.5, ,50.5, ,97, ,58, ,80, ,44.6, ,3.5, ,83.9, ,50.9, 
6,Davis,Sacramento Valley,2/2/2026,033,0.08, ,0.00, ,337,R,9.3, ,68.2, ,36.6, ,51.5, ,95, ,45, ,72, ,42.8, ,3.4, ,82.4, ,50.8, 
6,Davis,Sacramento Valley,2/3/2026,034,0.08, ,0.00, ,317, ,10.4, ,68.1, ,38.9, ,51.1, ,99, ,50, ,81, ,45.5, ,3.8, ,92.3, ,50.8, 
6,Davis,Sacramento Valley,2/4/2026,035,0.07, ,0.00, ,294, ,11.1, ,69.1, ,41.8, ,51.8, ,100, ,53, ,85, ,47.3, ,2.6, ,62.7, ,51.5, 
6,Davis,Sacramento Valley,2/5/2026,036,0.08, ,0.00, ,321, ,10.6, ,71.5, ,39.2, ,53.2, ,97, ,46, ,77, ,46.1, ,3.3, ,79.1, ,51.5, 
6,Davis,Sacramento Valley,2/6/2026,037,0.08, ,0.00, ,301, ,11.2, ,71.6, ,42.4, ,55.4, ,94, ,47, ,75, ,47.5, ,2.7, ,65.2, ,52.5, 
6,Davis,Sacramento Valley,2/7/2026,038,0.06, ,0.00, ,236, ,11.7, ,67.7, ,41.7, ,53.5, ,98, ,62, ,84, ,48.8, ,2.6, ,62.9, ,52.8, 
6,Davis,Sacramento Valley,2/8/2026,039,0.09, ,0.00, ,299, ,12.3, ,71.5, ,41.3, ,56.1, ,99, ,52, ,80, ,50.1, ,5.4, ,129.1, ,53.9, 
6,Davis,Sacramento Valley,2/9/2026,040,0.13, ,0.00, ,227, ,8.4, ,66.0, ,47.3, ,56.6, ,79, ,34, ,53, ,39.9, ,10.4, ,248.8, ,54.3, 
6,Davis,Sacramento Valley,2/10/2026,041,0.01, ,0.12, ,78, ,10.9, ,56.4, ,42.9, ,50.8, ,95, ,64, ,86, ,46.7, ,3.3, ,79.7, ,53.2, 
6,Davis,Sacramento Valley,2/11/2026,042,0.03, ,0.21, ,129, ,13.0, ,62.4, ,49.5, ,54.9, ,95, ,71, ,88, ,51.5, ,6.0, ,144.9, ,54.1, 
6,Davis,Sacramento Valley,2/12/2026,043,0.09, ,0.00, ,348, ,11.4, ,64.6, ,44.4, ,52.8, ,99, ,57, ,84, ,48.0, ,5.0, ,119.6, ,54.0, 
6,Davis,Sacramento Valley,2/13/2026,044,0.09, ,0.00, ,362, ,11.0, ,68.3, ,40.3, ,53.2, ,97, ,50, ,79, ,47.0, ,4.0, ,95.6, ,53.9, 
6,Davis,Sacramento Valley,2/14/2026,045,0.05, ,0.00, ,222, ,11.4, ,59.3, ,44.3, ,52.3, ,96, ,75, ,85, ,48.0, ,4.1, ,99.4, ,54.2, 
6,Davis,Sacramento Valley,2/15/2026,046,0.05, ,0.31, ,181, ,11.4, ,62.2, ,42.4, ,53.1, ,98, ,63, ,83, ,48.0, ,4.5, ,107.2, ,54.0, 
6,Davis,Sacramento Valley,2/16/2026,047,0.00, ,0.87, ,46, ,11.6, ,52.7, ,44.3, ,49.6, ,99, ,78, ,96, ,48.5, ,5.2, ,124.1, ,54.0, 
6,Davis,Sacramento Valley,2/17/2026,048,0.01, ,0.49, ,65, ,8.8, ,49.5, ,41.1, ,45.4, ,96, ,69, ,85, ,41.2, ,8.0, ,192.7, ,51.5, 
6,Davis,Sacramento Valley,2/18/2026,049,0.06, ,0.10, ,249, ,7.9, ,53.7, ,34.0, ,43.4, ,96, ,63, ,83, ,38.5, ,6.6, ,158.8, ,50.2, 
6,Davis,Sacramento Valley,2/19/2026,050,0.08, ,0.51, ,315, ,8.2, ,55.2, ,38.1, ,45.6, ,97, ,48, ,79, ,39.5, ,6.9, ,166.7, ,50.4, 
6,Davis,Sacramento Valley,2/20/2026,051,0.06, ,0.00, ,317, ,7.4, ,53.1, ,31.5, ,41.4, ,98, ,62, ,84, ,36.9, ,2.3, ,54.1, ,49.9, 
6,Davis,Sacramento Valley,2/21/2026,052,0.08, ,0.00, ,375, ,8.2, ,58.3, ,32.6, ,44.9, ,99, ,54, ,81, ,39.5, ,2.7, ,63.8, ,50.0, 
6,Davis,Sacramento Valley,2/22/2026,053,0.10, ,0.00, ,409,R,10.0, ,66.6, ,38.0, ,52.1, ,96, ,52, ,76, ,44.7, ,3.5, ,84.2, ,50.9, 
6,Davis,Sacramento Valley,2/23/2026,054,0.08, ,0.00, ,299, ,12.0, ,66.8, ,45.7, ,56.7, ,98, ,56, ,76, ,49.4, ,2.7, ,65.5, ,52.8, 
6,Davis,Sacramento Valley,2/24/2026,055,0.04, ,0.07, ,144, ,14.9,Y,66.4, ,54.9,Y,59.5, ,98, ,70, ,86,Y,55.3,Y,4.9, ,118.7, ,54.4, 
6,Davis,Sacramento Valley,2/25/2026,056,0.05, ,0.00,H,218, ,16.7,Y,69.4, ,56.9,Y,61.4,Y,98, ,72, ,90,Y,58.4,Y,4.0, ,96.8, ,56.2, 
6,Davis,Sacramento Valley,2/26/2026,057,0.11, ,0.00, ,393, ,15.5,Y,72.1, ,49.0, ,60.9,Y,100, ,63, ,85,Y,56.4,Y,4.4, ,106.7, ,56.7, 
6,Davis,Sacramento Valley,2/27/2026,058,0.12, ,0.00, ,381, ,15.5,Y,76.7,Y,52.1, ,63.6,Y,96, ,53, ,77,Y,56.3,Y,4.2, ,99.6, ,57.5, 
6,Davis,Sacramento Valley,2/28/2026,059,0.08,R,0.00, ,284, ,17.1,R,76.4, ,54.4,Y,64.9,Y,98, ,61, ,,R,,I,2.5, ,60.7, ,58.7,Y
6,Davis,Sacramento Valley,3/1/2026,060,0.09, ,0.00, ,301, ,14.0, ,71.9, ,51.3, ,59.9, ,96, ,57, ,80, ,53.6, ,5.2, ,124.9, ,58.9,Y
6,Davis,Sacramento Valley,3/2/2026,061,0.08, ,0.00, ,320, ,12.0, ,69.0, ,46.4, ,56.8, ,95, ,53, ,76, ,49.4, ,3.3, ,79.7, ,58.1,Y
6,Davis,Sacramento Valley,3/3/2026,062,0.11, ,0.00, ,387, ,12.2, ,72.9, ,43.4, ,56.7, ,98, ,49, ,78, ,49.8, ,3.1, ,75.5, ,57.7, 
6,Davis,Sacramento Valley,3/4/2026,063,0.14, ,0.00, ,386, ,10.1, ,69.8, ,49.0, ,58.2, ,94, ,35, ,61, ,44.9, ,6.5, ,155.6, ,57.8, 
6,Davis,Sacramento Valley,3/5/2026,064,0.18, ,0.00, ,391, ,7.6, ,67.7, ,46.4, ,56.6, ,72, ,32, ,49, ,37.6, ,11.6,Y,279.0,Y,56.7, 
6,Davis,Sacramento Valley,3/6/2026,065,0.20, ,0.00, ,377, ,7.7, ,71.6, ,50.4, ,59.6, ,62, ,27, ,44, ,37.8, ,13.0,Y,313.1,Y,55.8, 
6,Davis,Sacramento Valley,3/7/2026,066,0.18, ,0.00, ,335, ,10.8, ,76.7, ,50.2, ,63.9,Y,69, ,37, ,53,Y,46.6,Y,10.7, ,256.7, ,55.8, 
6,Davis,Sacramento Valley,3/8/2026,067,0.11, ,0.00, ,361, ,12.1, ,76.9, ,46.3, ,60.8, ,89, ,43, ,66, ,49.6, ,2.7, ,64.2, ,57.3, 
6,Davis,Sacramento Valley,3/9/2026,068,0.12, ,0.00, ,362, ,13.2, ,78.2, ,49.2, ,61.7, ,95, ,43, ,70, ,52.0, ,4.2, ,101.0, ,58.4, 
6,Davis,Sacramento Valley,3/10/2026,069,0.12, ,0.00, ,354, ,9.6, ,72.4, ,44.9, ,57.5, ,95, ,24, ,60, ,43.6, ,3.9, ,93.3, ,58.2, 
6,Davis,Sacramento Valley,3/11/2026,070,0.14, ,0.00, ,378, ,8.9, ,76.7, ,45.8, ,59.9, ,80, ,28, ,51, ,41.6, ,4.6, ,109.5, ,57.5, 
6,Davis,Sacramento Valley,3/12/2026,071,0.12, ,0.00, ,381, ,11.7, ,82.1,Y,45.1, ,62.0, ,89, ,34, ,62, ,48.7, ,3.1, ,73.4, ,58.2, 
6,Davis,Sacramento Valley,3/13/2026,072,0.10, ,0.00, ,335, ,12.5, ,78.6, ,45.2, ,61.3, ,89, ,44, ,68, ,50.5, ,2.9, ,70.3, ,59.1, 
6,Davis,Sacramento Valley,3/14/2026,073,0.12, ,0.00, ,383, ,12.7, ,80.1, ,46.7, ,61.8, ,95, ,39, ,68, ,51.0, ,3.6, ,85.2, ,59.3, 
6,Davis,Sacramento Valley,3/15/2026,074,0.21, ,0.00, ,395, ,9.1, ,84.1,Y,56.0,Y,68.4,Y,77, ,17, ,38,Y,42.0,Y,8.2, ,195.7, ,59.1, 
6,Davis,Sacramento Valley,3/16/2026,075,0.15, ,0.00, ,386, ,11.9, ,86.0,Y,52.6, ,68.9,Y,79, ,30, ,50,Y,49.2,Y,4.1, ,99.3, ,59.4, 
6,Davis,Sacramento Valley,3/17/2026,076,0.14, ,0.00, ,393, ,14.8, ,87.5,Y,51.3, ,68.3,Y,92, ,36, ,63,Y,55.1,Y,3.0, ,71.3, ,60.6, 
6,Davis,Sacramento Valley,3/18/2026,077,0.14, ,0.00, ,395, ,17.0,Y,90.8,Y,54.8, ,70.7,Y,90, ,39, ,66,Y,58.9,Y,3.4, ,81.0, ,61.9,Y
6,Davis,Sacramento Valley,3/19/2026,078,0.16,R,0.00, ,400, ,16.9,Y,88.6,Y,57.8,Y,72.2,R,91, ,35, ,,R,,I,5.3, ,126.7, ,62.5,Y
                                                                                                                                                                                                                                                                                                                                                                                                                                                                                                                                                                                                                                                                                                                                                                                                                                                                                                                                                                                                                                                                